Article Title,Source Title,Author Keywords,Abstract,relevance
STRATEGIC MANAGEMENT APPROACHES TO IMPLEMENTING A HEALTH-PROMOTING FOOD LABELING SYSTEM,POLISH JOURNAL OF MANAGEMENT STUDIES,Food Labeling; Strategic Management; Mediterranean Index; Med Index; Cardiovascular Diseases,"This study centers on examining the advantages of incorporating the Mediterranean Diet into food labeling practices, widely recognized for its positive effects on health and longevity among Mediterranean populations. More specifically, it explores the potential of utilizing the Mediterranean Index (Med Index) for this purpose. The Med Index is a strategic tool to guide patrons towards healthier food choices aligned with the Mediterranean Diet, particularly those with cardiovascular concerns. This research conducts a systemic examination of the normative papers of the European Commission and scientific articles sourced from databases including Scopus, WoS and Google Scholar. The objective is to assess the efficacy and potential of the Med Index in fostering improved dietary practices. The primary aim of this labeling approach is to provide customers with knowledge regarding the impact of dietary choices on health. The analysis of the review articles discusses integrating circular economy principles into the Mediterranean diet, citing the BS 8001 standard as a crucial framework. The researchers recommend further research to understand consumer perceptions of the Med Index and its impact on food choices. Collaboration with stakeholders is crucial for successful implementation, and a long-term assessment of the diet's sustainability and environmental impact is needed, while public awareness campaigns and policy recommendations are vital for promoting the Mediterranean diet and the Med Index.",
Analysis of Factors that Influence Workers' Decision to Retire,ZHURNAL NOVAYA EKONOMICHESKAYA ASSOTSIATSIYA-JOURNAL OF THE NEW ECONOMIC ASSOCIATION,pension system; retirees; retirement age; elderly employment,"In recent years the problem of the increased number of pensioners and longer lifespan made motivation of elderly to work longer and retire later a very important objective in Russia. This article presents the results of the analysis of the factors that influence elderly's decision to retiree. For the purpose of this article the retirement was defined as elderly's decision to exit the labour market. It was determined that the most important factors are state of health, pension entitlement, labour income and marital status. Family factors (age difference between spouses, spouse's employment status and children below age of 15) were determined to be important for women only. Analysis showed that measures of stimulating elderly to work longer should be divided into two categories: 1) destimulation of labour market exit (psychological and legislative); 2) creation of conditions for voluntary extension of working life.",
HEXACO Personality Dimensions Do Not Predict Individual Differences in Adolescent Trust Behavior,GAMES,trust behavior; personality; HEXACO dimensions; adolescence,"Adolescence is an important developmental period for both trust behavior and personality maturation, and individual differences in trust decisions may be related to different personality traits. In the current study, a group of adolescents (n = 483, M-age = 13.5, SDage = 0.4) played two counterbalanced conditions of a multi-round trust game. In one condition, the partner displayed trustworthy behavior (the trustworthy condition), while the partner in the other condition played untrustworthy behavior (the untrustworthy condition). Three types of trust behavior were examined: initial trust behavior, the adaptation of trust behavior (trustworthy condition), and the adaptation of trust behavior (untrustworthy condition). Personality was measured using the Brief HEXACO Inventory. We expected the HEXACO personality dimensions of honesty-humility and agreeableness to be positively associated with initial trust behavior, but conscientiousness to be negatively related to initial trust behavior. The examination of the relationship between these dimensions and the adaptation of trust behavior were conducted on an exploratory basis. The investigation of the relationship between the remaining dimensions (emotionality, extraversion, and openness to experience) and the three types of trust behavior were also carried out on an exploratory basis. For each type of trust behavior, a hierarchical multiple regression analysis was undertaken to examine whether the HEXACO personality dimensions were related to trust behavior. Using frequentist analyses, no evidence was found that supported the HEXACO dimensions as significant predictors of the three types of trust behavior. Moreover, additional Bayesian analyses showed evidence that the hypothesized HEXACO dimensions (honesty-humility, agreeableness, and conscientiousness) did not outperform the non-hypothesized HEXACO dimensions (emotionality, extraversion, and openness to experience). The association between personality traits and trust might be less pronounced during adolescence as personality maturates across an individual's lifespan. Additionally, due to a heightened sensitivity to the environment, contextual cues may affect adolescent decision-making processes, leaving less room for personality-driven behaviors.",
Quality of Partner Relations in International Construction Alliances,INTERPARTNER DYNAMICS IN STRATEGIC ALLIANCES,,"Construction companies consider strategic alliances as a vehicle to enter new markets and exploit business opportunities. Through such alliances, they take advantage of the distinctive competencies and the complementary resources of their partners. Such entities are very difficult to manage mainly due to their inherent complexity, involving a mixture of different cultures, managerial systems, philosophies, and attitudes. As a result, partners in strategic alliances in international construction have a hard time figuring how to achieve high levels of quality in interpartner relations. A better understanding is critical in selecting the right partners, in getting along well with partners, and in realizing anticipated synergies. In this chapter, the key factors that affect the quality of interpartner relations in strategic alliances in international construction are explored. In this respect, the issues related to interpartner relations that is, (1) the strategic and organizational fit between partners, (2) the impact of cultural differences in national and organizational approaches, and (3) the structural characteristics of the strategic alliance-are operationalized and investigated. A framework for analyzing the relationship between interpartner relations and these three issues is presented. The research makes use of data collected from a questionnaire survey administered to 28 Turkish contractors that entered into a total of 68 strategic alliances with non-Turkish partners. The data are analyzed by using structural equation modeling. It is expected that the information in the chapter will help professionals during the partner selection process and will result in a successful alliance that operates smoothly.",
An intergenerational cross-country swap,JOURNAL OF RISK FINANCE,National economy; Hedging; Long-term planning; Risk analysis; Demographics,"Purpose - The purpose of this paper is to address the issue of intergenerational and international sharing of longevity and growth risks. Current research on worldwide demographic changes highlights the importance of longevity risk on financial markets and the need to devise optimal hedging vehicles. Design/methodology/approach - The paper presents a potential financial innovation between two countries at different stages of economic development and with different long-term challenges. This 30-year-long swap is structured in such a way to capture the different timing of needed funds of the two countries and the funding capabilities of each generation: the more developed economy requires funds in the future to cover expenses for its ageing population, while the developing economy needs funds today to pay for educational, technological, and other infrastructural services. To price the swap, the paper applies an exponential-utility-based pricing method and defines an interval of prices allowing a contract to be agreed upon. Findings - Via the exponential-utility-based pricing method, the paper shows how the bid-ask spread varies with respect to the governments' risk and time preferences. Originality/value - The paper is believed to be the first to illustrate the structuring and pricing of a long-term longevity swap between two countries at different stages of economic development and to discuss practical challenges derivative structures would face if they were to implement such a strategy.",
DEVELOPING MORTALITY IMPROVEMENT FORMULAS: THE CANADIAN INSURED LIVES CASE STUDY,NORTH AMERICAN ACTUARIAL JOURNAL,,"Longevity improvements have contributed to widespread underfunding of pension plans and losses in insured annuity portfolios. Insurers might reasonably expect some upside from the effect of lower mortality on their life business. Although mortality improvement scales, such as the Society of Actuaries Scale AA, are widely employed in pension and annuity valuation, the derivation of these scales appears heuristic, leading to problems in deriving meaningful measures of uncertainty. We explore the evidence on mortality trends for the Canadian life insurance companies, data, using stochastic models. We use the more credible population data to benchmark the insured lives data. Finally, we derive a practical, model-based formula for actuaries to incorporate mortality improvement and the associated uncertainty into their calculations.",
Are improvements in convenience good enough for consumers to prefer new food processing technologies?,AGRIBUSINESS,convenience; segmentation analyses; technology; willingness to pay,"We use choice experiments to investigate heterogeneity in preferences for a refrigerated ready-to-heat meal with an extended shelf life and the processing technology (i.e., microwave-assisted pasteurization) that provides that longevity. On average, an extra day of shelf life decreases the utility associated with purchasing and eating the meal. A segmentation analysis reveals the presence of convenience consumers, who are willing to pay a premium for a more convenient meal (with an extended shelf life), but the interaction effect of shelf life with technology reverts their willingness to pay for an extra day of shelf life, suggesting a negative reaction to the new technology. (EconLit Citations: Q13, Q16, Q19).",
On the Golden Rule of capital accumulation under endogenous longevity,MATHEMATICAL SOCIAL SCIENCES,Golden Rule; Health; Longevity; OLG models,"Health spending obviously increase with capital per worker. This paper derives the optimal accumulation policy in such a context. The optimal accumulation rule depends on whether health spending improve consumption enjoyment, and on whether the planner adheres to an instantaneous welfarist view or to a complete life view. First, when the only role of health is to enhance longevity, we show that the capital per worker maximizing steady-state consumption per head is inferior to the standard Golden Rule. Moreover, the capital per worker maximizing steady-state consumption per head, when consumption efficiency depends on the health status, tends to exceed the optimal capital level under purely longevity-enhancing spending. Finally, when the planner adheres to a complete life view, the capital per worker maximizing steady-state expected lifetime consumption per head exceeds the optimal capital per worker under the instantaneous view. (C) 2009 Elsevier B.V. All rights reserved.",
Pooling mortality risk in Eurozone state pension liabilities: An application of a Bayesian coherent multi-population cohort-based mortality model,INSURANCE MATHEMATICS & ECONOMICS,Public pensions; Risk pooling; Longevity; Bayesian statistics; Cohort mortality; Mortality modeling,"We design a coherent cohort-based multi-population mortality model, calibrate it to national mortality rates in the Eurozone using Human Mortality Database data, and use it to project developments in national mortality across the Eurozone. Combining this model with a stylized model of social security pensions in each country allows us to calculate the pension mortality risk in these systems and estimate the benefits of pooling it across the Eurozone. We examine three risk pools, which are all actuarially fair, but differ in how undiversifiable risk is allocated across countries. The first naive approach allocates undiversifiable risk in proportion to GDP, a second according to a CAPM-based measure of the undiversifiable risk each country contributes to the pool and a third ensures that the aggregate benefits of diversification are shared equitably across countries using a measure we adopt. In all cases, the benefits of risk pooling increase over time as mortality uncertainty accumulates, but fall over time as cross-country correlation increases due to the long-term dominance of the mortality trend, which by assumption is shared between countries. The peak benefit occurs around 2050, with an aggregate reduction in the standard deviation of pension expenditures of around 0.11% of GDP, or 3% of pension expenditure at the 99th percentile. We find that allocating undiversifiable risk proportional to GDP does not ensure an efficient allocation of undiversifiable risk across countries, given that different countries have markedly different pension mortality risk due to different pension system generosities as well as different mortality correlation with the Eurozone. Based on our results we propose a contract design that surmounts most of the moral hazard risks created by the pool, and suggest directions for future research. (C) 2021 Elsevier B.V. All rights reserved.",
Extreme Value Analysis of Mortality at the Oldest Ages: A Case Study Based on Individual Ages at Death,NORTH AMERICAN ACTUARIAL JOURNAL,,"In this article, the force of mortality at the oldest ages is studied using the statistical tools from extreme value theory. A unique data basis recording all individual ages at death above 95 for extinct cohorts born in Belgium between 1886 and 1904 is used to illustrate the relevance of the proposed approach. No leveling off in the force of mortality at the oldest ages is found, and the analysis supports the existence of an upper limit to human lifetime for these cohorts. Therefore, assuming that the force of mortality becomes ultimately constant, that is, that the remaining lifetime tends to the Negative Exponential distribution as the attained age grows is a conservative strategy for managing life annuities.",
"Smoking, Expectations, and Health: A Dynamic Stochastic Model of Lifetime Smoking Behavior",JOURNAL OF POLITICAL ECONOMY,,"I estimate a dynamic, stochastic model of smoking, expectations, and health that makes explicit channels through which an individual may learn about the health risks of smoking. Simulations of the structural model suggest that cardiovascular biomarker information at repeated health exams does not significantly alter smoking behavior because (a) signals of biomarker health are noisy within individuals, (b) the influence of biomarkers on major health outcomes is small, and (c) cigarette smoking is addictive. This paper also presents evidence of selection in smoking that, when not modeled, may cause an overstatement of the effect of smoking on expected longevity.",
Pension systems revisited in the age of automation and an aging economy,JOURNAL OF ECONOMIC BEHAVIOR & ORGANIZATION,Overlapping generations; Pension system; Automation; Demographic change; Robot taxes,"This study analyzes the impact of aging - an increase in longevity or a decrease in fertility rates - on pension benefits in an economy that incorporates automation capital in the production process. Across all three pension schemes-pay as you go, fully funded, and modified fully funded, we observe that the impact of increasing longevity is more pronounced than that of a decreasing fertility rate. Specifically, our analyses indicate that while increasing longevity consistently has a negative impact on pension benefits under all pension schemes, the impact of a decreasing fertility rate varies according to the pension scheme. Additionally, based on the common observation across all pension schemes that low-skilled households are vulnerable to the impacts of aging, we explore redistributive policies to improve the welfare of these households, and our findings indicate that the policy that leads to Pareto improvement can vary depending on the main driver of demographic transitions.",
Social groups and social network formation,GAMES AND ECONOMIC BEHAVIOR,Social groups; Dynamic network formation; Social networks; Homophily,"We present a dynamic model of social network formation in which a fixed number of agents interact in overlapping social groups. We derive several results on the formation of links in such networks, including results on the degree distribution, on comparative statics relating degree and group size, and on the dynamics of homophily. In particular, we derive comparative statics showing that degree is typically positively related to social group size but negatively related to the size of the overlap across multiple social groups. This is supported by evidence from a Facebook dataset. We also show that homophily over an agent's lifespan in the network can be non-monotonic, reaching a global maximum in some period before eventually decreasing. (C) 2015 Elsevier Inc. All rights reserved.",
A forestry-based PES mechanism for enhancing the sustainability of Chilika Lake through reduced siltation loading,FOREST POLICY AND ECONOMICS,Community afforestation; Chilika Lake; Lake siltation; Catchment area degradation; Payment for ecosystem services; Soil erosion,"Lakes provide significant ecological and economic benefits to society. However, they are prone to over-exploitation and degradation. In this paper, we address the challenge of protecting Chilika Lake in India from heavy siltation caused by land degradation in its catchment areas. Community led afforestation is explored as a management tool for reducing soil erosion and improving fish yields in the lake. Optimal afforestation by a forestry-dependent community is compared to that from the perspective of a manager who maximizes the joint utility of the forestry and fishery-based communities. Additionally, a payment for ecosystem services (PES) mechanism is designed, which pays the forest community on the basis of reduced siltation loading in the lake while also allowing it to benefit from fuel wood harvesting in the newly restored forests. Through relating the impact of fuel wood harvesting by the forestry-based communities on fish yields of the fishing community, a dynamic optimization model evaluates the various trade-offs between environmental services provided by the forest and lake ecosystems. Findings indicate that paying the forestry-based communities for restoration can help improve the lake's lifespan in absence of other interventions. Increasing afforestation levels in the lake's catchment region to 1000 km(2) can result in additional fish yield of half a million tonnes over the next hundred years, generating more than a billion dollars in revenues for the fishing communities.",
Standing the test of time. Does firm performance improve with age? An analysis of the wine industry,BUSINESS HISTORY,firm survival; firm age; firm performance; financial leverage; longevity; wine industry; profitability,"Currently, few studies have investigated how longevity affects economic and financial performance. These studies have generally approached the issue according to theoretical perspectives; thus, even fewer empirical studies exist. The present work aims to fill this gap by empirically verifying whether longevity is a variable that can determine firm performance. Our main hypotheses are tested on a large sample of Italian wineries by applying a panel model with time fixed effects on firm performance measured from 2008 to 2011. Our main findings highlight that the oldest wineries outperform the youngest wineries and that the longevity factor can significantly explain the difference in performance. We also discuss some practical implications of our study and intriguing directions for future research.",
"Achieving ambidexterity in large, complex engineering projects: a case study of the Sutong Bridge project",CONSTRUCTION MANAGEMENT AND ECONOMICS,Ambidexterity; exploitation; exploration; innovation; uncertainty,"Complex engineering projects typically face unique challenges that demand both exploring innovative solutions and exploiting existing capabilities. However, it is difficult to manage both exploitation and exploration in the same organizational unit owing to the different organizational support required for each. The solutions to managing the tension involve separating the two approaches into separate organizational units-structural separation, or separating by time-temporal separation, or by creating an organizational context that empowers employees to pursue both. Structural separation may not work because of the predominant need for integration at project level due to the fragmented nature of the construction industry and the co-location of project team. Instead, temporal separation could be an effective mechanism of separation. Creating the appropriate project context could facilitate project ambidexterity. Extant studies on ambidexterity focus on the organizational level which may not apply at project level. This study examines the effects of the above three antecedents to project ambidexterity. The key findings are that ambidexterity can be achieved during the limited lifespan of a complex engineering project through: (1) partitioning the two approaches in different project phases and then integrating the two; (2) implementing policies and financial support aiming at facilitating contextual ambidexterity both at and above project level.",
The multigenerational impacts of educational expansion: Evidence from Vietnam,LABOUR ECONOMICS,Primary school expansion; Intergenerational spillovers; Human capital investments; Child labor; Old age health; Vietnam,"We investigate the multigenerational effects of a primary school expansion program in Vietnam. In the directly affected generation , the expansion increases educational attainment, literacy, non-agricultural economic activity, earnings and the intergenerational educational mobility. It increases human capital investments in the children of the directly affected generation, with increased educational expenditures, school enrollment, and health in-vestments, and a reduction in child labor. Moreover, the expansion improves health in old age of the parents of the directly affected generation, an effect that seems to operate through increased financial resources, access to private health insurance and reduced alcohol consumption.",
Pricing and hedging GLWB in the Heston and in the Black-Scholes with stochastic interest rate models,INSURANCE MATHEMATICS & ECONOMICS,Variable annuities; GLWB pricing; Stochastic volatility; Stochastic interest rate; Optimal withdrawal,"Valuing Guaranteed Lifelong Withdrawal Benefit (GLWB) has attracted significant attention from both the academic field and real world financial markets. As remarked by Forsyth and Vetzal (2014) the Black and Scholes framework seems to be inappropriate for such a long maturity products. They propose to use a regime switching model. Alternatively, we propose here to use a stochastic volatility model (Heston model) and a Black-Scholes model with stochastic interest rate (Hull-White model). For this purpose we present four numerical methods for pricing GLWB variables annuities: a hybrid tree-finite difference method and a Hybrid Monte Carlo method, an ADI finite difference scheme, and a Standard Monte Carlo method. These methods are used to determine the no-arbitrage fee for the most popular versions of the GLWB contract, and to calculate the Greeks used in hedging. Both constant withdrawal and optimal withdrawal (including lapsation) strategies are considered. Numerical results are presented which demonstrate the sensitivity of the no-arbitrage fee to economic, contractual and longevity assumptions. (C) 2016 Elsevier B.V. All rights reserved.",
Fewer babies and more robots: economic growth in a new era of demographic and technological changes,SERIES-JOURNAL OF THE SPANISH ECONOMIC ASSOCIATION,Population ageing; Technological progress; Innovation; Automation; Economic growth,"This paper surveys recent research on the macroeconomic implications of demographic and technological changes. Lower fertility and increasing longevity have implications on the age population structure and, therefore, on the balance between savings and investment. Jointly with meagre productivity growth, this implies a low natural rate of interest that conditions the effectiveness of monetary and fiscal policies, especially in a world of high debt. New technological changes (robots, artificial intelligence, automation) may increase productivity growth but at the risk of having disruptive effects on employment and wages. The survey highlights the main mechanism by which demographic and technological changes, considered both individually and in conjunction, affect per capita growth and other macroeconomic variables.",
Evaluation of the Kou-Modified Lee-Carter Model in Mortality Forecasting: Evidence from French Male Mortality Data,RISKS,stochastic mortality modelling; forecasting; Age-Period-Cohort model; Cairns-Blake-Dowd model; Lee-Carter model; Kou model; Jump Diffusion model,"Mortality forecasting has always been a target of study by academics and practitioners. Since the introduction and rising significance of securitization of risk in mortality and longevity, more in-depth studies regarding mortality have been carried out to enable the fair pricing of such derivatives. In this article, a comparative analysis is performed on the mortality forecasting accuracy of four mortality models. The methodology employs the Age-Period-Cohort model, the Cairns-Blake-Dowd model, the classical Lee-Carter model and the Kou-Modified Lee-Carter model. The Kou-Modified Lee-Carter model combines the classical Lee-Carter with the Double Exponential Jump Diffusion model. This paper is the first study to employ the Kou model to forecast French mortality data. The dataset comprises death data of French males from age 0 to age 90, available for the years 1900-2015. The paper differentiates between two periods: the 1900-1960 period where extreme mortality events occurred for French males and the 1961-2015 period where no significant jump is observed. The Kou-modified Lee-Carter model turns out to give the best mortality forecasts based on the RMSE, MAE, MPE and MAPE metrics for the period 1900-1960 during which the two World Wars occurred. This confirms that the consideration of jumps and leptokurtic features conveys important information for mortality forecasting.",
Vinyl record: a cultural icon,CONSUMPTION MARKETS & CULTURE,Vinyl record; iconicity; music; materiality; aura; heritage; entanglement; marketplace icon,"In this paper, we use the case of the vinyl record to show that iconic objects become meaningful via a dual process. First, they offer immersive engagements which structure user interpretations through various material experiences of handling, use, and extension. Second, they always work via entanglements with related material ecologies such as turntables, speakers, mixers, and rituals of object care. Additionally, these engagements are complimented by a mediation process which emplaces the vinyl historically, culturally, spatially, and also politically, especially in the context of digitalization. This relational process means that both the material affordances and entanglements of vinyl allow us to feel, handle, experience, project, and share its iconicity. The materially mediated meanings of vinyl enabled it to retain currency in independent and collector's markets and thus resist the planned obsolescence and eventually attain the status of celebrity commodity with totemic power in music communities. This performative aspect of vinyl markets also means that consumers read closely the signals and symbols regarding vinyl's status, as its various user groups and champions try to interpret its future, protect, or challenge its current position. Vinyl's future, and the larger expansion of pressing plants and innovative turntable production around it, largely depend on processes of cultural and status mobility. In the current phase of market expansion, vinyl's status might be challenged by its own success. Neither a fashion cycle phenomenon, nor simple market conditions explain vinyl's longevity. Rather, cultural contextualization of vinyl as thing and commodity is crucial for avoiding symbolic pollution and retaining sacred aura.",
Subjective Age at Work: Feeling Younger or Older Than One's Actual Age Predicts Perceived Control and Motivation at Work,WORK AGING AND RETIREMENT,,"Using a life-span theoretical perspective, the present study examined how subjective age relates to perceived control and motivational investment in the work domain. Data from the Midlife in the United States National Study of Health and Well-Being (MIDUS I, II, and III; 1995-2013; n = 2,395) were analyzed using parallel process growth curve modeling. Our analyses used a mediation framework and focused on how changes in subjective age relate to changes in work-specific perceived control and motivational investment over time. Results suggested that feeling progressively younger than one's actual age predicted increased levels of perceived control over and motivational investment in one's work situation, as mediated by domain-general perceived control capacity and selective primary control striving, respectively. Results are discussed within the motivational theory of life-span development, specifically, how subjective age operates as a secondary control strategy that enhances or diminishes motivational investment and perceived control in work during midlife.",
Benchmarking road safety success: Issues to consider,AUSTRALASIAN MARKETING JOURNAL,Social marketing; Road safety; Road safety success; Competitive benchmarks; Policy,"Success in social marketing is rarely clear cut and even more rarely believed to have been achieved. Social marketing practitioners are under increasing scrutiny to benchmark efficiencies of social change programs to achieve 'success' outcomes. Using road safety as a case study, this paper addresses the complex nature of success within a social marketing context. First, we discuss the conundrum facing road safety in articulating 'success' when at policy level success is quantified objectively, yet at a community level perceptions of system failure are equated with individual death. Methodologically we apply comparative empirical approaches to examine perceptual versus objective road safety outcomes. The paper concludes with a discussion and proposal of alternate strategies for measuring programmatic success, and raise issues concerning the longevity of developing competitive and sustainable benchmarks. (C) 2009 Australian and New Zealand Marketing Academy. All rights reserved.",
Retirement planning in the light of changing demographics,ECONOMIC MODELLING,Superannuation; Stochastic simulation; Contribution,"With increasing longevity and decreasing fertility rates, governments and policy makers are increasingly engaged in the question of long term retirement planning. In many cases this has included emphasising the need for individuals to take more responsibility for their own retirement planning through tax incentives, compulsion and changes to the age at which state retirement benefits become available. In the case of Australia, as is considered here, long term retirement planning has been focused around the development of a compulsory defined contribution (DC) superannuation system. Here we investigate the interaction between population ageing and the sustainability of the superannuation system by modelling a general superannuation scheme to compare the adequacy of retirement funds under a number of alternative scenarios. The model incorporates stochastic longevity forecasts and provides insight into the sufficiency of compulsory retirement saving both now and future. We find that the current pension scheme is more robust to longevity improvements for mid-class individuals however significant gaps arise for low-income individuals as longevity improves. Without addressing these issues, government expenditure is expected to increase substantially. (C) 2015 Elsevier B.V. All rights reserved.",
THE MARGINAL WILLINGNESS TO PAY FOR LONGEVITY: A BETTER WAY TO VALUE CHANGES IN MORTALITY HAZARD,"RESEARCH IN LAW AND ECONOMICS, VOL 23",,"One of the most contentious issues concerning benefit-cost analyses of environmental and other regulatory programs has been the valuation of reductions in mortality risks. The conceptual basis for most valuation exercises has been the value of a statistical life (VSL). However, despite decades of both theoretical and empirical research on the meaning and measurement of the VSL concept, there is no consensus concerning the validity of the results it produces in actual applications. In this paper, we review the development and application of the VSL approach and then propose what we believe to be a better way to value changes in mortality hazard.",
"CLIMATE CHANGE, REGIONAL GENERAL BUDGET EXPENDITURES, AND CONCENTRATION OF THE ELDERLY POPULATION",TRANSFORMATIONS IN BUSINESS & ECONOMICS,climate change; agglomeration of older populations; regional budget expenditure,"The concentration of the elderly population is not only a result of increased longevity but also a result of population mobility. Climate has an impact on both factors. To analyse how climate change affects the agglomeration of the elderly population, the impact of climate change on the agglomeration of the elderly population was explored, and the threshold test and mediating effects were further examined by utilising the 2007-2019 panel data at the provincial level of China, based on push-pull theory and elderly migration theory. Results show that, all three measures of climate-temperature, precipitation, and hours of sunshine-significantly affect the degree of elderly population agglomeration, in which elevated temperature promotes the agglomeration of the elderly population, while both precipitation and hours of sunshine inhibit the agglomeration of the elderly population. These effects are actually because climate change changes the general budget expenditure of the regional finance, and then acts on the agglomeration of the elderly population in the region. In addition, there is a single threshold for the effect of temperature and sunshine hours on the concentration of the elderly population, and the threshold effect test of precipitation is not significant. The conclusions obtained from this study are conducive to enriching and improving the theory of elderly population agglomeration, as well as providing countermeasure suggestions for the government, enterprises, and individuals.",
THE VALUATION AND REDISTRIBUTION EFFECT OF THE KOREA NATIONAL PENSION,HITOTSUBASHI JOURNAL OF ECONOMICS,Korea National Pension; redistribution; annuity evaluation; annuity equivalent wealth; money's worth ratio; bequest,"This paper evaluates the Korea National Pension (KNP) and investigates its redistribution effects. The educational level is used as a proxy for mortality and various socioeconomic factors are considered. The financial and utility-based analyses reveal strong progressive redistribution with income level. Also, the utility-based analysis indicates significant progressive redistribution with non-pension asset level but no significant redistribution with the educational level. Generally, the KNP is extremely valuable and its value seems higher with a pre-existing private annuity especially for the poor. Finally, when people are assumed to spend at least the minimum consumption level, it becomes more beneficial.",
Temporal pacing in task forces: Group development or deadline pressure,JOURNAL OF MANAGEMENT,,"Research on the punctuated equilibrium model of group development confounded group life span with member task completion. We report two studies that separate task pacing from life span development. In one, 50 students simultaneously performed group and individual projects. In the second, student groups worked on two tasks sequentially. Results indicate that the temporal patter, postulated in the punctuated equilibrium model reflects task pacing under a deadline, rather than the process of group development.",
Do Smokers Value Their Health and Longevity Less?,JOURNAL OF LAW & ECONOMICS,,"One reason why individuals consume harmful addictive goods is that the full price of such goods is low. Using data on adults specifically collected for this study, we examine the internal cost of one such good by estimating the value that smokers and nonsmokers place on loss of health and longevity from a major lung disease, chronic obstructive pulmonary disease ( COPD). Differences in the nonpecuniary internal cost of getting COPD between current smokers and people who have never smoked range from $80,000 to $260,000, implying that one reason people continue to smoke is that they face a lower full price of smoking. Our results suggest that although taxation and regulation of cigarettes may be justified for externality reasons, the principle of consumer sovereignty implies that the case is much weaker for interventions based on helping smokers internalize costs they impose on themselves.",
The Challenges of SME Business Transfers: The Evidence from Croatia and Finland,ORGANIZACIJA,SMEs; business transfer; business transfer ecosystem,"Background and Purpose: In the life cycle of a firm, business transfer represents the critical stage of development. Underestimating the complexity and longevity of this process can have negative implications for firms, their owners and wide network of stakeholders. The aim of this paper is to compare the attitude towards business transfer of entrepreneurs aged 55 and more in Croatia and Finland and provide policy recommendations for improvement of the national business transfer ecosystems. Methodology/Approach: Both surveys targeted entrepreneurs aged 55 and more using the same questionnaire, with some adjustments to Croatian business transfer ecosystem. Finish barometer was conducted through web-based survey among members of Federation of Finnish Enterprises. Survey in Croatia was conducted with combination of CATI and CAWI collection method by a professional data collection agency. Data collected was compared based on a demographic criterion, industry background, experience in business transfer, expected future of the company, support needed and biggest challenges. Results: The research results indicated a growing number of entrepreneurs in Croatia who will be interested in selling their firm once they withdraw from the business and less than expected family business successions. In Finland the most important challenges are related to business valuation and finding a successor or a buyer. Conclusion: For further development of business transfer ecosystem in Croatia it is recommended to focus on awareness raising activities, channels for matching sellers and buyers, promotion of takeover entrepreneurship and consultancy support for micro enterprises. In Finland results indicate the importance of investing continuous efforts in raising the effectiveness of the measures implemented.",
"Self-financing trading strategies for sliding, rolling-horizon, and consol bonds",MATHEMATICAL FINANCE,discount bond; sliding bond; rolling-horizon bond; consol bond; term structure model,"The time evolution of a sliding bond is studied in discrete- and continuous-time setups. By definition, a sliding bond represents the price process of a discount bond with a fixed time to maturity. Examples of measure-valued trading strategies (introduced by Bjork et al. 1997a, 1997b) which are based on the price process of a sliding bond are discussed. In particular, a self-financing strategy that involves holding at any time one unit of a sliding bond is examined (the wealth process of this strategy is referred to as the rolling-horizon bond). In contrast to the sliding bond, which does not represent a tradable security, the rolling-horizon bond (or the rolling-consol bond) may play the role of a fixed-income security with infinite lifespan in portfolio management problems.",
"Asset allocation, sustainable withdrawal, longevity risk and non-exponential discounting",INSURANCE MATHEMATICS & ECONOMICS,Hyperbolic discounting; Time-inconsistent optimization problem; Non-local HJB equation; Equilibrium strategies; PDE,"The present paper studies an optimal withdrawal and investment problem for a retiree who is interested in sustaining her retirement consumption above a pre-specified minimum consumption level. Apparently, the withdrawal and investment policy depends substantially on the retiree's health condition and her time preferences (subjective discount factor). We assume that the health of the retiree can worsen or improve in an unpredictable way over her lifetime and model the retiree's mortality intensity by a stochastic process. In order to make the decision about the consumption and investment policy more realistic, we assume that the retiree applies a non-exponential discount factor (an exponential discount factor with a small amount of hyperbolic discounting) to value her future income. In other words, we consider an optimization problem by combining four important aspects: asset allocation, sustainable withdrawal, longevity risk and non-exponential discounting. Due to the non-exponential discount factor, we have to solve a time-inconsistent optimization problem. We derive a non-local HJB equation which characterizes the equilibrium optimal investment and consumption strategy. We establish the first-order expansions of the equilibrium value function and the equilibrium strategies by applying expansion techniques. The expansion is performed on the parameter controlling the degree of discounting in the hyperbolic discounting that is added to the exponential discount factors. The first-order equilibrium investment and consumption strategies can be calculated in a feasible way by solving PDEs. (C) 2016 Elsevier B.V. All rights reserved.",
"Learning From Levi-Strauss' Legacy: Art, Craft, Engineering, Bricolage, and Brokerage in Entrepreneurship",ENTREPRENEURSHIP THEORY AND PRACTICE,,"Given the increasing attention to traditionally less rational entrepreneurial behaviors, such as bricolage, we used grounded theory techniques to study 23 diverse entrepreneurs. From this, we developed a five-category typology of entrepreneurial behavior that includes art, craft, engineering, bricolage, and brokerage. Themes such as self-perceived identity, organization of space, integration of materials, sense of personal limits, and responsiveness to changing market conditions were observed along categorical lines. We discuss the significance of the typology and each category's associations with venture longevity and financial performance for practitioners and for the study of entrepreneurship.",
A Simple Linear Regression Approach to Modeling and Forecasting Mortality Rates,JOURNAL OF FORECASTING,linear regression; mortality fitting; mortality forecasting; Lee-Carter model; CBD model,"Observing that a sequence of negative logarithms of 1-year survival probabilities displays a linear relationship with the sequence of corresponding terms with a time lag of a certain number of years, we propose a simple linear regression to model and forecast mortality rates. Our model assuming the linearity between two mortality sequences with a time lag each other does not need to formulate the time trends of mortality rates across ages for mortality prediction. Moreover, the parameters of our model for a given age depend on the mortality rates for that age only. Therefore, whether the span of the study ages with the age included is widened or shortened will not affect the results of mortality fitting and forecasting for that age. In the empirical testing, the regression results using the mortality data for the UK, USA and Japan show a satisfactory goodness of fit, which convinces us of the appropriateness of the linear assumption. Empirical illustrations further show that our model's performances of fitting and forecasting mortality rates are quite satisfactory compared with the existing well-known mortality models. Copyright (c) 2015 John Wiley & Sons, Ltd.",
Optimal Annuitization with Stochastic Mortality and Correlated Medical Costs,AMERICAN ECONOMIC REVIEW,,"The conventional wisdom since Yaari (1965) is that households without a bequest motive should fully annuitize their investments. Numerous frictions do not break this sharp result. We modify the Yaari framework by allowing a household's mortality risk itself to be stochastic due to health shocks. A lifetime annuity still helps to hedge longevity risk. But the annuity's remaining present value is correlated with medical costs, such as those for nursing home care, thereby reducing annuity demand, even without ad-hoc liquidity constraints. We find that most households should not hold a positive level of annuities, and many should hold negative amounts.",
The cost and value of UK pensions,ANNALS OF ACTUARIAL SCIENCE,Defined benefit; Defined contribution; Pension; Longevity; Interest rates,"Over the last 20 years, the extent of defined benefit provision has declined substantially in the United Kingdom. Whilst most of the focus has been on deficits relating to past benefit accrual, the increasing cost of future benefit accrual is also important. There are two reasons for this. First, the change in the cost of defined benefit accrual represents the difference in the earnings for employees with membership of a defined benefit scheme and those with membership of a defined contribution scheme. Second, the current cost of defined benefit accrual gives an indication of the cost of an adequate pension. As such, it can be compared with levels of contribution to defined contribution schemes to determine whether these are adequate. I therefore look at how the cost of pensions has changed relative to the cost of non-pensions earnings. I also look at the main components of the change in pensions cost - those relating to benefits payable, discount rates and longevity - to analyse their relative importance. I find that the cost of employing a member of defined benefit pension scheme has consistently outpaced the cost of employing someone in a defined contribution arrangement. I also find that the current cost of accrual is significantly higher than the average level of payments to defined contribution schemes.",
Age-Conditional Effects of Political Skill and Empathy on Emotional Labor: An Experience Sampling Study,WORK AGING AND RETIREMENT,,"Grounded in lifespan development theories that posit a positive influence of aging on emotion regulation, we examine how chronological age and political skill (i.e., a work-related interpersonal competency that functions as an emotion-relevant resource) jointly moderate the relationships between within-person levels of empathy and the use of emotional labor strategies across a workweek. Participants were n = 118 full-time university employees (M-age = 42.85 years; SD = 12.18; range = 20-70), who completed momentary surveys 3 times a day, over a single 5-day workweek. Results show that age and within-person levels of empathy were positively related to momentary levels of deep acting. Considering further the interaction of age, political skill, and empathy, results suggest that the positive relationship between empathy and deep acting is conditional upon age and individual differences in political skill, with differential relationships observed for relatively older versus relatively younger participants. Overall, the findings of this study contribute to a better understanding of the role of age and political skill for daily emotional regulation in the work context.",
Optimal Social Insurance and Health Inequality,GERMAN ECONOMIC REVIEW,Aging; health expenditure; health inequality; social security system; retirement age,"This paper integrates into public economics a biologically founded, stochastic process of individual aging. The novel approach enables us to quantitatively characterize the optimal joint design of health and retirement policy behind the veil of ignorance for today and in response to future medical progress. Calibrating our model to Germany, our analysis suggests that the current social insurance policy instruments are set close to the (constrained) socially optimal levels, given proportional contribution rates for health and pension finance, the equivalence principle in the pension system, and a common statutory retirement age. Future progress in medical technology calls for a potentially drastic increase in health spending and a higher retirement age without lowering the pension contribution rate. Interestingly, from an ex ante point of view, medical progress and higher health spending are in conflict with the goal to reduce health inequality.",
Pricing Buy-Ins and Buy-Outs,JOURNAL OF RISK AND INSURANCE,,"Pension buy-ins and buy-outs have become an important aspect of managing pension risk in recent years. As a step toward understanding these pension de-risking instruments, we develop models for pricing investment risk and longevity risk embedded in pension buy-ins and buy-outs. We also bring a contingent-claims framework to price credit risk of buy-in bulk annuities. Overall, our model can be used to assess the pricing of investment, longevity, and credit risks being transferred in pension buy-in and buy-out transactions.",
"Earnings test, non-actuarial adjustments and flexible retirement",ECONOMICS LETTERS,Population aging; Social security; Public insurance; Pension reform; Life-cycle saving; Labor supply; Retirement age,"In response to the challenges of increasing longevity, many countries have introduced flexibility reforms for their public pension systems. A key measure of these reforms is the abolishment of earnings tests. It is claimed that these reforms increase labor supply and therefore the financial sustainability of pension systems. We build a simulation model to show that abolishing an earnings test may indeed create more labor supply but simultaneously reduce the average claiming age when adjustments remain less than actuarial, as is the case in most European pension systems. Flexibility reforms may therefore worsen rather than improve the sustainability of public pension systems. (C) 2018 Elsevier B.V. All rights reserved.",
"Harnessing the Potential of Older Workers Through Relationships at Work: Social Support, Feedback, and Performance",WORK AGING AND RETIREMENT,aging workforce; job design; social support; feedback; performance,"With the aging of the global workforce, it is crucial to deepen our understanding of how to keep older workers healthy, motivated, and productive. In this research, we integrate job design with socioemotional selectivity theory to propose that social job characteristics relate to employee performance differently for older and younger workers. Specifically, in a 3-wave survey (N = 454), we tested employee age as a moderator of the relationships between receiving social support and feedback at work, and performance, as well as giving social support and feedback at work, and performance. The results showed that, in general, both receiving and giving social support and feedback are associated more strongly with the performance of older than younger workers. The findings provide important theoretical implications for the study of aging and work; they also offer practical applications for creating workplaces in which older workers can reap the benefits of social relationships to remain productive.",
Hurricane Lifespan Modeling through a Semi-Markov Parametric Approach,JOURNAL OF FORECASTING,semi-Markov process; transition probabilities; waiting time distributions; evolution equation; Monte Carlo simulation; Saffir-Simpson scale; hurricane derivatives; Carvill index,"The estimation of hurricane intensity evolution in some tropical and subtropical areas is a challenging problem. Indeed, the prevention and the quantification of possible damage provoked by destructive hurricanes are directly linked to this kind of prevision. For this purpose, hurricane derivatives have been recently issued by the Chicago Mercantile Exchange, based on the so-called Carvill hurricane index.In our paper, we adopt a parametric homogeneous semi-Markov approach. This model assumes that the lifespan of a hurricane can be described as a semi-Markov process and also it allows the more realistic assumption of time event dependence to be taken into consideration. The elapsed time between two consecutive events (waiting time distributions) is modeled through a best-fitting procedure on empirical data. We then determine the transition probabilities and so-called crossing states probabilities. We conclude with a Monte Carlo simulation and the model is validated through a large database containing real data coming from HURDAT. Copyright (c) 2012 John Wiley & Sons, Ltd.",
"Age as moderator of the relationship of proactive personality with training motivation, perceived career development from training, and training behavioral intentions",JOURNAL OF ORGANIZATIONAL BEHAVIOR,,"Based on changes in motivation thought to occur across the lifespan, we investigated whether age would moderate the relationship between proactive personality and three training-related variables: training motivation, perceived career development from training, and training behavioral intentions. A survey was completed by 252 municipal government employees. As hypothesized, participants age moderated the relationship between proactive personality and these outcomes. Specifically, there was generally a more positive relationship between proactive personality and the outcomes for younger participants than for older participants. Our discussion focuses on implications for training in organizations and recommendations for practice. Copyright (C) 2011 John Wiley & Sons, Ltd.",
Discussing the political survival of Romanian ministers since 1989-Do economic conditions matter?,ECONOMICS OF TRANSITION AND INSTITUTIONAL CHANGE,frailties; macroeconomics; political longevity; principal– agent theory; proportional hazard; Romanian governments; transitional economy,"Political longevity in young democracies has attracted the attention of scholars and practitioners alike due to several particular characteristics of such democracies, such as a low level of trust, a low level of credibility, corruption, economic difficulties, a less well-established rule of law and an increased bureaucracy. In such a context, we studied the tenure duration of Romanian ministers since 1989, as well as their accumulated political longevity in ministerial offices. Using proportional hazards regression, we observed some peculiarities in the young Romanian democracy in comparison with more established regimes. We observed that left-wing majorities tend to increase the probability of seat changes and thus diminish tenure longevity. We also observed that good economic conditions may lead to the substitution of certain types of ministries, while higher inflation rates tend to shorten tenure longevity for Romanian ministers. Moreover, our estimations support the finding that Romanian ministers tend to have shorter tenures as the number of past ministerial functions increases and that the burden of simultaneously managing various ministries significantly contributes to the shorter political longevity of a given minister. Finally, recent ministers have had longer tenures than those in the first years after the fall of communism in Eastern Europe in 1989.",
Knowledge acquisition from foreign parents in international joint ventures: An empirical study in Vietnam,INTERNATIONAL BUSINESS REVIEW,knowledge acquisition; international joint ventures; absorptive capacity,"Drawing on alliance learning and absorptive capacity literatures, we propose a model-linking absorptive capacity, knowledge acquisition, and performance. The model is tested in a sample of 173 international joint ventures (IJVs) in Vietnam. The results show that all three components of absorptive capacity contributed substantially to the level of knowledge acquisition reported by IJVs. Critical factors predicting knowledge acquisition included investment in training, employees' ability to learn, and joint participation. Knowledge acquisition, especially the acquisition of tacit knowledge, was found to contribute significantly to IJV performance. Our model generally supports existing theories regarding the relationship between absorptive capacity and knowledge acquisition, as well as between knowledge acquisition and performance. (c) 2006 Elsevier Ltd. All rights reserved.",
Analysing the impact of rising mortality in adult ages on financial and actuarial products,ECONOMICS LETTERS,Mortality; Insurance; Annuities; Risk products; Economic impact,"A reversal in the trend seen since 2010 of a reduction in adult mortality holds significant economic and financial implications. Mortality and longevity models applied in 2010 projected central death rates that have not materialized, resulting in measurable economic effects. This study examines the economic consequences of two financial-actuarial products- a year-term life insurance and life annuities- in light of the worsening central death rates within the 55-70 age bracket. Conducted across twelve countries (Australia, Canada, Denmark, France, Greece, Germany, Italy, Japan, Spain, Sweden, the United Kingdom, and the United States), the research demonstrates substantial cost savings in annuity products and cost overruns in risk insurance products.",
"The impact of human behaviour and restoration on the economic lifespan of the proposed Ntabelanga and Laleni dams, South Africa: A system dynamics approach",WATER RESOURCES AND ECONOMICS,System dynamics; Dams; Economic lifetime; Soil erosion; Human behaviour; Restoration,"The South African government intends to develop the Mzimvubu Water Project (MWP) which includes the construction of two dams (the Ntabelanga and Laleni dams) in the Tsitsa River, Eastern Cape province, South Africa. This investment is believed to be important to unlock the economic potential of this rural, poor and underdeveloped area. We consider a range of variables to ascertain what the realistic economic lifespan of each of the dams are, subject to uncertainty and complexity, as the benefits from the development of the dams are closely linked to such lifespans. The selected sites are prone to soil erosion thereby potentially jeopardising the derived benefits from the investment. We therefore develop a catchment-wide system dynamics model, incorporating both technical and behavioural dimensions, in an effort to determine which factors influence the economic lifespan of the dams and to what extent. The results suggest that, without taking any restorative or behavioural effects into consideration, the lifespan of the Ntabelanga and Laleni dams are 55-68 years and 26-33 years, respectively. Introducing business-as-usual type behavioural patterns could reduce the dams' lifespans by between 35% and 44% due to the increased erosion. The increased soil erosion and resulting sedimentation is the direct result of increased human and animal movements due to the economic investment and associated land use change. Restorative and desirable behavioural action that will mitigate these impacts have the potential to reduce this loss to only 4%-9%. This would imply investing heavily both in restoration and in capacity-building and community development programmes to facilitate desirable behavioural change. In sum, this suggests that investment in social and natural capital has to coincide with the investment of financial capital in manufactured capital to make economic development last. Investment in social and natural capital could therefore be viewed as a type of insurance policy, and thus an insurance investment, against the risk of very plausible losses of the benefits derived from the manufactured capital (the dams). Alternatively, the opportunity cost of not investing in social and natural capital, is the much reduced lifespans of the dams and all associated economic benefits.",
A Bayesian approach to pricing longevity risk based on risk-neutral predictive distributions,INSURANCE MATHEMATICS & ECONOMICS,Bayesian approach; Pricing longevity risk; Maximum entropy principle; Risk-neutral predictive distribution; Japanese mortality rates,"We present a Bayesian approach to pricing longevity risk under the framework of the Lee-Carter methodology. Specifically, we propose a Bayesian method for pricing the survivor bond and the related survivor swap designed by Denuit et al. (2007). Our method is based on the risk neutralization of the predictive distribution of future survival rates using the entropy maximization principle discussed by Stutzer (1996). The method is illustrated by applying it to Japanese mortality rates. (C) 2009 Elsevier B.V. All rights reserved.",
Harnessing competencies capabilities and resource,RESEARCH-TECHNOLOGY MANAGEMENT,strategic alignment; core competency; corporate resources,"The importance of identifying and fostering corporate capabilities has been confused with creating competencies. Competencies are unique products or services, often created in the R&D labs, which can penetrate existing markets. Capabilities are the operational ability to deliver those new products and services efficiently, repeatedly and in sufficient volume. Capabilities and competencies are both required to succesfully place a product in the market. These must also be supported by corporate resources to ensure longevity. The importance of aligning competencies, capabilities and resources can be explained through the analogy of an axe blade splitting dense wood.",
Age in the Entrepreneurial Process: The Role of Future Time Perspective and Prior Entrepreneurial Experience,JOURNAL OF APPLIED PSYCHOLOGY,age; entrepreneurship; experience; life span; future time perspective,"Combining the life span developmental perspective with the process perspective of entrepreneurship, we develop hypotheses on the role of age in the entrepreneurial process. Specifically, we expect that younger people have a more extensive future time perspective than older people, which makes it more likely for younger (vs. older) people to transition from opportunity identification to forming entrepreneurial intentions. Further, we expect that older people have greater prior entrepreneurial experience than younger people, which makes it more likely for older (vs. younger) people to transition from forming entrepreneurial intentions to engaging in entrepreneurial activity. We tested our hypotheses using longitudinal data from 343 working adults from Australia across 12 months with 3 measurement waves. Results supported our hypotheses. Our findings suggest that age-related constructs can facilitate and hinder transitions in the entrepreneurial process.",
Co-evolution in an institutionalized environment,JOURNAL OF MANAGEMENT STUDIES,,"This paper examines the extent to which co-evolution can take place within a heavily constrained environment and how changes in the degree of institutionalization are relevant to opportunities for exercising strategic choice at the level of the firm. It addresses these questions through a detailed case study of a major Brazilian telecommunications company, Telemig, covering its life span of 27 years from 1973 to 2000. The insights obtained advance the theory of co-evolution by incorporating a political dimension of how organizations are transformed into new forms. In the case studied, new forms arose with radical changes in the rules affecting competition and with de-institutionalization of the economic regime by coalitions of actors who were strategically located in networks that crossed system levels. Although the Telemig case presents circumstances different to those usually addressed by studies of co-evolution, it nevertheless points to the virtues of combining a strategic choice approach with one that focuses on the isomorphic effects of institutional constraints.",
Mortality decline and long-run economic growth,JOURNAL OF PUBLIC ECONOMICS,mortality decline; dynastic family; longevity; social security,"This paper examines the impacts of mortality decline on long-run growth in a dynastic family, two-sector growth model with social security. A rise in longevity has direct effects on fertility, human capital investment, and growth, as well as indirect effects through increasing unfunded social security contributions. Both the direct and indirect effects depend on the relative strength of the tastes for the number and welfare of children and may have different signs. The net effects of rising longevity on fertility tend to be negative, but positive on human capital investment and growth. (C) 2001 Elsevier Science S.A. All rights reserved.",
Gone with the wind: Demographic transitions and domestic saving,REVIEW OF DEVELOPMENT ECONOMICS,,"This study explores the relationship between demographic factors and saving rates using a panel dataset covering 110 countries between 1963 and 2012. In line with predictions from theory, this paper finds that, on average, lower dependency rates and greater longevity are associated with higher domestic saving rates. However, these correlations are statistically robust only in Asia. In particular, Latin America, which is a region that has undergone a remarkably similar saving friendly demographic transition since the 1970s, did not experience the same boost in saving rates as Asia. The paper highlights that the potential dividends arising from a favorable demographic transition are not automatically accrued. This is a sobering message at a time when the demographic tide is shifting in the world.",
Centenary Agrarian Cooperatives in Catalonia: Characteristics and contribution to the SDGs,CIRIEC-ESPANA REVISTA DE ECONOMIA PUBLICA SOCIAL Y COOPERATIVA,Agricultural cooperativism; SDGs,"Agricultural cooperatives in Catalonia are characterised by their extraordinary longevity, with more than a quarter of them having reached a century of survival and operation (Socioeconomic Review of the Federacio de Cooperatives Agraries de Catalunya, FCAC, 2022, 2021 and 2020). Despite this durability, these organisations have been compelled to face important changes (evolution of the agricultural sector, consumer tastes' changes, government requirements, mechanisation and modernisation of the agricultural sector), as well as to respond to structural difficulties such as farm dimensions, ageing and generational renewal, among others. As a fundamental structure of the Social Economy, co-operatives carry out their activities under the premises of co-operative values and principles, becoming essential actors in the fulfilment of the Sustainable Development Goals (SDGs) (Villaescusa, 2019) approved within the framework of the United Nations General Assembly in September 2015. Referring to agri-food cooperatives, Mozas and Bernal (2020) highlight them as entities that constitute the backbone of the Social Economy, representing one of the basic instruments of rural development (Gallego, 2007). The proposal we make in this paper is as follows: agricultural cooperatives' demonstrate a longevity that requires a detailed analysis in order to determine the elements that contribute to it and that, in a tacit way, contribute to the fulfilment of some of the SDGs (4, 9, 12, 16 and 17). To achieve these research objectives, we use Bourdieu's (1986) Theory of Capital.",
Effect of manufacturing service transformation management on technological innovation,JOURNAL OF INNOVATION & KNOWLEDGE,Manufacturing service management; Technological innovation; Servitizaiton of input; Servitization of output,"The immediate need for servitization and digital technologies like the Internet of Things (IoT), cloud computing and predictive analysis must be addressed in manufacturing industries. This research aims to analyze the impact of manufacturing services transformation management from traditional methods to technological innovation. This research approached the panel data of Chinese multinational equipment manufacturing industries for the analytical purpose from 2011 to 2017. The unit-root test has checked the stationarity of panel data and cointegration regression checked the long-term relationship among selected variables. The research results have confirmed a long-run and positive relationship between service transformation management of manufacturing enterprises and technological innovation. The positive upward trend among these two variables is because of increasing market demand-driven, open innovation network construction and increase in capital (intellectual, human & financial capital). The negative sign of values is declared the validity of an inverted U-Shaped analysis, which confirms the relationship's longevity. The adaptation of technological innovation has also indicated the growing performance trend in service management enterprises. As per the rule of inverted U-Shaped law, at a specific point, the manufacturing enterprises' servitization management will start declining, and it will continue as a cyclic process. This research suggests that enterprises should prepare for the declining phase of servitization and sort out the other performance growth area, which will help to balance the performance of manufacturing enterprises wholesomely. (c) 2023 Published by Elsevier Espana, S.L.U. on behalf of Journal of Innovation & Knowledge. This is an open access article under the CC BY-NC-ND license (http://creativecommons.org/licenses/by-nc-nd/4.0/)",
Understanding the main drivers of family firm longevity: the role of business family learning,INTERNATIONAL STUDIES OF MANAGEMENT & ORGANIZATION,Business family; family firm; longevity; organizational learning; succession process,"Through an exploratory study of three long-standing German family firms, we propose a theoretical framework to study family firm longevity. Whereas research so far has mainly focused on the firm's level of analysis, this study aims to elucidate the role of the business family learning in the longevity of these long-standing family firms. Moreover, the business family is considered as an independent organizational entity capable of learning and developing. Drawing upon the concept of organizational learning, we find higher-level learning as a vehicle for defining the purpose of the business family-transgenerational control-and the implementation of necessary structures-succession processes. Lower-level learning ensures these successions processes are adaptable to environmental changes. Implications for theory and practice are discussed.",
Heterogeneity in the relationship between subjective well-being and its determinants over the life cycle: A varying-coefficient ordered probit approach,ECONOMIC MODELLING,Subjective well-being; Happiness; Aging; Semiparametric method; Varying-coefficient model; Ordered probit model,"We examine the evolution of the mechanism behind subjective well-being (SWB) across the lifespan using data from the 1972-2010 waves of the U.S. General Social Survey. By estimating a semiparametric varying-coefficient partially linear ordered probit model, we find that the influence of race, income, reference income, labor market status, marriage, and number of children on SWB varies greatly and nonlinearly along the life cycle. Among our results, we find that the effect of being black on the representative male's probability of being in the lowest happiness category falls from 9399 percentage points (pps) at age 29 to 1.709 pps at age 55, turning insignificant afterwards. Being unemployed is associated with an increase in the representative male's probability of being in the lowest happiness category by 6.322 to 15.896 pps, with the largest effect occurring at age 40. The varying-coefficient model enhances our understanding of when life events are most detrimental to a person's well-being. The heterogeneity found highlights that, in order to promote well-being effectively, public policies should be differentiated across people depending on their age. (C) 2015 Elsevier B.V. All rights reserved.",
VALUING THE LONGEVITY INSURANCE ACQUIRED BY DELAYED CLAIMING OF SOCIAL SECURITY,JOURNAL OF RISK AND INSURANCE,,"Individuals can claim Social Security at any age from 62 to 70, althoughmost claim at 62. We show that expected present value calculations substantially understate both the optimal claim age and the losses resulting from early claiming because they ignore the value of the additional longevity insurance acquired because of delay. Using numerical optimization techniques, we illustrate that the optimal claim age is between 67 and 70. We calculate that the amount by which benefits payable at suboptimal ages must be increased so that a household is indifferent between claiming at those ages and the optimal combination of ages can be as high as 19.0 percent.",
An explanation of the life span of new French firms,SMALL BUSINESS ECONOMICS,,"In contrast to previous studies on firm survival which tend to focus on features related to the structure of the firms and their area of activity, our aim here is to widen the perspective usually adopted in the field, taking into account a larger and more qualitative set of variables. Among these variables, features related to the individual characteristics of the entrepreneur, to the context of entrepreneurship and to the insertion in entrepreneurial networks are significant to explain the life span of new firms. The empirical material is drawn from two surveys, which provide detailed data about a group of new firms created in France in 1994 and closed down before 1997 or still running in 1997. Our empirical approach on qualitative data is based on data analysis methods ( linear discriminant analysis, barycentric discriminant analysis, analysis of variance). According to the characteristics of the entrepreneur, the main explanatory factors for the survival of new firms are the fact that they are entrepreneurs who have taken over firms, that they have acquired during their previous occupational activity an experience in the same branch of activity and that they experience a successful integration into the entrepreneurial networks. These three factors show that the survival of young firms is indirectly conditioned by the existence of an initial custom, by the mastery of a job and by the know-how in the entrepreneurial function.",
An investigation of team information processing in service teams: Exploring the link between teams and customers,JOURNAL OF THE ACADEMY OF MARKETING SCIENCE,service teams; team information processing; team norms; customer satisfaction,"In an effort to satisfy the needs of increasingly knowledgeable and demanding customers, many organizations are implementing teams in customer contact positions. Unfortunately, stifled information flows and poor communication often impede their effectiveness. To help managers build more effective teams, the authors develop and test a model of team information processing that includes both antecedents (information acquisition, team norms, team size, and team longevity) and outcomes (customer satisfaction with service). Data collected from 61 health care teams, as well as from 1,598 patients served by these teams, are used to investigate the hypothesized relationships between variables. Partial support for the model is provided. Based on these findings, implications for researchers and practitioners are offered.",
Modeling and pricing longevity derivatives using Skellam distribution,INSURANCE MATHEMATICS & ECONOMICS,Mortality modeling; Skellam distribution; Mortality forecasting; Longevity swaps; Heavy tail,"We propose a novel mortality improvement model with the difference of death counts follows the Skellam distribution. We extend Mitchell et al. (2013) by considering the difference in Poisson death counts instead of the ratio of subsequent mortality rate, which does not have a known distribution. We derive the iterative estimators of the model from the Skellam distribution. Our model can employ maximum likelihood estimation for estimation issues such as missing data and provides a better fit than Mitchell et al. (2013). Using English and Wales mortality rate age 0-89 data during 1950-2016, the model estimate suggests that the age-dependent mortality improvement is slower than the benchmark, which coincides with a recent observation by Office for National Statistics (2018). The forecasting performance outperforms the Poisson and M10 model. We make inferences on the price of longevity swaps and analyze how the volatility shock of mortality improvement affects the premium of longevity swaps. (C) 2021 Elsevier B.V. All rights reserved.",
Rationality of longevity expectations: Evidence from the Korean Longitudinal Study of Aging,JOURNAL OF BEHAVIORAL AND EXPERIMENTAL FINANCE,Longevity expectations; Subjective survival probability; Rational expectations hypothesis; Bayesian updating; Consumption growth,"This study utilizes data from the Korean Longitudinal Study of Aging to test the rational expectations hypothesis regarding longevity expectations. The rationality of longevity expectations is tested on two grounds: belief formation and its association with consumption and savings outcomes. Although individuals seem to have little knowledge of lifespan, they revise their survival forecast rationally and systematically in response to new information. The updating process follows a random walk as predicted by a Bayesian learning model. We also show that consumption and savings behaviors vary with this rationally formed expectations as if individuals make deliberate long-range plans. Overall, these findings lend further support to the rational expectations hypothesis and individuals as forward-looking decision makers. (C) 2017 Elsevier B.V. All rights reserved.",
Easy does it: an innovative view on developing career identity and self-direction,CAREER DEVELOPMENT INTERNATIONAL,Reflection; Brain development; Identity; Foreclosure; Career education; Self-direction,"Purpose A generally held belief in the field of career development is that career attitudes and abilities, including identity and self-direction, can and should be developed in school programmes with a cognitive focus. The purpose of this paper is twofold: first, to question this belief, and second, to provide a new perspective on career development that may inspire innovations for career science, and guidance during the lifespan. Design/methodology/approach Specific questions are formulated and answered on the basis of sources mainly stemming from neurosciences and different sub-disciplines of psychology. On the basis of a systems theory, a new approach is proposed. Findings Current approaches in career guidance are at odds with findings and insights from developmental sciences and brain research. Several risks of current approaches are described. One risk is identity foreclosure. Another risk involves the development of ineffective ways of thinking and decision making. A control theory that stems from cybernetics is proposed to offer an alternative view on career development. Originality/value This paper questions a mainstream approach and offers an original point of view.",
The emergence and evolution of benchmarking: a management fashion perspective,BENCHMARKING-AN INTERNATIONAL JOURNAL,Benchmarking; Evolution; Emergence; Management tool; Management concept; Management fashion,"Purpose - The purpose of this paper is to make a contribution to the benchmarking literature by examining the historical emergence and evolution of benchmarking using the management fashion perspective as a theoretical lens. Design/methodology/approach - The research approach followed in this paper can be characterized as explorative and theoretical. Insights from different data sources have been combined to provide a rich description of the emergence and evolution of benchmarking. Findings - This analysis casts new light on several aspects of benchmarking's emergence and evolution pattern. The characteristics of the benchmarking idea give it potential as a fashionable management tool. The widespread popularity and longevity of benchmarking can to a large extent be explained by the efforts of various actors to turn benchmarking into an institution. Research limitations/implications - The paper is explorative and is limited by a reliance on secondary sources. Originality/value - Although some researchers have noted that benchmarking could be viewed as a management fashion, management fashion theory has, only to a very limited extent, been used as a theoretical lens in the context of benchmarking. This research paper demonstrates that management fashion theory can provide valuable insights for research on benchmarking.",
The impact of creative competence and project management on longevity of the client-advertising agency relationship,JOURNAL OF BUSINESS & INDUSTRIAL MARKETING,Creativity; Advertising; Customer loyalty; Advertising agencies,"Purpose - The study aims to consider the overall impact of the service encounters and projects undertaken on the long-term relationship between the agency and its clients. Design/methodology/approach - The study uses a parallel mixed-method design incorporating quantitative and qualitative elements in the client-advertising agency context. Data obtain via an online survey in Study 1 were analysed using structural equation modelling and bias-corrected bootstrapping technique. Study 2 featured 15 in-depth interviews with marketing managers and project leaders. Findings - The findings revealed that advertising agencies deliver value and create trust through creativity aspects as well as project management processes. In addition, both perceived value and trust have crucial roles in fostering client-agency relationships and the continuance of business relationships. Value has a stronger direct effect on loyalty when compared with trust, confirmed by the results of Study 2. Several respondents pointed out the influence of client characteristics on both evaluation of creativity as well as loyalty. Practical implications - The results highlight the importance of project management and planning which should be seen as an investment by both parties. Moreover, agencies need to involve clients in the creative process and focus on marketing themselves and the value they add to enhance client loyalty. Originality/value - This study was the first to develop a model for the drivers of loyalty, drawing from literature in three key areas: service quality, relationship marketing and project management. An additional contribution of the study stems from the incorporation of an integrated parallel mixed-methods approach.",
THE EFFECT OF NONCONTRIBUTORY PENSIONS ON SAVING IN MEXICO,ECONOMIC INQUIRY,,"This paper examines the effects of noncontributory pension programs at the federal and state levels on Mexican households' saving patterns using micro data from the Mexican Income and Expenditure Survey. We find that the federal program curtails saving among households whose oldest member is either 18-54 or 65-69 years old, possibly through anticipation effects, a decrease in the longevity risk faced by households, and a redistribution of income between households of different generations. Specifically, these households appear to be reallocating income away from saving into human capital investments, like education and health. Generally, state programs have neither significant effects on household saving, nor does the combination of federal and state programs. Finally, with a few exceptions, noncontributory pensions have no significant impact on the saving of households with members 70 years of age or older-individuals eligible for those pensions, plausibly because of their dissaving stage in the lifecycle.",
Mortality modelling with Levy processes,INSURANCE MATHEMATICS & ECONOMICS,stochastic mortality; longevity risk; Levy processes,"This paper addresses the modelling of human mortality by the aid of doubly stochastic processes with an intensity driven by a positive Levy process. We focus on intensities having a mean reverting stochastic component. Furthermore, driving Levy processes are pure jump processes belonging to the class of a-stable subordinators. In this setting, expressions of survival probabilities are inferred, the pricing is discussed and numerical applications to actuarial valuations are proposed. (C) 2008 Published by Elsevier B.V.",
The Impact of Leadership Longevity on Innovation in a Religious Organization,JOURNAL OF BUSINESS ETHICS,leadership; innovation; not-for-profit; religious organizations; empirical study,"Navigating organizations through a changing environment is central to leadership. Thus, innovativeness has proven to be critical to the process of achieving strategic competitiveness (Yukl, Leadership in Organizations, 1998). This skill is particularly needed when the firm is confronted with the unique challenges of a religious organization. The existence of innovation and the dependencies that encourage or restrict its existence in this environment are largely unknown. Utilizing a sample of 250 religious organizations in five geographical areas this research explores the impact of the leader tenure on the degree of organizational innovation. An analysis of variance for innovative strategy use across the three tenure groups was significant, F (2, 247) = 6.08, p < 0.01, which indicated innovation differences across the three levels of leader tenure. Post hoc analysis indicated that the low tenure leadership group was associated with lower levels of innovation than either of the other groups. Detailed findings are presented and the managerial implications and suggestions are provided. This research has strong implications for implementation of leadership development and strategic management of the increasing number of socially conscious organizations and organizations with large volunteer components.",
Predicting career adaptability of fresh graduates through personal factors,EUROPEAN JOURNAL OF TRAINING AND DEVELOPMENT,Social support; Career adaptability; Self-esteem; Conscientiousness; Spiritual intelligence; Fresh graduate,"Purpose The purpose of this paper is to determine the contribution of personal factors towards career adaptability among fresh graduates who had been employed for less than two years. This cohort is considered as entry-level employees in organisations. Several dimensions of personal factors focussed in this study were self-esteem, conscientiousness, spiritual intelligence and social support. Design/methodology/approach This study used a quantitative approach using a cross-sectional survey. This study sample comprised fresh graduate employees (n = 423) from four Malaysian public universities. Findings The regression model fitted the data; the personal factors significantly predicted fresh graduates' career adaptability, F (4,418) = 31.982, p < 0.001. Conscientiousness showed the highest contribution compared to other variables, with social support being the lowest. Practical implications Owing to challenges faced by fresh graduates as entry-level employees, continuous career adaptation in the working environment is crucial for achieving satisfaction and success in life. All stakeholders, especially in higher education institutions, play an important role in inculcating the requisite personal traits in undergraduates to enhance their career adaptability upon joining the job market. Originality/value This study was conducted with fresh graduates as entry-level employees in Malaysia. It is hoped that the findings of this study would provide a better understanding of the impact of personal factors on career adaptability of fresh graduates in Malaysia so that the stakeholders involved could act accordingly to help fresh graduates enter the job market with the confidence to adapt to changes at the workplace.",
EFFECT OF AGEING ON THE OWNERSHIP OF DURABLE GOODS,SCOTTISH JOURNAL OF POLITICAL ECONOMY,,"I analyse how ageing affects the demand for non-housing durable goods. Based on the English Longitudinal Study of Ageing, individual characteristics, cohort and time effects can explain most of the age variation in the ownership and purchase of durable goods. A life-cycle model is derived to capture the complex relation between ageing and the demand for non-housing durable goods. Decreasing survival probability, deteriorating health and changing preferences are jointly reflected in the age gradient of demand. Simulations indicate that higher chances of survival increase the ownership ratio of the durable items.",
In search of lost leisure: the impact of caregiving on leisure travel,TOURISM MANAGEMENT,leisure travel; family caregivers; older adults; barriers to travel,"One of the fastest growing market segments of the tourism industry over the last two decades is made up of consumers 55 years of age and older. As we enter the new millennium, over 50 million of these mature adults will find themselves on the edge of retirement, equipped with the freedom and financial means to travel, but restricted by a loved one who may become ill or disabled. The purpose of this study was to explore the impact of caregiving on the leisure travel behaviors of family caregivers and their care-recipients. Qualitative data collection and analysis methods were employed. In addition to identifying impediments (physical, social, emotional) to pursuing or maintaining leisure travel for caregivers of older adults, the qualitative analysis yielded other emergent themes such as changes in patterns and types of leisure travel, entitlement, resentment, and anger. Implications and recommendations for researchers and practitioners are included. (C) 2003 Elsevier Ltd. All rights reserved.",
When are cartels stable contracts?,JOURNAL OF LAW & ECONOMICS,,"Why do some industry cartels survive for decades, while others are quickly undermined by price wars and entry? Variation in cartels' longevity can be explained by differences in their costs of self-enforcement and service value to members. Analyzing legal cartel contracts formed under the Webb-Pomerene Export Trade Act, I find that longer-lived cartels tended to export to small buyers, to have wide industry coverage, to operate in periods of stable prices and growing demand, and to sell under side agreements with foreign competitors. Contracts in which the cartel centralized its control through a common sales agency tended to be more stable. However, cartels usually grew less stable with age and when there was a recent and long history of cartelization in the industry. Finally, cartels whose primary rationale was to fix price tended to be particularly unstable, because these contracts invited fringe competition and entry.",
CONFLICT MANAGEMENT STRATEGIES IN FAMILY BUSINESS: A CASE STUDY OF BOSNIA AND HERZEGOVINA,EKONOMSKI VJESNIK,Family businesses; conflict management strategies; knowledge transfer; succession,"Purpose: The aim of this paper is to determine, theoretically and empirically, which strategies are most commonly used to manage conflict situations and to what extent conflict management strategies have an effect on knowledge transfer between owners and successors in family businesses in Bosnia and Herzegovina. This research empirically establishes a link between conflict management strategies and knowledge transfer. Methodology: In addition to theoretical conceptualization, the paper presents quantitative empirical research confirming the validity of the proposed hypothesis. Results: The results of the research show that owners who tend to use the integrating, obliging and compromising conflict management strategies, attach more importance to succession planning and transfer of knowledge and experience to successors. In contrast, dominant leaders are less willing to plan for succession, as they would prefer to retain all the crucial information and decision-making authority and are therefore reluctant to share their knowledge and power. Conclusion: Relevant conflict management strategies can be implemented to help maintain family relationships and ensure business continuity. Learning effective conflict management techniques is important for anyone involved in a family business. Thus, managing conflict is important for the success and longevity of family businesses.",
"Credit, Attention, and Externalities in the Adoption of Energy Efficient Technologies by Low-Income Households",AMERICAN ECONOMIC REVIEW,,"We study an energy efficient charcoal cookstove in an experiment with 1,000 households in Nairobi. We estimate a 39 percent reduction in charcoal spending, which matches engineering estimates, generating a 295 percent annual return. Despite fuel savings of $237 over the stove's two-year lifespan-and $295 in emissions reductions-households are only willing to pay $12. Drawing attention to energy savings does not increase demand. However, a loan more than doubles willingness to pay: credit constraints prevent adoption of privately optimal technologies. Energy efficient technologies could drive sustainable development by slowing greenhouse emisO13, O32, Q54)",
Why has Irish Social Partnership Survived?,BRITISH JOURNAL OF INDUSTRIAL RELATIONS,,"The present system of social partnership in Ireland is in its twentieth year. A range of explanations have been put forward to explain why social partnership has been so durable even though it does not possess the institutional endowments often considered necessary to sustain tripartite industrial relations arrangements. Although these accounts are considered to have merits, this article suggests that they also suffer from a range of weaknesses. The article suggests that the longevity of the social partnership regime is a result of it being part of an unorthodox system of institutional complementarities that triggered a spectacular period of economic and employment growth.",
Optimal consumption and portfolio choice of retirees with longevity risk,JOURNAL OF PENSION ECONOMICS & FINANCE,retirement period; mortality; life time distribution; asset allocation,The question how to optimize consumption and portfolio choice over the life cycle has been widely discussed in the literature so far. In this paper we concentrate on a retiree's optimal consumption and portfolio selection over his remaining years of life. We apply the logistic model of mortality thus modeling the empirically observed increase of mortality during the retirement period. The optimal consumption strategy and portfolio choice are established by reducing the Hamilton-Jacobi-Bellmann equation to the explicit solution of an ordinary differential function (ODF) that includes the mortality rate. A general finding is that the Merton-Samuelson result of constant portfolio choice for a constant mortality is confirmed for arbitrary mortality. The portfolio choice is only influenced by risk and return of assets and the retirees ' risk aversion. To get the specific optimal consumption strategy in a realistic situation the logistic model of mortality has been fitted to the data of the Statistical Yearbook for the Federal Republic of Germany 2006/2008. The optimal initial value for the ODF is obtained by numerical methods. The solution provides a large increase in the ratio of optimal consumption to wealth up to about 92 years followed by a sharp decrease. A bequest motive dampens the magnitudes of the ups and downs of the consumption ratio but does not change the basic shape.,
Seeking Lasting Enjoyment with Limited Money: Financial Constraints Increase Preference for Material Goods over Experiences,JOURNAL OF CONSUMER RESEARCH,financial constraints; discretionary spending; experiences and material goods; longevity; myopia,"Consumers with limited discretionary money face important trade-offs when deciding how to spend it. In the current research, we suggest that feelings of financial constraint increase consumers' concern about the lasting utility of their purchases, which in turn increases their preference for material goods over experiences. The results of seven studies confirm that the consideration of financial constraints shifts consumers' preferences toward material goods (rather than experiences), and that this systematic shift is due to an increased concern about the longevity of the purchase. This preference shift persists even when the material goods are more frivolous than the experiences, indicating that the effect is not driven by an increased desire for sensible and justifiable purchases. However, the shift toward material purchases disappears when the material good is unusually short lived, further implicating concern about longevity as the key driver of the effect. Finally, the consideration of financial constraints increases preference for material purchases even when the potential memories that experiences can provide are made explicitly salient. Together, these results indicate that financially constrained consumers spend their discretionary money on material purchases as a means of securing long-term consumption utility.",
"Investigating Long-Term Technological Competitiveness: Originality, Generality, and Longevity",IEEE TRANSACTIONS ON ENGINEERING MANAGEMENT,Industries; Economics; Research and development; Technological innovation; Entrepreneurship; Patents; Productivity; Generality; longevity; originality; technological competitiveness,"The evaluation and international comparison of technological competitiveness has received considerable attention from policymakers over the past decades. Technological competitiveness has been considered a desired outcome of technological innovation, which has become pivotal for a country's economic growth in this era of a global knowledge economy. Government efforts have increasingly shifted toward a long-term perspective of building a solid foundation for continually generating value from technological innovations. This suggests that progress comes in waves, each originating from a major breakthrough or generating potential wide applications. However, little is known regarding the long-term effects of research and development (R&D) on technological competitiveness at the aggregation levels of industries and countries. This article aims to provide an advanced understanding of the term technological competitiveness to enhance its usefulness for the evaluation of country and industry performance and for policy conclusions. This article attempts to propose revised originality, generality, and newly proposed longevity indicators at industry and country levels to evaluate long-term technological competitiveness. Regarding the long-term evaluation of technological competitiveness, this article argues that the originality, generality, and longevity of R&D are features of technological progress that are vital for triggering innovation, and they are becoming increasingly crucial for long-term competitiveness.",
Dependence bounds for the difference of stop-loss payoffs on the difference of two random variables,INSURANCE MATHEMATICS & ECONOMICS,Difference of stop -loss payoffs; Difference of random variables; Dependence bounds; Comonotonicity; Countermonotonicity,"This paper considers the difference of stop-loss payoffs where the underlying is a difference of two random variables. The goal is to study whether the comonotonic and countermonotonic modifications of those two random variables can be used to construct upper and lower bounds for the expected payoff, despite the fact that the payoff function is neither convex nor concave. The answer to the central question of the paper requires studying the crossing points of the cumulative distribution function (cdf) of the original difference with the cdf's of its comonotonic and countermonotonic transforms. The analysis is supplemented with a numerical study of longevity trend bonds, using different mortality models and population data. The numerical study reveals that for these mortality-linked securities the three pairs of cdf's generally have unique pairwise crossing points. Under symmetric copulas, all crossing points can reasonably be approximated by the difference of the marginal medians, but this approximation is not necessarily valid for asymmetric copulas. Nevertheless, extreme dependence structures can give rise to bounds if the layers of the bond are selected to hedge tail risk. Further, the dependence uncertainty spread can be low if the layers are selected to hedge median risk, and, subject to a trade-off, to hedge tail risk as well.(c) 2022 Elsevier B.V. All rights reserved.",
Sustainability performance and social media: an explorative analysis,MEDITARI ACCOUNTANCY RESEARCH,Twitter; Social media; ESG,"Purpose This paper aims to present a deep understanding of how social media affects organisations' sustainability performance, using environmental, social and governance (ESG) factors. Particularly, this paper assumes the existence of a causal relationship between organisations' sustainability performance and the use of their social media profile (i.e. Twitter). Design/methodology/approach The authors used a multivariate regression with an explorative approach. Using Thomson Reuters Eikon, the authors composed a sample of 115 public EU companies with a headquarter in Europe operating in the energy and utilities sectors. The authors collected ESG-related, financial and Twitter-related data covering the period 2016-2019. Findings The study findings emphasise the existence of a statistically significant and positive relationship between social media profiles (i.e. Twitter) and companies' sustainability performance. Findings show that ESG-oriented companies use their Twitter profile more as a tool for achieving a higher level of legitimation rather than for managing their sustainability strategy and related performance. Therefore, social media contribute more to the construction of companies' CSR identity than the management of analytic aspects of sustainability performance. The longevity of companies' profiles is the variable mostly showing a causal relationship not only with the general measure of companies' sustainability performance but also with its pillars and sub-pillars. Originality/value This research is original in showing academics, practitioners and policymakers results on the impact of different modalities of interaction (retweets, replies, likes and quotes) between organisations and stakeholders by using social media on sustainability performance.",
Post global financial crisis multiplex financial network structure investigation for 234 countries,EQUILIBRIUM-QUARTERLY JOURNAL OF ECONOMICS AND ECONOMIC POLICY,multiplex financial network; structure longevity; global financial crisis; re-globalization,"Research background: International capital flows show decreasing trend after each financial crisis as countries become unwilling to invest in risky counterparties. Recent discussions over structural changes within the global financial network suggest that its structure may be still undergoing some changes. Uncovered weaknesses of over -connectedness with unstable unally countries during global financial crisis were further highlighted by recent Covid-19 pandemic. However, previous research suggest that important structural changes happened after global financial crisis. Thus, such situation raises a question whether post global financial crisis multiplex network structure is long-term and is it exhibiting re -globalization pattern as suggested by re -globalization megatrend. Purpose of the article: The main objective of the paper is to assess post global financial crisis multiplex financial network structure longevity and to identify whether it exhibits reglobalization pattern. Methods: Multiplex financial network mapping, network topological analysis and structure longevity methods were employed to evaluate network connectedness, topological structural properties of multiplex financial network and its' structure longevity. 5-layer multiplex financial network was mapped for different types of capital flows for each layer: net direct and portfolio investments in debt, equity and net banking assets for each year in the post global financial crisis period 2009-2020. Each network layer employed bilateral data from up to 234 countries of the world. Next step of research employed a set of network-level measures defining topological features of each network in the period of 2009-2020 in order to capture the trend of structural changes and evidence of re-globalization. The final stage analyzes multiplex financial network structure by layer and country longevity. Findings & value added: Analysis reveals that stock (positions) multiplex financial network aggregate connectedness, i.e., density and value, increased during post- global financial crisis period until Covid-19 pandemic period, thus, suggesting that globalization in terms of stock is continuing. Topological structural properties of multiplex financial network changed as number of strongly and weakly connected countries decreased and more countries became included in network. Longevity analysis of layer and country structure within multiplex financial network reveal that banking and debt investments are increasing since 2018, while equity part is decreasing. Developed countries, i.e., the United Kingdom and Germany, decrease in multiplex financial network structure, while developing, especially from Asia region (i.e., Hong Kong SAR, China and Singapore) increase. Such empirical results support the re-globalization megatrend in terms of investment type and counterparty structure as highlighted by most recent scientific discussion showing that it started early after global financial crisis. Research also uncovers some regional trends of Asia region increasing in investment network structure, while Europe decreasing. As developing countries attract more and more investment and further develop, global cost saving and, thus, returns from global investment into these countries may be decreasing, resulting in lower gain from globalization. Our analysis may facilitate investment strategy decisions by suggesting that even though gains from globalization might be decreasing, instead of localization, countries could follow ally investment strategy to manage the risk of over-dependency from unstable counterparty while preserving globalization wealth.",
What Influences Choice of Business-to-Business Connectivity Platforms?,INTERNATIONAL JOURNAL OF ELECTRONIC COMMERCE,B2B platforms; electronic invoicing; connectivity platform; choice problem; platform features; conjoint analysis,"Business-to-Business platforms provide connectivity and data exchange services and compete in several dedicated services, such as electronic invoicing (e-invoicing). Thus far, little research has examined the factors that influence firms' choice among competing platforms: Which platform features matter, and in what proportion in the decision maker's choice? To address this gap, we conduct an empirical study and triangulate with past theoretical explanations that have sought to account for the firm's choice. Based on the analysis, we formulate a platform selection model that includes nine features: (1) reach, (2) total cost, (3) usability, (4) ease of system integration, (5) implementation capability, (6) platform support for service improvement, (7) service customization, (8) platform reputation, and (9) long-term sustainability. We apply conjoint analysis using firms' selection data, collected from 282 firms that have recently made a purchase decision among e-invoicing platforms. All features except the vendor's implementation capability are found to significantly influence the platform choice. Two featuresusability and reachdominate the choice and account for nearly 50 percent of the likely outcome. We use cluster analysis to examine the effect of firm size on firms' preferences in platform features. As hypothesized, larger companies prefer interoperability, scale, and network effects, while smaller companies value local use efficiency and ease of use because they are more concerned with usability and cost. Our theoretical and managerial claims concerning platform choice highlight the difficulty of bootstrapping, the role of pricing and cost, the minor importance of implementation-related features, and the impact of longevity during platform contracting.",
The Changing Stakeholder Map of Formula One Grand Prix in Shanghai,EUROPEAN SPORT MANAGEMENT QUARTERLY,Events; auto racing; stakeholder theory; China,"In recent years, Formula One Auto Racing Grand Prix (F1) in Shanghai has been dramatically impacted by the global recession and changes to the local and national political-economic landscape. Due to the short lifespan of the event (from 2004 through 2010), and the drastic changes that have occurred, F1 Shanghai provides a unique case to examine the manner through which the importance of stakeholders in a sport event environment change. Using Mitchell, Agle and Wood's (1997) model, the current study develops two different stakeholder maps of the F1 Shanghai event. In doing so, salience changes precipitated by the turmoil occurring within the industry are assessed. By developing different stakeholder maps in different time periods, event organizers and managers may better understand the dynamics of stakeholder interests and relationships, which will be useful as event managers develop corresponding strategies to cope with stakeholder changes in future events.",
"Warrants, ownership concentration, and market liquidity",MANAGERIAL FINANCE,Warrants; Option exercises; Ownership concentration; Liquidity; Shareholders,"Purpose - Firms issuing equity securities for capital must recognize that this issuance may alter the ownership concentration of the firm. Through this change in ownership structure, the market liquidity of the firm's stock may also change, which has implications for the cost of equity capital and firm value. This paper aims to examine a specific security, the common stock purchase warrant, within this context. It also aims to posit that the decision to issue warrants has important implications for the firm's subsequent ownership structure and market liquidity. Design/methodology/approach - The paper's unique dataset of warrant-issuing firms tracks the warrants from their issue through to their exercise. Based on the study of SEOs by Kothare, the ownership concentration and market liquidity of the underlying stock prior to and following warrant exercises are measured. The paper examines the causal relations between warrant exercises and ownership changes, and between ownership changes and market liquidity. Findings - The paper shows that firms experience a statistically and economically significant decrease in ownership concentration following warrant exercises. Examining the liquidity effects of this change in ownership, it shows that market liquidity increases significantly after the exercise of warrants, consistent with the literature. The decrease in concentration following warrant exercises is experienced exclusively by firm insiders. The paper also finds that outsiders increase their holdings in firms with a high concentration of inside holdings and in firms with a low concentration of outside holdings prior to warrant exercises; that is, they use warrant offerings to increase their influence in the firm. Originality/value - This study is the first to the authors' knowledge that investigates warrants through their entire life span, and the first to examine the effects of warrant exercises on the performance and market liquidity of the firm. The results contribute to securities issuance, ownership, and liquidity literatures.",
Inventory decisions in Dell's supply chain,INTERFACES,"inventory, production : applications; industries : computer, electronic","The Tauber Manufacturing Institute (TMI) is a partnership between the engineering and business schools at the University of Michigan. In the summer of 1999, a TMI team spent 14 weeks at Dell Inc. in Austin, Texas, and developed an inventory model to identify inventory drivers and quantify target levels for inventory in the final stage of Dell's supply chain, the revolvers or supplier logistics centers (SLC). With the information and analysis provided by this model, Dell's regional materials organizations could tactically manage revolver inventory while Dell's worldwide commodity management could partner with suppliers in improvement projects to identify inventory drivers and to reduce inventory. Dell also initiated a pilot program for procurement of XDX (a disguised name for one of the major components of personal computers (PCs)) in the United States to institutionatize the model and promote partnership with suppliers. Based on the model predictions, Dell launched e-commerce and manufacturing initiatives with its suppliers to lower supply-chain-inventory costs by reducing revolver inventory by 40 percent. This reduction would raise the corresponding inventory turns by 67 percent. Net Present Value (NPV) calculations for XDX alone suggest $43 million in potential savings. To ensure project longevity, Dell formed the supply-chain-optimization team and charged it with incorporating the model into a strategic redesign of Dell's business practices and supervising improvement projects the model identified.",
"The Impact of Pharmaceutical Innovation on Premature Mortality, Cancer Mortality, and Hospitalization in Slovenia, 1997-2010",APPLIED HEALTH ECONOMICS AND HEALTH POLICY,,"Background In Slovenia during the period 2000-2010, the number of years of potential life lost before the age of 70 years per 100,000 population under 70 years of age declined 25 %. Objective The aim of this study was to test the hypothesis that pharmaceutical innovation played a key role in reducing premature mortality from all diseases in Slovenia, and to examine the effects of pharmaceutical innovation on the age-standardized number of cancer deaths and on hospitalization from all diseases. Estimates and other data were used to calculate the incremental cost effectiveness of pharmaceutical innovation in Slovenia. Method Longitudinal disease-level data was analyzed to determine whether diseases for which there was greater pharmaceutical innovation-a larger increase in the number of new chemical entities (NCEs) previously launched-had larger declines in premature mortality, the age-standardized number of cancer deaths, and the number of hospital discharges. My methodology controls for the effects of macroeconomic trends and overall changes in the healthcare system. Results Premature mortality from a disease is inversely related to the number of NCEs launched more than 5 years earlier. On average, the introduction of an additional NCE for a disease reduced premature mortality from the disease by 2.4 % 7 years later. The age-standardized number of cancer deaths is inversely related to the number of NCEs launched 1-6 years earlier, conditional on the age-standardized number of new cancer cases diagnosed 0-2 years earlier. On average, the launch of an NCE reduced the number of hospital discharges 1 year later by approximately 1.5 %. Conclusions The estimates imply that approximately two-thirds of the 2000-2010 decline in premature mortality was due to pharmaceutical innovation. If no NCEs had been launched in Slovenia during 1992-2003, the age-standardized number of cancer deaths in 2008 would have been 12.2 % higher. The NCEs launched in Slovenia during 2003-2009 are estimated to have reduced the number of hospital discharges in 2010 by 7 %. If we assume that pharmaceutical expenditure was the only type of expenditure affected by pharmaceutical innovation, the cost per life-year saved was (sic)3,953, which is well below even the lowest estimates of the value of a life-year saved. Moreover, 85 % of the increase in drug expenditure may have been offset by a reduction in hospital expenditure; therefore. the cost per life-year saved may have been only (sic)611.",
The ethics of infinite impact,JOURNAL OF RESPONSIBLE INNOVATION,Impact; innovation; transhumanism; ethics,"Transhumanism, the research program devoted to increasing our physical and mental abilities and lengthening our lifespan, casts light on the term 'responsible innovation'. The goals of the transhumanists strike some as ludicrous, but the space between transhumanist pipedreams and the sober plans of the research community are essentially the same. This implies that talk of 'responsible innovation' is a cheat, for there is nothing responsible, or ethical, about a research culture whose goals are implicitly infinite.",
Leader Development Begins at Home: Overparenting Harms Adolescent Leader Emergence,JOURNAL OF APPLIED PSYCHOLOGY,leader emergence; overparenting; self-esteem; leader self-efficacy; leader development,"There is increasing interest in the early roots and influencing factors of leadership potential from a life span development perspective. This conceptual and empirical work extends traditional approaches focusing on adults in organizational settings. From the perspective of early influences on leader development, the goal of this study was to examine the effects of overparenting on adolescent leader emergence, influencing mechanisms, and sex differences. Students (N = 1,255) from 55 classrooms in 13 junior high schools participated, with additional responses from their parents, peers, and teachers. The results indicated that overparenting is negatively related to adolescent leader emergence as indicated by parent ratings, teacher ratings, and peer nominations in addition to leader role occupancy. The negative effects of overparenting on leader emergence (perceived and actual) were serially mediated by self-esteem and leader self-efficacy. In addition, sex difference analysis revealed that male adolescents received more overparenting and showed less leader emergence (perceived and actual) than female adolescents. Female adolescents' self-esteem was more likely to be negatively related to overparenting, and female adolescents' leader emergence (perceived and actual) was more strongly related to their leader self-efficacy when compared with male adolescents. Implications for life span leader development theory, for youth and adult leadership development practices, and for parenting practices on future generations are discussed.",
"The human development index: a response to Klugman, Rodriguez and Choi",JOURNAL OF ECONOMIC INEQUALITY,Human development; Tradeoffs; Weights; Longevity; Schooling,"Each year, the mass media and many governments look keenly at the country rankings by the Human Development Index (HDI), as published in the annual Human Development Reports (HDR). Klugman, Rodriguez and Choi (KRC) were members of the team that produced the 20th anniversary edition of the HDR (United Nations Development Programme (UNDP), 2010) which introduced a new version of this popular index. However, Ravallion (2010) argued that the new HDI has a number of undesirable features, some shared with the old index and some new. This note responds to the points made by KRC (J Econ Inequality 9(2):249-288, 2011) in their defense of the new HDI.(1).",
A Dynamic Factor Approach to Mortality Modeling,JOURNAL OF FORECASTING,mortality; dynamic factor models; forecasting,"Longevity risk has become one of the major risks facing the insurance and pensions markets globally. The trade in longevity risk is underpinned by accurate forecasting of mortality rates. Using techniques from macroeconomic forecasting we propose a dynamic factor model of mortality that fits and forecasts age-specific mortality rates parsimoniously. We compare the forecasting quality of this model against the Lee-Carter model and its variants. Our results show the dynamic factor model generally provides superior forecasts when applied to international mortality data. We also show that existing multifactorial models have superior fit but their forecasting performance worsens as more factors are added. The dynamic factor approach used here can potentially be further improved upon by applying an appropriate stopping rule for the number of static and dynamic factors. Copyright (c) 2013 John Wiley & Sons, Ltd.",
Mortality improvement by socio-economic circumstances in England (1982 to 2006),BRITISH ACTUARIAL JOURNAL,Socio-Economic Circumstance; Mortality Improvement Rates; Longevity Risk; Basis Risk,"Assessing longevity risk is crucial to the financial management of annuities and longevity-related financial instruments. Actuaries have been using socio-economic circumstances (SEC) of individuals estimated through postcodes, pension size and occupation to price annuities for prospective customers. Differences in mortality rates of people in different SEC have been discussed extensively but less is known about how their mortality rates have changed over time. A lack of regular, consistent and credible mortality data for people in different SEC has hampered the study of historical mortality trends. This in turn has made forecasting a greater challenge. To address some of these data issues, we have obtained mortality and population data between 1981 and 2007 for England, divided into SEC quintiles (measured by the relative deprivation of the area of residence according to the Index of Multiple Deprivation (IMD) 2007). Using the data, we have analysed the mortality trends by SEC. These findings can provide insight into mortality improvement for people in different SEC. This can contribute to commercial decisions for annuity businesses, reinsurance and longevity swaps.",
SURVIVAL AND LONGEVITY OF FAMILY BUSINESSES: A CASE OF EASTERN BUSINESS CULTURE,E & M EKONOMIE A MANAGEMENT,Family business; family involvement; business survival; business success; eastern business culture; western business culture; Sri Lanka,"The main objective of this study is to understand how Sri Lankan family businesses' survive over the long term, across generations. Even though previous studies on Western business culture have adequately conceptualized operations family businesses, a huge knowledge vacuum and/or several inconsistencies are shown in Eastern business culture in case of survival and longevity of family businesses. Studies from both cultures commonly affirm that family businesses outperform over non-family firms in the short run. Similarly, most studies from Western business culture assure that family businesses are suffering from business survival problem in the long run. Contradicting to this research finding emerged in Western business culture, most Sri Lankan family businesses are reported surviving over generation from the inception. As a result, a requirement of an academic analysis of Sri Lanka family businesses has emerged. Twenty two interviews from twelve family businesses (cases) facilitated an understanding of how family members become dedicated partners of the business and contribute to its survival. Respondents were either managers or owners. Purposive sampling techniques facilitated to select respondents from respective cases. Interviews indicated that education and business challenges motivate family members to remain strongly engaged in the business, as do familial bonds and the subsequent tacit knowledge. Further, respondents revealed the interdependence of business success and the personal success of family members. Therefore, family businesses in the context of Sri Lankan business culture have experienced above-average durations of business survival in comparison to Western business culture.",
Spillover of cause-specific longevity interventions: an independent mortality risk model,EUROPEAN JOURNAL OF HEALTH ECONOMICS,mortality; longevity; spillover; intervention,"As an alternative to the competing mortality risk model, this paper presents an independent mortality risk model in which the complementarity among various longevity investments is less obvious. In studying spillover effects of cause-specific longevity interventions, it distinguishes between two types of such interventions: cause-specific price reductions and cause-specific direct provisions. It finds that a cause-specific direct provision always has a positive spillover effect on longevity investments for other causes, but a cause-specific price reduction may have a negative spillover effect due to a substitution effect.",
Labor Markets,JOURNAL OF POLITICAL ECONOMY,,,
Effect of the COVID-19 frailty heterogeneity on the future evolution of mortality by stratified weighting,JOURNAL OF DEMOGRAPHIC ECONOMICS,Frailty; mortality modeling; post-stratification,"The starting point of our research is the inadequacy of assuming, in the construction of a model of mortality, that frailty is constant for the individuals comprising a demographic population. This assumption is implicitly made by standard life table techniques. The substantial differences in the individual susceptibility to specific causes of death lead to heterogeneity in frailty, and this can have a material effect on mortality models and projections-specifically a bias due to the underestimation of longevity improvements. Given these considerations, in order to overcome the misrepresentation of the future mortality evolution, we develop a stochastic model based on a stratification weighting mechanism, which takes into account heterogeneity in frailty. Furthermore, the stratified stochastic model has been adapted also to capture COVID-19 frailty heterogeneity, that is a frailty worsening due to the COVID-19 virus. Based on different frailty levels characterizing a population, which affect mortality differentials, the analysis allows for forecasting the temporary excess of deaths by the stratification schemes in a stochastic environment.",
The Age-Related Effect of Job Autonomy on Depressive Symptoms Through Selective Optimization With Compensation: A Two-Wave Panel Study,WORK AGING AND RETIREMENT,,"Selective optimization with compensation (SOC) is an effective behavioral strategy for coping with age-related changes across the work lifespan. However, the role of work-related determinants as well as their interplay with employees' SOC use and health over time is yet unclear. Our two-wave panel study among N = 335 nurses investigated job autonomy as an antecedent of SOC at work and tested further whether SOC is effective for decreasing depressive symptoms over time. Moreover, we examined the moderating effects of age on these associations. Results of our two-wave cross-lagged panel analyses show that in older employees, job autonomy is more conducive to the use of SOC behaviors at work. Furthermore, employees' SOC use is efficient for decreasing depressive symptoms over time. Finally, we observed a significant conditional indirect effect of job autonomy on depressive symptoms through SOC for older employees, but not for younger employees. Our findings contribute to a better understanding of the underlying dynamics of job design across the work lifespan and corroborate the importance of the SOC model for lifespan perspectives on occupational health research and practice.",
Social advocacy: a conceptual model to extend post-intervention effectiveness,JOURNAL OF STRATEGIC MARKETING,Social programs; behaviour change; advocacy; interventions,"Commercial marketing literature highlights benefits from brand advocates who recruit and promote in the interest of the commercial entity. However, a similar focus is lacking on how advocacy can extend the effectiveness of social change initiatives. We utilise a case study to demonstrate the benefit of social advocacy and its impact on behaviour change, and thereby propose an advocacy model. To develop this conceptual model, we discuss several key areas; behaviour change and advocacy, advocate identification, and how to influence advocacy within communities and individuals. This research provides a guiding framework for practitioners to develop programs and interventions with advocacy triggers and strategies to enhance the longevity and effectiveness of social change programs through participant-based advocacy. Thus, giving intervention programs in a variety of organisational structures e.g. non-profit, corporate, government etc. a specific model to increase the effectiveness of social programs. Our paper extends behaviour change literature by leveraging social marketing concepts to modify and extend the transtheoretical model.",
"Why did they not get married? Biological, economic and family determinants of celibacy in rural Spain (1785-2010)",INVESTIGACIONES DE HISTORIA ECONOMICA,Singlehood; Celibacy determinants; Behaviour; Rural,"The aim of this article is to analyze the determinants of celibacy at 45 years of age in the generations born between 1785 and 1965. Men and women will be analyzed separately, based on individual variables, such as family, economic, nutritional, physical and behavioural factors. To do this we will divide the period into two sub-periods, one pre-transitional (born between 1785 and 1900) and another transitional and post-transitional (born between 1900 and 1965). The microdata for the analysis comes from nine rural municipalities of the region of Aragon, in north-eastern Spain. The results will highlight the influence of the family, economic, nutritional and physical contexts on the marital status at the age of 45. (C) 2018 Asociacion Espaflola de Historia Economica. Published by Elsevier Espafia, S.L.U. All rights reserved.",
Multi-Temporality and the Ghostly: How Communing with Times Past Informs Organizational Futures,JOURNAL OF MANAGEMENT STUDIES,multi-temporality; organizational ghosts; rhetorical history; strategic change; temporality,"Despite growing interest in time, history, and memory, we lack an understanding of the multi-temporal reality of organizations - how past, present, and future intersect to inform organizational life. In assuming that legacies are bequeathed from past to present, there has been little theorization on how this works practically. We propose that the lexicon of the ghostly can help. We contribute a theory of ghostly influence from past to future by offering a framework focusing on core moments of organizational existence: foundation, strategic change, and longevity commemoration, and illustrate this using a case study of consumer goods multinational Procter & Gamble (1930-2010). In showing that organizational ghosts, absent members whose presence is consequential to the actions of living members, are active and dialogical, we illuminate a dialectical interaction missing from other non-linear conceptions of temporality. This emphasizes the performative force of a dynamic past that provides an inference to action in the present and future.",
"Health, Social Insurance and Income",INTERNATIONAL ADVANCES IN ECONOMIC RESEARCH,Health; Structure; Equality; Efficiency; Social insurance; Income,"Health, a form of human capital, can be defined by longevity and physical wellbeing. Social policy decisions require an understanding of the factors that contribute to the creation of health inequalities. To learn more about socioeconomic variables and health capital, this paper examines the relationship between three key variables: health, social insurance, and income, for the Swedish population. Using a randomized research survey design, data from 3,600 participants of a larger Swedish study, conducted in 2005, was analyzed. A linear model of Three Stage Least Squares was chosen to correct for simultaneous bias in the Health, Social Insurance, and Income (HSI) Model. Findings confirm the importance of socioeconomic, behavioral and environmental factors in explaining health inequalities. The results clearly show men, educated people, nonsmokers, individuals that exercise and youngsters possess higher health status than other people. The dependency on social insurance is mainly caused by poor health; a higher degree of social insurance dependency was offset by income increases due to age and higher professional level.",
