Title,Source title,Year,DOI,Cited by,term_loc
Impact of urbanization and income inequality on life expectancy of male and female in South Asian countries: a moderating role of health expenditures,Humanities and Social Sciences Communications,2023,10.1057/s41599-023-02005-1,36,title
Resource dependence and life expectancy in sub-Saharan Africa: Does financial sector stability break the curse?,Resources Policy,2024,10.1016/j.resourpol.2024.105243,13,title
The Impact of Digitalization on Socio-Economic Development of the Metropolis (on the Example of Almaty),Economy: strategy and practice,2023,10.51176/1997-9967-2023-2-57-73,0,abstract
Mobile money innovations and health performance in sub-Saharan Africa,Technology in Society,2023,10.1016/j.techsoc.2023.102312,9,abstract
Cost-Effectiveness of Mepolizumab Add-On in the Treatment of Severe Eosinophilic Asthma in Chile,Value in Health Regional Issues,2023,10.1016/j.vhri.2022.12.007,8,abstract
Exploring the determinants of ecological efficiency in selected emerging economies using pooled mean group estimator,Regional Statistics,2023,10.15196/RS130207,3,abstract
A review of IoT systems to enable independence for the elderly and disabled individuals,Internet of Things (Netherlands),2023,10.1016/j.iot.2022.100653,98,abstract
Reprint of: Instilling the core tenets of hospitality in healthcare services: The role of service assurance and social presence,International Journal of Hospitality Management,2023,10.1016/j.ijhm.2023.103514,5,abstract
The role of gender life expectancy in environmental degradation: new insights for the BRICS economies,"Environment, Development and Sustainability",2024,10.1007/s10668-023-03097-0,16,title
"In search of growth in Mexico, what about social convergence?; [En busca del crecimiento en México, ¿y si hablamos de convergencia social?]",Problemas del Desarrollo,2023,10.2110/palo.2021.063,0,abstract
Beyond a single story: The heterogeneity of human flourishing in 22 countries,International Journal of Wellbeing,2023,10.5502/ijw.v13i4.3555,21,abstract
"Investigating the role of health, education, energy and pollution for explaining total factor productivity in emerging economies",Humanities and Social Sciences Communications,2022,10.1057/s41599-022-01083-x,9,abstract
Piece-wise Droop Control Algorithm in Renewable Fed DC Microgrid Voltage Regulation using Super-capacitors,Smart Grids and Sustainable Energy,2024,10.1007/s40866-024-00209-1,6,abstract
Cost-Effectiveness Analysis of Inguinal Hernia Repair With Mesh Performed by Surgeons and Medical Doctors in Ghana,Value in Health Regional Issues,2022,10.1016/j.vhri.2022.07.004,7,INDEX_KW_ONLY
Quality of life: The role of tourism and renewable energy,"International Journal of Applied Economics, Finance and Accounting",2024,10.33094/ijaefa.v18i1.1286,4,abstract
Examination of a Health Production Function: Evidence from South Asian Countries,Southeast Asian Journal of Economics,2022,,9,abstract
The role of public health expenditure in reducing infant mortality rate in India: insights from cointegration analysis,International Journal of Health Governance,2024,10.1108/IJHG-06-2024-0074,1,INDEX_KW_ONLY
Life expectancy trends in Western countries,Futuribles: Analyse et Prospective,2022,,0,title
Sex Differential Dynamics in Coherent Mortality Models,Forecasting,2022,10.3390/forecast4040045,1,abstract
Infectious diseases and health outcomes’ implications of natural resource curse in Africa,Resources Policy,2023,10.1016/j.resourpol.2023.103394,12,abstract
Cost-Effectiveness of Empagliflozin in Combination with Standard Care versus Standard Care Only in the Treatment of Heart Failure Patients in Finland,ClinicoEconomics and Outcomes Research,2023,10.2147/CEOR.S391455,16,abstract
"Nexus Between Life Expectancy, Education, Governance, and Carbon Emissions: Contextual Evidence from Carbon Neutrality Dream of the USA",Journal of the Knowledge Economy,2024,10.1007/s13132-024-01839-7,4,title
Determinants of health system efficiency in middle-east countries-DEA and PLS-SEM model approach,International Journal of System Assurance Engineering and Management,2024,10.1007/s13198-023-02159-w,13,abstract
"Years of Life Lost due to Premature Mortality in Russia, 1990-2021",Population and Economics,2024,10.3897/popecon.8.e112749,2,abstract
Economic Impact of Metabolic Dysfunction-Associated Steatotic Liver Disease (MASLD) in Italy. Analysis and Perspectives,ClinicoEconomics and Outcomes Research ,2024,10.2147/CEOR.S472446,9,INDEX_KW_ONLY
CLEAN ENERGY A COMPETITIVE ALTERNATIVE FOR MICROENTERPRISES DESPITE INVESTMENT UNCERTAINTY IN MEXICO,Fuzzy Economic Review,2023,10.25102/fer.2023.02.02,0,abstract
Scheduling of the HVAC system in a real commercial building considering equipment cycling and rebound effects,Frontiers in Energy Research,2023,10.3389/fenrg.2023.1283369,1,abstract
Bayesian joint modelling of life expectancy and healthy life expectancy and valuation of retirement village contract,Scandinavian Actuarial Journal,2024,10.1080/03461238.2023.2232816,6,title
Population Aging Under Pandemic Conditions; [Bevölkerungsalterung unter Pandemiebedingungen],Wirtschaftsdienst,2023,10.2478/wd-2023-0038,0,abstract
"Analyzing the Interaction Among Tourism, Life Expectancy, and Unemployment in Japan: Insights From Cointegration and Conditional Causality Approach",International Journal of Tourism Research,2024,10.1002/jtr.2736,20,title
Losses of lifetime employment duration and productivity for patients with different subtypes and stages of lung cancer,European Journal of Health Economics,2024,10.1007/s10198-023-01624-4,6,INDEX_KW_ONLY
Influence of social determinants of health in the evolution of the quality of life of older adults in Europe: A comparative analysis between men and women,Humanities and Social Sciences Communications,2024,10.1057/s41599-024-02899-5,8,abstract
Models of Collective Behavior in Russia: Past (300 Years) and Future; [Модели коллективного поведения в России: прошлое (300 лет) и будущее],Mir Rossii,2023,10.17323/1811-038X-2023-32-4-36-55,0,abstract
"Digital Transformation: Background, Trends, Risks, and Threats",Social and Legal Studios,2022,10.32518/2617-4162-2022-5-2-61-67,10,abstract
Ecocentrism and Biosphere Life Extension,Science and Engineering Ethics,2022,10.1007/s11948-022-00404-2,12,INDEX_KW_ONLY
The Role of Environmental Conditions and Purchasing Power Parity in Determining Quality of Life among Big Asian Cities,International Journal of Energy Economics and Policy,2023,10.32479/ijeep.13583,12,abstract
"Recognising Reality, Designing a Sustainable Pension System; [Realitäten anerkennen, Rente zukunftsfähig gestalten]",Wirtschaftsdienst,2024,10.2478/wd-2024-0027,0,abstract
INTENSITY OF PHYSICAL ACTIVITY AND QUALITY OF LIFE AMONG OLDER ADULTS,Polish Journal of Sport and Tourism,2023,10.2478/pjst-2023-0024,2,abstract
"The Effect of Education, Health and Per Capita Income on Poverty Rate in Maluku Province",Daengku,2024,10.35877/454RI.daengku2567,0,abstract
"Modeling the Relationship between Life Expectancy, Population Growth, Carbon Dioxide Emission, and GDP Growth in Indonesia",International Journal of Energy Economics and Policy,2024,10.32479/ijeep.16303,7,title
Systemic analysis of the vaccination program in Argentina; [Análisis sistémico del programa de vacunación en Argentina],Health Leadership and Quality of Life,2023,10.56294/hl202332,24,abstract
Modelling socio-economic mortality at neighbourhood level,ASTIN Bulletin,2023,10.1017/asb.2023.12,12,abstract
Do not PIMP my nursing home ride! The impact of Potentially Inappropriate Medications Prescribing on residents’ emergency care use,European Journal of Health Economics,2023,10.1007/s10198-022-01534-x,1,INDEX_KW_ONLY
Identifying the most important life expectancy factors for individual U.S. counties,Applied Geography,2022,10.1016/j.apgeog.2022.102786,3,title
What is the impact of social well-being factors on happiness?,European Journal of Management Studies,2023,10.1108/EJMS-01-2022-0004,11,abstract
Introducing Autonomous Shuttle Services Based on Travel Patterns for the Elderly,Journal of Advanced Transportation,2023,10.1155/2023/2206625,11,abstract
The emotional path to influencing decision-making: harnessing emotions for better financial choices,Frontiers in Behavioral Economics,2024,10.3389/frbhe.2024.1393384,0,abstract
Clinical practice review on population health management and promoting positive health outcomes,Journal of Hospital Management and Health Policy,2023,10.21037/jhmhp-23-106,3,abstract
Issues and Challenges in the Development of Manipur Economy: An Overview,Indian Journal of Human Development,2024,10.1177/09737030251327981,0,abstract
"Electricity access, institutional infrastructure and health outcomes in Africa","Environment, Development and Sustainability",2023,10.1007/s10668-021-02048-x,20,abstract
The Causal Impact of Solid Fuel Use on Mortality – A Cross-Country Panel Analysis,International Journal of Energy Economics and Policy,2023,10.32479/ijeep.13498,2,abstract
"PATHWAYS FROM POVERTY: THE CORRELATIONS AND PROBABILITIES OF PENURY LIFE IN 131 COUNTRIES, 1980-2022",Applied Econometrics and International Development,2024,,0,abstract
Instilling the core tenets of hospitality in healthcare services: The role of service assurance and social presence,International Journal of Hospitality Management,2023,10.1016/j.ijhm.2023.103492,10,abstract
FISCAL SUSTAINABILITY AND HEALTH OUTCOMES IN NIGERIA,Nigerian Journal of Economic and Social Studies,2023,,1,abstract
Dynamic of the disablement process in ageing populations; [Dynamique du processus de perte d’autonomie dans les populations vieillissantes],Economie et Statistique,2023,10.24187/ecostat.2023.538.2090,1,abstract
Efficiency Determinants in Healthcare: A Systematic Review With an Integrated Canonical Correlation Analysis–Data Envelopment Analysis/Assurance Region Model,Journal of Healthcare Management,2023,10.1097/JHM-D-22-00086,4,INDEX_KW_ONLY
Spatial and visual comparison analysis of health disparities in London neighbourhoods: the case of Southwark and Lambeth,Journal of Hospital Management and Health Policy,2024,10.21037/jhmhp-23-138,4,abstract
The influence of the hole-generation process on fatigue response of open-hole and assembled titanium samples,Journal of Manufacturing Processes,2024,10.1016/j.jmapro.2024.01.007,9,abstract
Retirement Wealth Adequacy Estimation based on Income Group Classification: A Case study in Malaysia; [Определение достаточности пенсионного обеспечения в Малайзии на основе классификации групп по уровню дохода],Finance: Theory and Practice,2023,10.26794/2587-5671-2023-27-4-30-41,0,abstract
Modeling Life Expectancy in Indonesia Using System GMM Model,Review of Applied Socio-Economic Research,2023,10.54609/reaser.v25i1.338,2,title
"Where will older adults reside? Evidence from Calgary, Canada",Cities,2024,10.1016/j.cities.2024.104924,4,abstract
Analyzing inequalities: a multifaceted perspective of OECD welfare regimes during the Great Recession and the Pandemic,International Review of Economics,2024,10.1007/s12232-024-00448-9,2,abstract
Lengthening battery life expectancy of sensors in WBANs: A multifactorial approach,Internet of Things (Netherlands),2024,10.1016/j.iot.2024.101071,9,title
"Compressed development, decompression, and diverging convergence in South Korea: which varieties of capitalism in contemporary Korea?",Review of Evolutionary Political Economy,2024,10.1007/s43253-024-00117-1,2,abstract
A Prediction Model for Electric Vehicle Sales Using Machine Learning Approaches,Journal of Global Information Management,2023,10.4018/JGIM.327277,21,abstract
"THE EFFECT OF HEALTH EXPENDITURES ON HEALTH OUTCOMES: A PANEL STUDY ON 9 ASIAN DEVELOPING COUNTRIES, 2000-2019",Applied Econometrics and International Development,2024,,0,abstract
"SUB-SAHARAN AFRICA: TRENDS, PROPORTIONS AND FACTORS OF DEVELOPMENT",World Economy and International Relations,2024,10.20542/0131-2227-2024-68-6-40-51,1,abstract
Evaluating the Clinical and Economic Outcomes Associated with Poor Glycemic Control in People with Type 1 Diabetes in the Netherlands,ClinicoEconomics and Outcomes Research,2023,10.2147/CEOR.S391626,5,abstract
"The Nexus Between Remittances, Natural Resources, Economic Growth, Healthcare and Environmental Sustainability In CIS Countries",International Journal of Energy Economics and Policy,2024,10.32479/ijeep.15491,3,abstract
Generalized Structural Equation Model with Survival Outcomes and Time-Varying Coefficients,Structural Equation Modeling,2023,10.1080/10705511.2022.2049270,2,abstract
Toward a Sustainable Pension System,Journal of Retirement,2023,10.3905/jor.2022.1.126,1,abstract
Cost-Effectiveness of Glucose-Lowering Therapies as Add-on to Standard Care for People With Type 2 Diabetes in Malaysia,Value in Health Regional Issues,2023,10.1016/j.vhri.2023.05.006,3,INDEX_KW_ONLY
Cost-Savings Associated with Multi-Disciplinary Team Approach for Reducing Macrovascular and Microvascular Complications in Patients with Type 2 Diabetes: A Predictive Model,ClinicoEconomics and Outcomes Research,2024,10.2147/CEOR.S451739,6,INDEX_KW_ONLY
Gender and placemaking: talking to women about clean air and sustainable urban environments in changing cities,Journal of Place Management and Development,2023,10.1108/JPMD-04-2021-0035,3,abstract
"Income Inequality and Health Outcomes Among Ten Asian Countries, 1990-2016",Economic Alternatives,2024,10.37075/EA.2024.3.01,0,abstract
Worker saving attitude towards retirement planning: A study on Indian textile industry; [Atitudinea de economisire a angajaților față de planificarea pensionării: Un studiu de caz privind industria textilă din India],Industria Textila,2023,10.35530/IT.074.05.202316,3,abstract
The Contribution of Economic Complexity to Social Welfare in Africa,Journal of the Knowledge Economy,2024,10.1007/s13132-024-01900-5,9,abstract
The effect of health expenditure on average life expectancy: does government effectiveness play a moderating role?,International Journal of Health Governance,2022,10.1108/IJHG-03-2022-0027,35,title
Is Population Growth a Requisite For National Economic Growth? A Revisit of the Debate Using Panel Data Analysis,Iranian Economic Review ,2024,10.22059/ier.2024.344648.1007482,0,abstract
From Gerontocratic Rule to Political Adultism: The Experiential Bias in Germany’s Aging Electoral Democracy and the Limitations of a Vote 16 Policy,"Statistics, Politics and Policy",2024,10.1515/spp-2023-0041,1,abstract
Exploring the dynamic impacts of natural resources and environmental pollution on longevity in resource-dependent African countries: Does income level matter?,Resources Policy,2022,10.1016/j.resourpol.2022.102959,28,abstract
The Impact of Unrelated Future Medical Costs on Economic Evaluation Outcomes for Different Models of Diabetes,Applied Health Economics and Health Policy,2024,10.1007/s40258-024-00914-z,2,INDEX_KW_ONLY
China’s Belt and Road Initiative and Life Expectancy in Host Countries: Empirical Analysis,International Advances in Economic Research,2023,10.1007/s11294-023-09884-9,0,title
Philoxenia — the DNA of hospitality: hype or cure?,Research in Hospitality Management,2024,10.1080/22243534.2024.2322222,1,abstract
Assessing the effects of terrorism on female health outcomes: Evidence from sub-Saharan African countries,Applied Econometrics,2023,10.22394/1993-7601-2023-71-63-75,2,abstract
The linkage among socio-economic indicators and life expectancy in selected ASEAN+3 countries,International Journal of Economics and Business Research,2023,10.1504/IJEBR.2023.133085,1,title
"Public health expenditure, government effectiveness and labour productivity in West Africa",Nurture,2024,10.55951/NURTURE.V18I1.543,2,author_kw
Addressing the resource curse: Empirical analysis of greenhouse gas mitigation strategies for sustainable development,Resources Policy,2024,10.1016/j.resourpol.2023.104454,2,abstract
Should Glidepaths Be Gender-Specific?,Journal of Wealth Management,2023,10.3905/JWM.2023.1.213,0,abstract
Gender perspective on the determinants of health outcomes in selected Southern African countries,Humanities and Social Sciences Letters,2024,10.18488/73.v12i2.3654,1,author_kw
Special pension schemes for workers in arduous and hazardous jobs: Functions and conditions to ensure equal treatment,International Social Security Review,2023,10.1111/issr.12318,3,abstract
Healthcare in Russia: Macroeconomic Parameters and Structural Issues,Studies on Russian Economic Development,2023,10.1134/S1075700723020065,4,author_kw
"Health Expenditures, Health Infrastructure and Health Status in SAARC Countries: A Panel Data Analysis",Vikalpa,2022,10.1177/02560909221113382,7,abstract
Climate Risks of Social Development of the Yamal‑Nenets Autonomous District,Studies on Russian Economic Development,2023,10.1134/S1075700723040147,4,author_kw
Determinants of the efficiency of public health spending in Latin America: A stochastic frontier evaluation; [Determinantes de la eficiencia del gasto público sanitario en Latinoamérica: Una evaluación de frontera estocástica],Latin American Research Review,2023,10.1017/lar.2023.26,1,abstract
Exploring the Spatial Dynamics of FEW Nexus Policies and Their Impact on Income Inequality Using Spatial Econometric Models: Evidence from Southeast Asian Countries,International Journal of Economics and Financial Issues,2024,10.32479/ijefi.15789,1,abstract
"Kudzu (Pueraria lobata) vine isoflavones, at a dose lower than the recommended daily allowance in Japan, prevents bone loss in ovariectomized mic",Food Science and Technology Research,2023,10.3136/fstr.FSTR-D-22-00103,5,abstract
"Revisiting the determinants of life expectancy in Asia—exploring the role of institutional quality, financial development, and environmental degradation","Environment, Development and Sustainability",2024,10.1007/s10668-023-03283-0,44,title
"Guessing, math, or something else? Lay people's processes for valuing annuities",Journal of Behavioral Decision Making,2023,10.1002/bdm.2316,2,abstract
"Untangling the complex web of environmental, social, and economic impacts in deep and large-scale open-pit mining projects using a dynamic modeling framework",Resources Policy,2024,10.1016/j.resourpol.2024.104690,12,abstract
Digital Twin-assisted Blockchain-inspired irregular event analysis for eldercare,Knowledge-Based Systems,2023,10.1016/j.knosys.2022.110138,43,abstract
Cost-Effectiveness Analysis of Macitentan in Comparison With Bosentan in the Treatment of Pulmonary Arterial Hypertension in Iran,Value in Health Regional Issues,2023,10.1016/j.vhri.2022.10.001,5,abstract
Evaluation of the validity and reliability of the 10-meter walk test using a smartphone application among Japanese older adults,Frontiers in Sports and Active Living,2022,10.3389/fspor.2022.904924,18,abstract
"Analysis of the Relationship between the Obesity of Owners, Their Dogs, and One Welfare: A Literature Review; [Análisis de la relación entre la obesidad de tutores, sus perros y One Welfare. Una Revisión bibliográfica]",European Public and Social Innovation Review,2024,10.31637/epsir-2024-1126,0,abstract
"FAILURE TO COMPLY WITH LAWS, VIOLATION OF LABOR RIGHTS, AND THEIR POSSIBLE RELATIONSHIP TO THE INCREASE IN SUICIDES AND DEPRESSION; [INOBSERVANCIA DE LAS LEYES, VULNERACIÓN DE DERECHOS LABORALES, Y SU POSIBLE RELACIÓN AL AUMENTO DE LOS SUICIDIOS Y DEPRESIÓN]",Universidad y Sociedad,2022,,1,abstract
The Implementation of Ocular Health Service System Using Android Flatform,Journal of ICT Standardization,2022,10.13052/jicts2245-800X.1034,1,abstract
Planning and managing public housing stock in the silver economy,International Journal of Production Economics,2023,10.1016/j.ijpe.2023.108848,9,abstract
Comparative Analysis of the Healthcare Delivery System in China and Nigeria: A Review,Value in Health Regional Issues,2024,10.1016/j.vhri.2023.09.010,5,abstract
SOCIAL WELL-BEING AS A CRITERION FOR DEVELOPMENT OF NATIONS (On the Issue of Assessment Methodology),World Economy and International Relations,2024,10.20542/0131-2227-2024-68-10-125-136,0,abstract
"Effect of Longevity on Economic Growth, Accounting for Variability in Demographic Transition: Evidence for Pakistan using ARDL Bounds Testing Approach",Seisense Journal of Management,2024,10.33215/5nqqge53,1,abstract
PROFILE OF SENIOR BUSINESS FAILURE; [VYRESNIO AMŽIAUS VERSLO NESĖKMĖS PROFILIS],Transformations in Business and Economics,2024,,0,abstract
Analysing the Effects of Environmental Changes on Public Health Quality Indicators; [Análisis de los efectos de los cambios ambientales en los indicadores de calidad de la salud pública],Health Leadership and Quality of Life,2023,10.56294/hl2023243,8,abstract
"Life Expectancy in Indonesia: The Role of Health Infrastructure, Political, and Socioeconomic Status",Iranian Economic Review,2023,10.22059/ier.2023.329904.1007259,8,title
Influence of tax dodging on tax justice in developing countries: some theory and evidence from Sub-Saharan Africa,Journal of Financial Crime,2023,10.1108/JFC-01-2022-0012,7,abstract
EVALUATION OF SOCIOECONOMIC ASPECTS TRIGGERING HEALTH CARE SPENDING,Journal of Governance and Regulation,2023,10.22495/jgrv12i3siart2,1,abstract
How oil sampling helps maintain a healthy compressed air system,Plant Engineering,2023,,0,abstract
Population forecasting of Hungarian regions till 2050; [A magyarországi régiók népességének előreszámítása 2050-ig],Statisztikai Szemle,2023,10.20311/stat2023.09.hu0763,2,abstract
"Impact of foreign direct investment, remittances and official development assistance on economic growth: panel data approach",PSU Research Review,2023,10.1108/PRR-04-2020-0012,35,abstract
"Influence of the food protein on the development of hypopharyngeal glands, fat body, quality and lifespan of honeybees; [Вплив протеїну корму на розвиток підглоткових залоз, жирового тіла, якість та тривалість життя медоносних бджіл]",Scientific Horizons,2023,10.48077/scihor9.2023.44,2,abstract
Core20PLUS5: His Majesty’s Prison and Probation Service – an approach to address inequities in healthcare for people in contact with the criminal justice system,BMJ Leader,2023,10.1136/leader-2023-000818,0,abstract
Specific features of using life quality assessment tools for geriatric horses: Literature review; [Особливості використання засобів оцінки якості життя геріатричного коня],Scientific Horizons,2023,10.48077/scihor.26(1).2023.121-128,4,abstract
The Effects of Residential Segregation on Black and White Mortality in the United States,Review of Black Political Economy,2024,10.1177/00346446221085487,3,author_kw
"Priests’ Mortality Rates of Different Denominations Compared to the Population: Meta-Analysis Reveals Rates Comparable to Those for Pilots, Athletes, Doctors, and Military Personnel",Religiovedenie,2023,10.22250/20728662_2023_3_67,0,abstract
Enumerating happiness index during COVID-19 lockdowns using artificial intelligence techniques,International Journal of Technology Management and Sustainable Development,2023,10.1386/tmsd_00066_1,0,abstract
Regional economic growth in Mexico: Analysis of the convergence process in the last 40 years; [Crecimiento económico regional en México: análisis del proceso de convergencia en los últimos 40 años],Contaduria y Administracion,2023,10.22201/fca.24488410e.2023.4687,0,abstract
The effect of the COVID-19 health disruptions on breast cancer mortality for older women: a semi-Markov modelling approach,Scandinavian Actuarial Journal,2024,10.1080/03461238.2024.2340964,6,abstract
Long-Term Cost-Effectiveness of Continuous Glucose Monitoring Versus Self-Monitoring of Blood Glucose in Adults With Type 1 Diabetes in Iran,Value in Health Regional Issues,2024,10.1016/j.vhri.2024.101002,1,abstract
Bioactive Anti-Aging Substances: Geroprotectors; [Биоактивные вещества геропротекторной направленности],Food Processing: Techniques and Technology,2024,10.21603/2074-9414-2024-2-2517,7,abstract
Psychiatric Morbidity Among Older Hospitalized Patients,Materia Socio-Medica,2023,10.5455/msm.2023.35.275-279,0,abstract
FATIGUE DETERMINATION OF THE KENAF/PLA COMPOSITE STRUCTURE USING FATIGUE SPECIMEN (ASTM D7791): A COMPUTATIONAL ANALYSIS,Eastern-European Journal of Enterprise Technologies,2023,10.15587/1729-4061.2023.273974,1,abstract
ENVIRONMENTAL DYNAMICS IN THE CASE OF SAUDI ARABIA: IS THERE A TRADE-OFF BETWEEN GROWTH CONSTRAINTS AND ECOLOGICAL DIMENSIONS?,Journal of Energy and Development,2024,10.56476/jed.v49i1.18,2,abstract
Impacting life expectancies of incarcerated people through dialogic scientific gatherings and dialogic scientific workshops in prisons,Humanities and Social Sciences Communications,2024,10.1057/s41599-024-02844-6,3,title
Socio-Economic Indicators and their Impact on Sustainable Economic Development: An In-depth Analysis of Egypt,International Journal of Economics and Financial Issues,2024,10.32479/ijefi.16016,6,abstract
"Urbanization moderates the transitional linkages between energy resource use, greenhouse gas emissions, socio-economic and human development: Insights from subnational analyses in China",Journal of Cleaner Production,2024,10.1016/j.jclepro.2024.143776,15,abstract
The influence of future time perspective on older adults’ travel intention,Current Issues in Tourism,2023,10.1080/13683500.2022.2051448,17,abstract
The effect of hepatitis C—associated premature deaths on labour productivity losses in Spain: a ten-year analysis,European Journal of Health Economics,2023,10.1007/s10198-022-01540-z,4,INDEX_KW_ONLY
Quality of life and health in older adults: a bibliographic review; [Envejecimiento y calidad de vida en el adulto mayor: una revisión bibliográfica],Health Leadership and Quality of Life,2024,10.56294/hl2024.76,0,abstract
Dynamic Relationship Between Social Factors and Poverty: A Panel Data Analysis of 23 Selected Developing Countries,Journal of the Knowledge Economy,2024,10.1007/s13132-024-01843-x,5,abstract
Social Security Decisions: Should Recipients Opt for Early Payments?,Journal of Wealth Management,2023,10.3905/jwm.2023.1.196,0,abstract
Change in the Span of Working Life in India: An analysis by Decomposition,Indian Journal of Human Development,2023,10.1177/09737030231151520,0,abstract
Cost-Utility of Real-Time Continuous Glucose Monitoring versus Self-Monitoring of Blood Glucose in People with Insulin-Treated Type 2 Diabetes in Spain,ClinicoEconomics and Outcomes Research ,2024,10.2147/CEOR.S483459,6,INDEX_KW_ONLY
"A Cross-National Empirical Analysis of the Contribution of Fertility, Life Expectancy and Net Migration in Driving Contemporary and Future Population Ageing",Population and Economics,2024,10.3897/popecon.8.e118982,3,title
Public healthcare efficiency in India: Estimates and determinants using two stage DEA approach,Evaluation and Program Planning,2024,10.1016/j.evalprogplan.2024.102472,13,abstract
The Effect of Energy Consumption and Renewable Energy on Economic Growth in Indonesia,International Journal of Energy Economics and Policy,2023,10.32479/ijeep.13684,14,abstract
Economic growth in Latin America during the 19th century; [Crecimiento económico en América Latina durante el siglo xix],America Latina en la Historia Economica,2024,10.18232/20073496.1442,3,abstract
Time-series analysis of the health outcomes-financial development nexus: Evidence from South Africa,"International Journal of Applied Economics, Finance and Accounting",2024,10.33094/ijaefa.v18i1.1335,1,abstract
"Role of economic, and social parameters affecting life satisfaction and happiness during pre and post Covid era: a study with Marx’s perspective",Economic Research-Ekonomska Istrazivanja ,2023,10.1080/1331677X.2023.2166970,8,abstract
"Interlinkages between human development, residential energy consumption, and energy efficiency for the EU-27 Member States, 2010–2018",Regional Statistics,2023,10.15196/RS130102,17,abstract
The impact of the pharmaceutical industry on the innovation performance of European countries,Regional Statistics,2023,10.15196/RS130105,2,abstract
Financial planning time horizon and end-of-life mortality expectations,Financial Services Review,2023,10.61190/fsr.v31i2/3.3529,0,abstract
Valuation and Directions of Development of Human Capital in the Republic of Belarus; [Стоимостная оценка и направления развития человеческого капитала Республики Беларусь],Economy of Regions,2024,10.17059/ekon.reg.2024-1-10,0,abstract
Applying diffusion of innovation theory to examine providers’ perceptions of rural telehealth application and competencies,Rural Society,2023,10.1080/10371656.2023.2270852,11,abstract
"Physical exercise and cognition in older adults, a scientific approach scanty reported in Latin America and Caribbean populations",Frontiers in Sports and Active Living,2024,10.3389/fspor.2024.1368593,2,abstract
The Demographic Change in Transition; [Der demografische Wandel im Wandel],Wirtschaftsdienst,2024,10.2478/wd-2024-0072,1,abstract
TRADE LIBERALIZATION’S INFLUENCE ON HEALTH STATUS IN DEVELOPING ECONOMIES: THEORETICAL INSIGHTS AND REAL-WORLD IMPLICATIONS,Journal of Economic Development,2024,10.35866/caujed.2024.49.3.001,2,abstract
Pricing life settlements in the secondary market using fuzzy internal rate of return,Journal of Mathematics and Modeling in Finance,2022,10.22054/jmmf.2023.15186,5,author_kw
The Economic Cost of Rising Non-communicable Diseases in India: A Systematic Literature Review of Methods and Estimates,Applied Health Economics and Health Policy,2023,10.1007/s40258-023-00822-8,7,abstract
Determinants of labor productivity in the USA,Problems and Perspectives in Management,2023,10.21511/ppm.21(4).2023.54,7,abstract
The challenge of public health expenditure sustainability in Basque Country: Population aging and economic growth; [El reto del sostenimiento del gasto sanitario público en el País Vasco: Envejecimiento y crecimiento económico],Revista de Estudios Regionales,2022,,1,abstract
"Examining the Dynamics of Labour Force Participation, Carbon Dioxide Emission and Population Health in Sub-Saharan Africa",International Journal of Energy Economics and Policy,2023,10.32479/ijeep.14582,2,abstract
Social issues of aging: Immersive technology solutions,IEEE Potentials,2023,10.1109/MPOT.2023.3298141,1,abstract
Using Placemaking Methodologies to Transform Degraded Public Spaces into Places,Space and Culture,2023,10.1177/1206331220911360,6,abstract
Old-Age Labor Exit Rates and the Impact of Social Security Programs in Iran,Journal of Retirement,2024,10.3905/jor.2023.1.144,1,abstract
Evaluation of positive and negative impacts of mining on sustainable development by a semi-quantitative method,Journal of Cleaner Production,2022,10.1016/j.jclepro.2022.132955,57,abstract
ARCHITECTURAL DESIGNING THE NURSING HOMES IN TEHRAN CITY (AS A SAMPLE),Archives for Technical Sciences,2024,10.59456/afts.2024.1630.001M,8,author_kw
Examining the association between health status and subjective life expectancy among older Indian adults based on the mindsponge approach,Humanities and Social Sciences Communications,2022,10.1057/s41599-022-01368-1,11,title
Vaccination rates and COVID outcomes across U.S. states,Economics and Human Biology,2022,10.1016/j.ehb.2022.101201,16,INDEX_KW_ONLY
Age Identity and Elderly Job Participation in China,China Economist,2024,10.19602/j.chinaeconomist.2024.05.07,0,abstract
"Comparative analysis of labour markets in Ukraine, Armenia, Moldova, and Estonia: Institutional approach, 1995–2020",Regional Statistics,2023,10.15196/RS130107,4,abstract
THE EffECT of HumAn CApITAL on EConomIC GRowTH: EvIDEnCE fRom KAzAKH REGIonS1; [влияние человеческого капитала на экономический рост (на примере регионов казахстана)],Economy of Regions,2023,10.17059/ekon.reg.2023-2-7,2,author_kw
Is government spending in the education and health sector necessary for human capital development?,Humanities and Social Sciences Communications,2023,10.1057/s41599-023-01514-3,29,abstract
Exploring the Impact of ESG Practices on Sustainable Development Goals Achievement in South Asia,Review of Economics,2024,10.1515/roe-2024-0053,10,abstract
Covid-19 Mortality Shock: Demographic and Economic Losses in Moldova,Comparative Southeast European Studies,2024,10.1515/soeu-2023-0063,1,abstract
Personal insurance and open supplementary pension in Brazil: A study on mortality differentials by education level; [Seguros de pessoas e previdência complementar aberta no Brasil: Um estudo sobre os diferenciais de mortalidade por nível educacional],Revista Contabilidade e Financas,2024,10.1590/1808-057x20241961.en,1,abstract
Evolving life expectancy in Western countries; [L'évolution de l'espérance de vie dans les pays occidentaux],Futuribles: Analyse et Prospective,2022,,1,title
The Lost Productivity Cost of Premature Mortality Owing to Cancers in Iran: Evidence From the GLOBOCAN 2012 to 2018 Estimates,Value in Health Regional Issues,2022,10.1016/j.vhri.2022.02.002,8,INDEX_KW_ONLY
"Health status, life expectancy and early claiming of pension",SN Business and Economics,2024,10.1007/s43546-024-00640-7,2,title
Does Environmental Degradation and Renewable Energy Consumption Influence Health Outcomes? Evidence from Sub-Saharan Africa,Global Journal of Emerging Market Economies,2024,10.1177/09749101241238288,10,abstract
"Economic development, social–political factors and ecological footprint: a global panel data analysis",SN Business and Economics,2022,10.1007/s43546-022-00320-4,6,abstract
The Hidden Toll of Psychological Distress in Australian Adults and Its Impact on Health-Related Quality of Life Measured as Health State Utilities,Applied Health Economics and Health Policy,2024,10.1007/s40258-024-00879-z,2,INDEX_KW_ONLY
"Analysis and Modeling Gross Domestic Product, Carbon Dioxide Emission, Population Growth, and Life Expectancy at Birth: Case Study in Qatar",International Journal of Energy Economics and Policy,2023,10.32479/ijeep.14069,4,title
Forecast of Population Size and Demographic Burden in Russia up to 2100,Studies on Russian Economic Development,2022,10.1134/S1075700722040141,3,abstract
Environmental Determinants of Sustainable Development of the Country,Ukrainian Geographical Journal,2023,10.15407/ugz2023.02.048,3,abstract
Cost-effectiveness of screening smokers and ex-smokers for lung cancer in the Netherlands in different age groups,European Journal of Health Economics,2022,10.1007/s10198-021-01422-w,18,INDEX_KW_ONLY
ANALYZE FACTORS AFFECTING THE QUALITY OF ECONOMIC GROWTH IN THE SOUTHEAST REGION OF VIETNAM,Journal Of Organizational Behavior Research,2024,10.51847/pS9LSZx5PJ,1,abstract
STATUS OF SENIOR MEDIA LITERACY IN THE SLOVAK REPUBLIC,Communication Today,2023,10.34135/communicationtoday.2023.Vol.14.No.2.5,2,abstract
Evaluating Health Inequality in Five Caribbean Basin Countries Using EQ-5D-5L,Applied Health Economics and Health Policy,2022,10.1007/s40258-022-00754-9,9,INDEX_KW_ONLY
ACTIVE AGING IN RUSSIA DURING ECONOMIC STAGNATION: WHAT CAN WE LEARN FROM THE DYNAMICS OF THE ACTIVE AGЕING INDEX?; [АКТИВНОЕ ДОЛГОЛЕТИЕ В РОССИИ В УСЛОВИЯХ ЭКОНОМИЧЕСКОЙ СТАГНАЦИИ: ЧТО ПОКАЗЫВАЕТ ДИНАМИКА ИНДЕКСА АКТИВНОГО ДОЛГОЛЕТИЯ?],Monitoring Obshchestvennogo Mneniya: Ekonomicheskie i Sotsial'nye Peremeny,2022,10.14515/monitoring.2022.5.2043,4,abstract
Cohort consumption in the Russian Federation,Population and Economics,2023,10.3897/popecon.7.e108830,2,abstract
Multivariate Analysis of Food Security and Its Driving Factors,Agris On-line Papers in Economics and Informatics,2024,10.7160/aol.2024.160108,0,abstract
Enhancing Labour Mobility Amid Europe’s Transitions: Prospects for Europe - Africa Cooperation,Global Trade and Customs Journal,2024,10.54648/GTCJ2024055,0,abstract
Social justice and medical leadership: what is preventing trainees in the East Midlands from accessing leadership training?,BMJ Leader,2023,10.1136/leader-2023-000782,0,abstract
On the feasibility of reverse mortgages in Colombia,International Journal of Housing Markets and Analysis,2022,10.1108/IJHMA-05-2021-0063,7,abstract
Do remittances matter for health outcomes in developing countries? Fresh evidence from a panel vector autoregressive (PVAR) model,International Journal of Development Issues,2022,10.1108/IJDI-04-2022-0079,11,abstract
Examining the relationship of healthcare expenditures and socio-economic factors with population health in Russia,International Review of Economics,2024,10.1007/s12232-024-00469-4,0,abstract
Halal-organic meat: a successful business and humanitarian model,Humanities and Social Sciences Communications,2023,10.1057/s41599-023-02097-9,9,abstract
Demography and Pensions: Analysis of Redistribution Effects; [Demografía y pensiones: Análisis de los efectos redistributivos],Cuadernos Economicos de ICE,2023,10.32796/cice.2023.105.7558,0,abstract
Pension Systems Rules and Labor Force Participation among individuals 50 to 70: Evidence for Chile; [Las reglas de los sistemas de pensiones y la participación laboral entre los 50 y los 70 años: evidencia para Chile],Estudios Publicos,2023,10.38178/07183089/1000230410,1,author_kw
Cost and Cost-Effectiveness of Treating Childhood Cancer at Jimma Medical Center,ClinicoEconomics and Outcomes Research,2023,10.2147/CEOR.S395170,4,abstract
"Municipal solid waste (MSW) under the population shrinking and aging: Spatio-temporal patterns, driving forces, and the impact of smart city development",Journal of Cleaner Production,2024,10.1016/j.jclepro.2023.140124,22,abstract
Using Economics to Impact Local Obesity Policy: Introducing the UK Centre for Economics of Obesity (CEO),Applied Health Economics and Health Policy,2022,10.1007/s40258-022-00738-9,7,INDEX_KW_ONLY
Effects of Educational and Socio-economic Factors on Child Marriages in India: A Statistical Analysis,Indian Journal of Human Development,2024,10.1177/09737030241288699,1,abstract
Demographic Development of Russia within the Boundaries of Human Capital Theory: Problems and Solutions,WSEAS Transactions on Business and Economics,2024,10.37394/23207.2024.21.142,1,abstract
"National culture, public health spending and life insurance consumption: an international comparison",Humanities and Social Sciences Communications,2023,10.1057/s41599-023-01990-7,7,abstract
Implications of public policies performance on social inequality worldwide,SN Business and Economics,2024,10.1007/s43546-024-00704-8,1,abstract
IS THE KWAP DEFINED BENEFIT PENSION FUND SUSTAINABLE IN THE LONG RUN?,International Journal of Banking and Finance,2023,10.32890/ijbf2023.18.2.5,1,abstract
Social Investing as Tool to Improve the Quality of Life. Implications for the Sustainable Development and Environmental Vulnerability,Journal of Environmental Management and Tourism,2023,10.14505/jemt.14.3(67).22,0,abstract
Socio-economic impact assessment of environmental degradation in Pakistan: fresh evidence from the Markov switching equilibrium correction model,"Environment, Development and Sustainability",2022,10.1007/s10668-021-02013-8,39,abstract
IMPROVING PENSION FUNDS’ PERFORMANCE USING DATA ENVELOPMENT ANALYSIS CONSIDERING GOVERNMENT REGULATIONS,Corporate Governance and Sustainability Review,2023,10.22495/cgsrv7i2p4,1,abstract
Population Dynamics in Russia in the Context of Global Trends,Studies on Russian Economic Development,2022,10.1134/S1075700722040098,15,abstract
Multivariate Relationships Between Health Outcomes and Health System Performance Indicators: An Integrated Factor Analysis With Canonical Correlations,Value in Health Regional Issues,2024,10.1016/j.vhri.2023.10.009,5,abstract
Assessment of the Demographic Reserve to Extend the Economic Activity of the Older Population in the Northern Region; [оценка демографического резерва продления экономической активности населения старших возрастов в северном регионе1],Economy of Regions,2023,10.17059/ekon.reg.2023-3-9,0,abstract
Public Health Efficiency and Country Competitiveness: Empirical Study in Pre-Pandemic and Pandemic Periods,Forum Scientiae Oeconomia,2024,10.23762/FSO_VOL12_NO1_8,26,abstract
"Labor force dynamics and economic performance: A case of Nigeria, India, and China",Journal of Economics and Management (Poland),2024,10.22367/jem.2024.46.06,1,abstract
Cost Effectiveness of Denosumab for Secondary Prevention of Osteoporotic Fractures Among Postmenopausal Women in China: An Individual-Level Simulation Analysis,Applied Health Economics and Health Policy,2023,10.1007/s40258-022-00784-3,1,INDEX_KW_ONLY
Can we cure aging?,Futuribles: Analyse et Prospective,2022,,0,abstract
Environmental safety performance dynamics and estimation of the deterioration of leachate containment elements: Implications for the lifespan of hazardous waste landfills,Journal of Cleaner Production,2024,10.1016/j.jclepro.2024.143601,3,abstract
Socioeconomic development and sustainable development in Nigeria: the roles of poverty reduction and social inclusion,Journal of Business and Socio-economic Development,2023,10.1108/JBSED-10-2021-0137,18,abstract
Financial and Investment Model for social security and sustainable Economic Growth; [Финансово-инвестиционные модели социального обеспечения и устойчивого экономического роста],Finance: Theory and Practice,2024,10.26794/2587-5671-2024-28-5-133-145,19,abstract
STATISTICAL EVALUATION OF PROGRESS TOWARDS ACHIEVING THE STRATEGIC GOAL OF LIFE EXPECTANCY GROWTH IN THE RUSSIAN ARCTIC; [СТАТИСТИЧЕСКАЯ ОЦЕНКА ДОСТИЖЕНИЯ СТРАТЕГИЧЕСКОЙ ЦЕЛИ ПО ПРОДОЛЖИТЕЛЬНОСТИ ЖИЗНИ НАСЕЛЕНИЯ АРКТИЧЕСКИХ РЕГИОНОВ РОССИИ],Sever i Rynok: Formirovanie Ekonomiceskogo Poradka,2023,10.37614/2220-802X.3.2023.81.006,1,title
Optimal configuration of shared energy storage for industrial users considering lifetime and charge-discharge strategy coupling,Frontiers in Energy Research,2024,10.3389/fenrg.2024.1510259,5,abstract
WORK-LIFE EXPECTANCY IN THE ARCTIC AMID CONTEMPORARY SOCIO-DEMOGRAPHIC SHIFTS; [ПРОДОЛЖИТЕЛЬНОСТЬ ТРУДОВОЙ ЖИЗНИ НАСЕЛЕНИЯ АРКТИЧЕСКОГО РЕГИОНА В КОНТЕКСТЕ СОВРЕМЕННЫХ СОЦИАЛЬНО-ДЕМОГРАФИЧЕСКИХ ИЗМЕНЕНИЙ],Sever i Rynok: Formirovanie Ekonomiceskogo Poradka,2023,10.37614/2220-802X.3.2023.81.008,2,title
MODELING HUMAN SOCIAL SECURITY DURING WAR,Neuro-Fuzzy Modeling Techniques in Economics,2023,10.33111/nfmte.2023.111,1,abstract
Hand-to-hand combat in the 21st century—INNOAGON warrior or modern gladiator?—a prospective study,Frontiers in Sports and Active Living,2024,10.3389/fspor.2024.1383665,18,abstract
Pension Policy After the Budget Verdict: No Maximum Demands; [Rentenpolitik nach dem Haushaltsurteil: keine Maximalforderungen],Wirtschaftsdienst,2024,10.2478/wd-2024-0032,1,abstract
Budget Impact Analysis of Nusinersen for Spinal Muscular Atrophy in China,Value in Health Regional Issues,2023,10.1016/j.vhri.2022.08.015,4,INDEX_KW_ONLY
"Health Status, Government Health Expenditure and Economic Growth Nexus in India: A Toda–Yamamoto Causality Approach",Arthaniti: Journal of Economic Theory and Practice,2023,10.1177/0976747920963401,18,abstract
Cost of Lung Cancer: A Systematic Review,Value in Health Regional Issues,2023,10.1016/j.vhri.2022.07.007,36,INDEX_KW_ONLY
How can artificial intelligence and data science algorithms predict life expectancy - An empirical investigation spanning 193 countries,International Journal of Information Management Data Insights,2023,10.1016/j.jjimei.2023.100168,13,title
A calendar year mortality model in continuous time,ASTIN Bulletin,2023,10.1017/asb.2023.2,1,abstract
Delayed Social Security Claiming: Why Do So Few Participants Delay Claiming Past Age 65?,Journal of Retirement,2024,10.3905/jor.2024.1.162,0,abstract
Associations of (un)observed factors and gender inequality in European countries: Evidence from spatial panel data model,Applied Geography,2023,10.1016/j.apgeog.2023.103066,6,abstract
Suitability of stochastic models for mortality projection in Korea: a follow-up discussion,Communications for Statistical Applications and Methods,2021,10.29220/CSAM.2021.28.2.171,1,abstract
Population aging and inequality; [Envelhecimento da população e desigualdade],Brazilian Journal of Political Economy,2021,10.1590/0101-31572021-3068,12,abstract
IMPACT OF EXPENSES ON HUMAN CAPITAL ON THE ECONOMIC GROWTH OF THE COUNTRY: CASE STUDY OF THE REPUBLIC OF KAZAKHSTAN,DETUROPE,2020,,2,abstract
Service Innovation in Healthcare: A Systematic Literature Review,Latin American Business Review,2020,10.1080/10978526.2020.1802286,15,abstract
Technical efficiency analysis of health facilities in Haiti: A stochastic frontier approach,Journal of Hospital Management and Health Policy,2021,10.21037/jhmhp-20-25,2,abstract
"Economic Growth, Financial Development, Energy Consumption and Life Expectancy: Fresh Evidence from ASEAN Countries",International Journal of Energy Economics and Policy,2022,10.32479/ijeep.12670,28,title
Legal regulation in digital medicine,Journal of Advanced Research in Law and Economics,2020,10.14505/jarle.v11.1(47).18,3,abstract
An Empirical Study on the Impact of Life Expectancy and Proportion of Health Life Expectancy on Income Inequality; [老年预期寿命与健康预期寿命占比对收入不平等影响的实证研究],China Journal of Econometrics,2022,10.12012/CJoE2021-0053,1,title
The impact of age structure on carbon emissions: Based on a cross-country panel data of fertility rate and life expectancy; [人口年龄结构变动对碳排放的影响——基于生育率和预期寿命的跨国面板数据],Resources Science,2021,10.18402/resci.2021.10.14,6,title
System for measuring the socio-economic sustainability of the Eurasian Economic Union; [Система измерений устойчивости социально-экономического развития стран ЕАЭС1],Economy of Regions,2021,10.17059/EKON.REG.2021-3-18,2,abstract
The nexus between environmental performance and economic growth: New evidence from the Middle East and North Africa region,Journal of Cleaner Production,2022,10.1016/j.jclepro.2021.129892,32,abstract
Gender gaps in education: The long view,IZA Journal of Development and Migration,2021,10.2478/izajodm-2021-0001,58,abstract
"Projecting the demographic impact of Syrian migration in a rapidly ageing society, Germany",Journal of Geographical Systems,2021,10.1007/s10109-018-00290-y,17,abstract
Branded for Survival: Naming Effects on the Life Expectancy of New Companies,"Marketing, Zeitschrift fur Forschung und Praxis",2022,10.15358/0344-1369-2022-2-44,1,title
REVIEW ON FUZZY LOGIC BASED POWER QUALITY IMPROVEMENT BY USING DSTATCOM BASED CASCADED MULTILEVEL INVERTER,Proceedings on Engineering Sciences,2022,10.24874/PES04.03.004,5,abstract
Classification of Lung Nodule Using Hybridized Deep Feature Technique,Journal of Information Technology Management,2021,10.22059/jitm.2020.79369,4,abstract
Human Capital Advanced Investment and Its Effects on Economic Growth,China Economist,2021,10.19602/j.chinaeconomist.2021.11.05,0,abstract
Sociology on foot and from quadcopter. Rural households and village life in the Near North of Russia (on the example of the Kostroma Region),Russian Peasant Studies,2022,10.22394/2500-1809-2022-7-4-72-108,3,abstract
The Designing Model of Sport for All in the Employees of Iranian Universities,Annals of Applied Sport Science,2021,10.29252/aassjournal.909,0,abstract
Role of biosensors in real time applications,International Journal on Emerging Technologies,2020,,0,abstract
Mortality forecasting at age 65 and above: an age-specific evaluation of the Lee-Carter model,Scandinavian Actuarial Journal,2022,10.1080/03461238.2021.1928542,20,abstract
Cost-Effectiveness Analysis of Prostate-Specific Antigen Screening Among Chinese Men,Value in Health Regional Issues,2020,10.1016/j.vhri.2020.01.005,5,abstract
Legal framework for regulating the protection of the rights of older people: The case of Kazakhstan,Journal of Advanced Research in Law and Economics,2020,10.14505/jarle.v11.1(47).27,0,abstract
A RETIREMENT MODEL: CONSTANT SAVINGS RATE CONSIDERING REAL INCOME GROWTH,Academy of Accounting and Financial Studies Journal,2020,,0,abstract
From the bottom of the sea to the display case: A study into the long-term preservation of archaeological maritime silk textiles in controlled atmosphere,Journal of Cultural Heritage,2020,10.1016/j.culher.2020.04.004,14,abstract
An exploration of relationship between macro economic variables and reverse mortgage market in india,Finance India,2020,,1,abstract
Sustaining corporate performance through the happy worker influence,Journal for Global Business Advancement,2020,10.1504/JGBA.2020.112370,3,author_kw
Using life tables for retirement planning,Journal of Wealth Management,2020,10.3905/JWM.2020.1.120,0,abstract
Normalized Prices as a Forecasting Tool,Studies on Russian Economic Development,2022,10.1134/S1075700722030066,0,abstract
The Effects of Health Status and Child Mortality on the African Economies; [Kesan Status Kesihatan dan Kematian Kanak-kanak ke atas Ekonomi Afrika],Jurnal Ekonomi Malaysia,2022,10.17576/JEM-2022-5602-6,1,abstract
Effect of Primary Health Care Expenditure on Universal Health Coverage: Evidence from Sub-Saharan Africa,ClinicoEconomics and Outcomes Research,2022,10.2147/CEOR.S380900,7,abstract
Life cycle assessment of a disposable and a reusable surgery instrument set for spinal fusion surgeries,"Resources, Conservation and Recycling",2020,10.1016/j.resconrec.2020.104704,78,abstract
"An analysis of impact of life expectancy, wellbeing and ecological footprint on happy planet index",International Journal of Scientific and Technology Research,2020,,1,title
Quantifying longevity gaps using micro-level lifetime data,Journal of the Royal Statistical Society. Series A: Statistics in Society,2021,10.1111/rssa.12631,5,abstract
"Diabetic foot ulcers, a comprehensive approach:Review; [Ulcerul piciorului diabetic, o abordare exhaustivă:Sinteza literaturii]",Industria Textila,2022,10.35530/IT.073.02.202215,8,abstract
Are quality-adjusted medical prices declining for chronic disease? Evidence from diabetes care in four health systems,European Journal of Health Economics,2020,10.1007/s10198-020-01164-1,7,INDEX_KW_ONLY
Factors That Determine The Path Of Intergenerational Mobility Of Poverty In Pakistan,Academy of Accounting and Financial Studies Journal,2021,,0,abstract
Effect of the elderly on household's financial transactions: Evidence from Japan and Korea,Global Business and Finance Review,2022,10.17549/gbfr.2022.27.4.99,2,abstract
LIFE EXPECTANCY OF POPULATION OF THE NORTHERN REGIONS IN THE RUSSIAN FEDERATION: TENDENCIES AND POTENTIAL FOR GROWTH; [ПРОДОЛЖИТЕЛЬНОСТЬ ЖИЗНИ НАСЕЛЕНИЯ СЕВЕРНЫХ РЕГИОНОВ РОССИИ: ТЕНДЕНЦИИ И РЕЗЕРВЫ РОСТА],Sever i Rynok: Formirovanie Ekonomiceskogo Poradka,2021,10.37614/2220-802X.4.2021.74.012,2,title
Longevity forecasting by socio-economic groups using compositional data analysis,Journal of the Royal Statistical Society. Series A: Statistics in Society,2020,10.1111/rssa.12555,12,abstract
"Avaliação Comparativa Dos Sistemas De Saúde Do Brasil E De Países Da América Latina, Do Caribe E Da Ocde Com O Uso De Fronteiras Estocásticas",Economia Aplicada,2020,10.11606/1980-5330/ea171104,1,abstract
Energy consumption-poverty reduction nexus in brics nations,International Journal of Energy Economics and Policy,2021,10.32479/ijeep.11075,10,abstract
Study on soil burial biodegradation behaviour on polylactic acid nonwoven material as a replacement for petroleum agricultural plastics; [Studiu privind comportamentul la biodegradarea prin îngropare în sol a unui material nețesut din acid polilactic ca înlocuitor al materialelor plastice pe bază de petrol utilizate în agricultură],Industria Textila,2021,10.35530/IT.072.04.1847,4,author_kw
Factors affecting life expectancy in Kazakhstan,R-Economy,2020,10.15826/recon.2020.6.4.023,5,title
Quality of the education system and economic growth. Projections in the case of Morocco,WSEAS Transactions on Business and Economics,2021,10.37394/23207.2021.18.90,8,abstract
Solving the Decumulation Puzzle with Dynamic Asset Allocation and Annuities,Journal of Wealth Management,2022,10.3905/jwm.2022.1.170,4,abstract
Life expectancy and lifespan disparity forecasting: a long short-term memory approach,Scandinavian Actuarial Journal,2021,10.1080/03461238.2020.1814855,33,title
Cost-Effectiveness Analysis of Antithyroid Drug (Propylthiouracil) Compared to Radioactive Iodine for the Treatment of Graves’ Disease in Ethiopia,ClinicoEconomics and Outcomes Research,2022,10.2147/CEOR.S350984,3,INDEX_KW_ONLY
Some aspects of alcohol-related mortality in Russia: Commentary on the article by P. Kuznetsova published in issue 4 (3) / 2020 of the Population and Economics Journal,Population and Economics,2021,10.3897/POPECON.5.E69636,0,abstract
The contribution of trade openness to health outcomes in sub-Saharan African countries: A dynamic panel analysis,Research in Globalization,2021,10.1016/j.resglo.2021.100067,26,abstract
Football and Ice Hockey Fans' Experience of a 12-Week Training and Weight-Loss Pilot Intervention (ViSiT) in Sweden—A Focus Group Study,Frontiers in Sports and Active Living,2021,10.3389/fspor.2021.616427,2,abstract
Pension Systems in the EU — Some Policy Issues,Intereconomics,2020,10.1007/s10272-020-0873-5,4,abstract
Cost-Effectiveness and Value of Information of Cabozantinib Treatment for Patients with Advanced Renal Cell Carcinoma After Failure of Prior Therapy in South Korea,Applied Health Economics and Health Policy,2021,10.1007/s40258-021-00640-w,1,INDEX_KW_ONLY
"Income, life expectancy, and pension system: an introduction; [Életpálya-jövedelemtől függő várható élettartam és a nyugdíjrendszer]",Statisztikai Szemle,2021,10.20311/stat2021.7.hu0632,0,title
Cost-Optimal Maintenance and Renovation Planning in Multifamily Buildings with Annual Budget Constraints,Journal of Construction Engineering and Management,2020,10.1061/(ASCE)CO.1943-7862.0001778,19,abstract
Aging successfully at work? Positive psychological perspectives on self-management at work; [Succesvol ouder worden op het werk? Positief psychologische perspectieven op zelfmanagement op het werk],Gedrag en Organisatie,2020,,1,abstract
Human development in the European union and its determinants,IBIMA Business Review,2021,10.5171/2020.215473,3,abstract
Modelling the survival function of the Spanish population by the Wong–Tsui model with the incorporation of frailty and covariates,Letters in Spatial and Resource Sciences,2020,10.1007/s12076-020-00250-5,0,abstract
5G Technology Readiness in Education among Malay Bumiputera Students in Shah Alam,International Journal of Computing and Digital Systems,2022,10.12785/ijcds/110141,6,abstract
Human Development in Kazakhstan: Problems and Methods of Analysis,Economy: strategy and practice,2021,10.51176/1997-9967-2021-4-174-187,3,author_kw
Government expenditure on human capital and growth in Namibia: a time series analysis,Journal of Economic Structures,2020,10.1186/s40008-020-00196-3,44,abstract
Dealing with spatial misalignment to model the relationship between deprivation and life expectancy: A model-based geostatistical approach,International Journal of Health Geographics,2020,10.1186/s12942-020-00200-w,9,title
Why healthcare market needs government intervention to improve access to essential medicines and healthcare efficiency: a scoping review from pharmaceutical price regulation perspective,Journal of Pharmaceutical Health Services Research,2020,10.1111/jphs.12379,15,INDEX_KW_ONLY
"A Comparison of Thermal Processing Strategies for Landfill Reclamation: Methods, Products, and a Promising Path Forward","Resources, Conservation and Recycling",2020,10.1016/j.resconrec.2020.104876,27,abstract
ECONOMIC GROWTH AND HUMAN DEVELOPMENT IN OECD COUNTRIES: A TWENTY-YEAR STUDY OF DATA 2000–2019,Journal of European Economy,2021,10.35774/jee2021.04.585,4,abstract
Statistical analysis of air pollution and life expectancy in eastern europe,Journal of Environmental Management and Tourism,2020,10.14505/jemt.v11.3(43).30,3,title
The Effect of Health on Economic Growth in Namibia,African Journal of Business and Economic Research,2021,10.31920/1750-4562/2021/v16n4a4,0,abstract
Alem do PIB per capita: Ensaio sobre medidas de bem-estar para os estados brasileiros,Revista Brasileira de Economia,2020,10.5935/0034-7140.20200017,3,abstract
"WORLD DEVELOPMENT FOR 1995-2020: ECONOMETRIC RELATIONSHIPS OF HUMAN CAPITAL, DEVELOPMENT, QUALITY OF GOVERNMENT AND LIFE SATISFACTION IN 164 COUNTRIES",Applied Econometrics and International Development,2021,,19,abstract
"The impact of economic, social, and political globalization and democracy on life expectancy in low-income countries: are sustainable development goals contradictory?","Environment, Development and Sustainability",2021,10.1007/s10668-021-01225-2,83,title
Selection of Conceptual Design for Spin Grind Dryer Seaweed Powder Machine,International Journal of Computer Information Systems and Industrial Management Applications,2021,,1,abstract
Integrating fuzzy-MCDM methods to select project portfolios under uncertainty: the case of a pharmaceutical company,Brazilian Journal of Operations and Production Management,2022,10.14488/BJOPM.2022.008,8,abstract
The value of longevity,"Politics, Philosophy and Economics",2020,10.1177/1470594X19880279,2,abstract
Recent impediments in deploying IPv6,"Advances in Science, Technology and Engineering Systems",2021,10.25046/aj060138,7,abstract
What drives the healthcare sector's economic impact? Evidence from European countries,International Journal of Health Governance,2022,10.1108/IJHG-05-2021-0043,7,INDEX_KW_ONLY
Collective Defined Contribution Schemes as an Alternative to Pension Plans; [Esquemas de Contribución Definida Colectivos como Alternativa de Planes de Pensiones],Mercados y Negocios,2022,10.32870/myn.vi45.7651,1,abstract
Trumps Economic Policy and the Corona Shock - Perspectives for the USA; [Trumps Wirtschaftspolitik und der Corona-Schock - Perspektiven für die USA],Wirtschaftsdienst,2020,10.1007/s10273-020-2786-0,0,abstract
Reliability-oriented life extension of mechatronic products: Theory and application,International Journal of Product Lifecycle Management,2021,,0,abstract
Ensuring life satisfaction through work and prosperity; [Lebenszufriedenheit durch Arbeit und Wohlstand schaffen],List Forum fur Wirtschafts- und Finanzpolitik,2020,10.1007/s41025-018-0099-5,0,abstract
"Influence of socio-economic, demographic and climate factors on the regional distribution of dengue in the United States and Mexico",International Journal of Health Geographics,2020,10.1186/s12942-020-00241-1,38,abstract
Global mortality benefits of COVID-19 action,Technological Forecasting and Social Change,2020,10.1016/j.techfore.2020.120231,64,INDEX_KW_ONLY
Alternative Mode of Health Service Delivery,Sustainable Futures,2021,10.1016/j.sftr.2021.100055,8,abstract
Economic and environmental analysis of life expectancy in China and India: A data driven approach,"Advances in Science, Technology and Engineering Systems",2020,10.25046/AJ050539,4,title
Trends in Health in Midlife and Late Life,Journal of Human Capital,2022,10.1086/717542,4,abstract
The finnish pension system from a comparative nordic perspective1,Revue de l'OFCE,2021,10.3917/reof.170.0105,3,abstract
Estimation of Quality-Adjusted Life Expectancy of Oral Cancer Patients: Integration of Lifetime Survival With Repeated Quality-of-Life Measurements,Value in Health Regional Issues,2020,10.1016/j.vhri.2019.07.005,17,title
Understanding how low levels of early lead exposure affect children’s life trajectories,Journal of Political Economy,2020,10.1086/708725,55,INDEX_KW_ONLY
Mortality differentials in beneficiaries of the National Institute of Social Security of Brazil in 2015,Revista Contabilidade e Financas,2022,10.1590/1808-057x20221556.en,2,abstract
From Spreadsheets to Script: Experiences From Converting a Scottish Cardiovascular Disease Policy Model into R,Applied Health Economics and Health Policy,2022,10.1007/s40258-021-00684-y,6,INDEX_KW_ONLY
The moderating effect of foreign direct investment on environmental degradation-poverty reduction nexus: evidence from sub-Saharan African countries,"Environment, Development and Sustainability",2021,10.1007/s10668-021-01315-1,56,abstract
Rederivation of Gertler's model and analysis of the Korean economy,Communications for Statistical Applications and Methods,2020,10.29220/CSAM.2020.27.6.649,0,author_kw
Estimation of the combined effects of ageing and seasonality on mortality risk: An application to Spain,Journal of the Royal Statistical Society. Series A: Statistics in Society,2022,10.1111/rssa.12769,18,abstract
The Mediator Effect of GDP on the Relationship between Life Expectancy and Environment,Review of Integrative Business and Economics Research,2020,,3,title
Inclusive Growth and Regional Sustainability of Russia,Regional Research of Russia,2020,10.1134/S2079970520010025,14,abstract
Socio-cultural researches of international migration and demography,World Economy and International Relations,2020,10.20542/0131-2227-2020-64-5-124-129,1,abstract
Pleasurable challenges: competing with the ageing body and mind through Ballet for Seniors,Leisure Studies,2020,10.1080/02614367.2019.1670720,12,abstract
Enhanced annuities as a complement to the public retirement pension: Analysis of their implementation in Spain; [Rendas melloradas como complemento á pensión pública de xubilación: Análise da súa implantación en España],Revista Galega de Economia,2020,10.15304/rge.29.3.6649,3,abstract
The impact of health on GDP: A panel data investigation,Journal of Economic Asymmetries,2020,10.1016/j.jeca.2019.e00139,13,abstract
Cost-effectiveness of apixaban versus other direct oral anticoagulants and warfarin in the prevention of thromboembolic complications among finnish patients with non-valvular atrial fibrillation,ClinicoEconomics and Outcomes Research,2021,10.2147/CEOR.S317078,16,abstract
The use and value of financial advice for retirement planning,Journal of Retirement,2020,10.3905/jor.2019.1.060,14,abstract
Survival and costs of colorectal cancer treatment and effects of changing treatment strategies: a model approach,European Journal of Health Economics,2020,10.1007/s10198-019-01130-6,17,INDEX_KW_ONLY
Measuring Main Public Health Indicators of the Republic of Kazakhstan,Economy: strategy and practice,2021,10.51176/1997-9967-2021-3-192-203,0,abstract
Social development from nuclear and other energy: A myth or reality from Indonesia,International Journal of Energy Economics and Policy,2021,10.32479/ijeep.10933,1,abstract
Public health spending and health outcome in Nigeria: the role of governance,International Journal of Development Issues,2021,10.1108/IJDI-10-2019-0169,23,abstract
The Impact of Firms’ Activities on Regional Sustainable Development,International Journal of Technology,2022,10.14716/ijtech.v13i7.6195,6,abstract
"30 Years after Reunification, Gross Domestic Product has Served its Purpose as an Indicator; [30 Jahre nach der Wiedervereinigung hat das Bruttoinlandsprodukt als Indikator ausgedient]",Wirtschaftsdienst,2021,10.1007/s10273-021-2830-8,1,abstract
Contribution of Healthcare Professionals in Issues that Relate to Quality Management,Materia Socio-Medica,2021,10.5455/msm.2021.33.45-50,8,abstract
Estimating older people's labour supply decisions in Korea,Society and Economy,2020,10.1556/204.2020.00003,2,abstract
B-spline estimation for force of mortality,Mathematics and Statistics,2021,10.13189/ms.2021.090513,2,abstract
Modelling the global prevalence of COVID-19: evidence from multiple wave scenarios,International Journal of Sustainable Economy,2022,10.1504/IJSE.2022.123861,1,abstract
MODELING MIGRATION CHANGES ACCORDING TO ALTERNATIVE SCENARIOS IN THE CONTEXT OF THE GLOBAL COVID-19 PANDEMIC: THE EXAMPLE OF UKRAINE,Ikonomicheski Izsledvania,2022,,4,abstract
The life expectancy–economic growth nexus in Nigeria: the role of poverty reduction,SN Business and Economics,2021,10.1007/s43546-021-00119-9,18,title
Long Term Cost-Effectiveness of a Systolic Blood Pressure Goal of <120 mmHg in Hypertensive Patients Without Diabetes Mellitus,Value in Health Regional Issues,2020,10.1016/j.vhri.2019.09.003,3,INDEX_KW_ONLY
Unequal Economic Growth Between Regions in Indonesia: Hard Infrastructure or Soft Infrastructure?,International Journal of Business,2020,10.20469/IJBAS.6.10004-2,2,abstract
The Effects of Life Expectancy and Financial Crisis on the Stock Market Development in Africa,Global Business Review,2021,10.1177/0972150919826392,2,title
Status of using rope in purse seine fisheries in Viet Nam,CTU Journal of Innovation and Sustainable Development,2021,10.22144/ctu.jen.2021.027,0,abstract
Performance analysis of standalone photovoltaic power generation in different load conditions in India,Economics and Policy of Energy and the Environment,2021,10.3280/EFE2021-001007,1,abstract
Stock-flow relations in the socio-economic metabolism of the United Kingdom 1800–2017,"Resources, Conservation and Recycling",2020,10.1016/j.resconrec.2020.104960,45,abstract
"INDUSTRY, EDUCATION, DEVELOPMENT AND QUALITY OF LIFE IN AFRICAN COUNTRIES, 1995-2020",Regional and Sectoral Economic Studies,2021,,9,abstract
Determinants of pension capital management in Poland,Investment Management and Financial Innovations,2020,10.21511/imfi.17(4).2020.27,2,abstract
What is the Impact of the Analysis Method Used for Health State Utility Values on QALYs in Oncology? A Simulation Study Comparing Progression-Based and Time-to-Death Approaches,Applied Health Economics and Health Policy,2021,10.1007/s40258-020-00620-6,7,INDEX_KW_ONLY
Carbon emissions and life expectancy in Nigeria,International Journal of Energy Economics and Policy,2021,10.32479/ijeep.10834,29,title
Factors explaining the business survival of MSMEs in Ecuador; [Factores explicativos de la supervivencia empresarial de la mipyme en Ecuador],Estudios de Economia Aplicada,2021,10.25115/eea.v39i8.4061,1,abstract
"Who is better off? Measuring cross-border differences in living standards, opportunities and quality of life on the Island of Ireland",Irish Studies in International Affairs,2021,10.3318/isia.2021.32b.12,10,abstract
Quali health: creating access to quality healthcare for South Africa’s excluded majority,Emerald Emerging Markets Case Studies,2020,10.1108/EEMCS-10-2019-0253,0,abstract
Value of Life Year and Cost-Effectiveness Thresholds: The Case of Poland,Central European Economic Journal,2021,10.2478/ceej-2021-0019,6,abstract
Insights from real-world analysis of treatment patterns in patients with newly diagnosed knee osteoarthritis,American Health and Drug Benefits,2021,,17,INDEX_KW_ONLY
A cost effectiveness analysis of rivaroxaban compared to warfarin for deep vein thrombosis (Dvt) treatment in Ethiopia,ClinicoEconomics and Outcomes Research,2021,10.2147/CEOR.S327868,3,abstract
A continuous transition: demographic development in Hungary (1920–2020); [Folytonos átmenet: Magyarország népesedése 1920 és 2020 között],Statisztikai Szemle,2020,10.20311/stat2020.6.hu0481,7,abstract
Carbon footprint of Japanese health care services from 2011 to 2015,"Resources, Conservation and Recycling",2020,10.1016/j.resconrec.2019.104525,143,INDEX_KW_ONLY
The Role of Human Capital in the Economic Development of Countries,Economy: strategy and practice,2022,10.51176/1997-9967-2022-2-111-125,0,abstract
The European Silver Economy; [СЕРЕБРЯНАЯ ЭКОНОМИКА ЕС],Sovremennaya Evropa,2021,10.15211/SOVEUROPE62021109119,1,abstract
Does human capital matter for fdi’s effect on poverty? An evidence from nigeria,Nigerian Journal of Economic and Social Studies,2021,,0,abstract
"Carbon emissions, agricultural output and life expectancy in West Africa",International Journal of Energy Economics and Policy,2020,10.32479/ijeep.9177,39,title
Incorporating structural changes in mortality improvements for mortality forecasting,Scandinavian Actuarial Journal,2020,10.1080/03461238.2020.1748102,5,abstract
Indicators of the Social Dimension of Demographic Development (on the Example of the Republic of Mari El),Studies on Russian Economic Development,2020,10.1134/S1075700720040127,0,abstract
How management is being transformed: Drucker Forum insights,Strategy and Leadership,2020,10.1108/SL-12-2019-0175,3,abstract
Analysis of prognostic factors for feline mammary tumours (overview information); [АНАЛІЗ ПРОГНОСТИЧНИХ ФАКТОРІВ ЗА ПУХЛИН МОЛОЧНОЇ ЗАЛОЗИ У КІШОК (ОГЛЯДОВА ІНФОРМАЦІЯ)],Scientific Horizons,2020,10.48077/scihor.23(10).2020.99-109,0,abstract
Economic relations and the public image of China in Latin America: a cross-country time-series analysis,Economic and Political Studies,2022,10.1080/20954816.2021.1914414,9,abstract
Understanding internet appropriation among older people through institutional supports in Spain,Technology in Society,2021,10.1016/j.techsoc.2020.101505,23,abstract
The effect of crime on adolescent fertility in Colombia; [El efecto del crimen violento en la fecundidad de adolescentes en Colombia],Desarrollo y Sociedad,2022,10.13043/DYS.90.2,0,abstract
Does renewable energy consumption reduce ecological footprint? Evidence from eight developing countries of Asia,Journal of Cleaner Production,2021,10.1016/j.jclepro.2020.124867,365,abstract
ENERGY DIVERSIFICATION OF SOURCES IN SUB-SAHARAN AFRICA: What Impact on Quality of Life?,Energy Studies Review,2021,10.15173/esr.v25i1.4438,2,abstract
Low-fertility trap: a threat to India’s agile workforce,International Journal of Economic Policy in Emerging Economies,2022,10.1504/IJEPEE.2022.121351,0,abstract
Writing a New Narrative for Behavioral Healthcare,Journal of Healthcare Management,2020,10.1097/JHM-D-20-00022,0,INDEX_KW_ONLY
Revitalization policy to overcome the climate crisis post covid pandemic-19,International Journal of Entrepreneurship,2020,,1,abstract
Evaluation of the long-term cost-effectiveness of the dexcom g6 continuous glucose monitor versus self-monitoring of blood glucose in people with type 1 diabetes in canada,ClinicoEconomics and Outcomes Research,2021,10.2147/CEOR.S304395,14,abstract
An effective machine learning approach for disease predictive modelling in medical application,International Journal of Scientific and Technology Research,2020,,1,abstract
The health crisis and inter-generational inequality; [Crise sanitaire et inégalités générationnelles],Futuribles: Analyse et Prospective,2021,,0,abstract
Avoidable mortality from circulatory system diseases in moldova,Population and Economics,2021,10.3897/popecon.5.e65218,1,abstract
The financial and tax considerations of social security and early retirement,Journal of Wealth Management,2021,10.3905/JWM.2021.1.154,1,abstract
A MATHEMATICAL MODEL FOR PROJECTION OF LIFE EXPECTANCY AT BIRTH USING EARLY CHILDHOOD SURVIVORSHIP PROBABILITIES,Far East Journal of Theoretical Statistics,2022,10.17654/0972086322002,0,title
6-Parametric factor model with long short-term memory,Communications for Statistical Applications and Methods,2021,10.29220/CSAM.2021.28.5.521,1,abstract
The impact of the Covid-19 pandemic on working poverty: Theoretical and conceptual reflections,Sociologia del Lavoro,2021,10.3280/SL2021-161001,1,abstract
Implied equity duration as a measure of risk and its simultaneous endogeneity with performance in European companies,International Journal of Economics and Business Research,2020,10.1504/IJEBR.2020.106531,0,abstract
Sustainable Development in Canadaʼs Arctic Territories: Goals and Results; [Устойчивое развитие арктических территорий Канады: цели и результаты],International Organisations Research Journal,2020,10.17323/1996-7845-2020-04-07,4,abstract
International purview of poverty control in the new emerging economy,Corporate Governance and Organizational Behavior Review,2021,10.22495/cgobrv5i1p5,2,abstract
Changes in the Number and Age–Sex Structure of the Population of the Siberian Federal District And Its Regions in 1989–2017: Assessment of Consequences and Risks,Regional Research of Russia,2020,10.1134/S2079970520020136,4,author_kw
"Health Outcomes, Income and Income Inequality: Revisiting the Empirical Relationship",Forum for Health Economics and Policy,2021,10.1515/fhep-2021-0042,5,author_kw
"COVID: everything is better when everything is worse? A comparative analysis of testing, death rate and life expectancy across Italian regions","Regional Studies, Regional Science",2020,10.1080/21681376.2020.1832908,2,title
The Roadside Healthcare Facility Location Problem A Managerial Network Design Challenge,Production and Operations Management,2020,10.1111/poms.13152,29,abstract
Ecosystem services-human wellbeing relationships vary with spatial scales and indicators: The case of China,"Resources, Conservation and Recycling",2021,10.1016/j.resconrec.2021.105662,91,abstract
Wasted windfalls: Inefficiencies in health care spending in oil rich countries,Resources Policy,2020,10.1016/j.resourpol.2020.101618,12,abstract
Holistic diagnosis tool for early detection of breast cancer,International Journal of Computing and Digital Systems,2021,10.12785/IJCDS/100141,5,abstract
How to reduce CO2 emissions in pharmaceutical industry of China: Evidence from total-factor carbon emissions performance,Journal of Cleaner Production,2022,10.1016/j.jclepro.2022.130505,19,abstract
"QUALITY OF LIFE IN COUNTRIES AND REGIONS OF EUROPE, AMERICA, ASIA AND OCEANIA: SUBJECTIVE AND OBJECTIVE INDICATORS, 2000-2020",Regional and Sectoral Economic Studies,2022,,5,abstract
Access to modern energy services and human development in India: Has government policies paid off?,International Journal of Energy Economics and Policy,2021,10.32479/ijeep.10949,5,abstract
Dependence of Life Expectancy of the Population on the Well-Being of the Country (International Statistical Study),Studies on Russian Economic Development,2021,10.1134/S1075700721020052,2,title
From Basic Pension to Life Expectancy Factor; [Von der Grundrente zum Lebenserwartungsfaktor],Wirtschaftsdienst,2020,10.1007/s10273-020-2762-8,3,title
Alcohol mortality in Russia: assessment with representative survey data,Population and Economics,2020,10.3897/popecon.4.e51653,16,abstract
The Predicament of Establishing Persistence: Slavery and Human Capital in Africa,Journal of Historical Political Economy,2021,10.1561/115.00000015,1,author_kw
Planning of socio-economic development of the territories (Experience of European Union),International Journal of Management,2020,10.34218/IJM.11.4.2020.054,49,abstract
Population mortality in the central Russia municipalities,Population and Economics,2022,10.3897/popecon.6.e84005,3,abstract
"Determinants of the evolution of the number of COVID-19 cases and deaths in Peru: Mobility, geography and economic development; [Determinantes de la evolución del número de casos y muertes por COVID-19 en el Perú: movilidad, geografía y desarrollo económico]",Apuntes,2022,10.21678/apuntes.91.1500,2,abstract
The relationship between population ageing and private savings in Vietnam,Malaysian Journal of Consumer and Family Economics,2020,,2,author_kw
Cross-country spatial patterns in terms of human development indices; [Межстрановые пространственные зависимости по показателям человеческого развития],Economy of Regions,2021,10.17059/EKON.REG.2021-3-10,4,abstract
International Energy Law and the Development Dilemma of Developing Countries,Manchester Journal of International Economic Law,2022,,4,abstract
The impact of greenfield-fdi on socio-economic development of pakistan,HSE Economic Journal,2020,10.17323/1813-8691-2020-24-3-415-433,5,abstract
A Deeper Union: From a Failed Project to the European Quality Lead,Intereconomics,2021,10.1007/s10272-021-0975-8,1,abstract
The challenge posed by the COVID-19 pandemic: how to decide who deserves life-saving medical devices?,International Journal of Health Governance,2021,10.1108/IJHG-08-2020-0090,10,INDEX_KW_ONLY
Productivity effects of human capital among the east african countries: Evidence from health and higher education,African Journal of Business and Economic Research,2020,10.31920/1750-4562/2020/V15N3A6,0,author_kw
Differentiation of Russian regions by life expectancy,Population and Economics,2020,10.3897/popecon.4.e61386,1,title
Efficiency evaluation of sustainable development in BRICS and G7 countries: a Data Envelopment Analysis approach; [Análise do desenvolvimento sustentável nos BRICS e G7: uma abordagem com a Análise Envoltória de Dados],Gestao e Producao,2022,10.1590/1806-9649-2022v29e022,11,abstract
A panel analysis of health expenditure and economic growth in ECOWAS countries,African Journal of Business and Economic Research,2020,10.31920/1750-4562/2020/15n1a3,5,abstract
"The dynamic impact of urbanization, structural transformation, and technological innovation on ecological footprint and PM2.5: evidence from newly industrialized countries","Environment, Development and Sustainability",2022,10.1007/s10668-021-01614-7,145,abstract
A multi-state model approach for risk analysis of pensions for married couples with consideration of mortality difference by marital status,Communications for Statistical Applications and Methods,2021,10.29220/CSAM.2021.28.6.611,1,abstract
Effects of Air Pollution and Corruption Control on Life Expectancy in Middle-Income Countries,International Journal of Economics and Management,2021,,3,title
Fault tolerant inverter for high speed pmbldc drive in aerospace applications,International Journal of Scientific and Technology Research,2020,,0,abstract
LIFE EXPECTANCY IN SUB-SAHARA AFRICA: AN EXAMINATION OF LONG-RUN AND SHORT-RUN EFFECTS,Asian Development Policy Review,2021,10.18488/journal.107.2021.91.57.68,4,title
What Happened to the Technophysio Evolution in Chile?; [¿Qué pasó con la evolución tecnofisiológica en Chile?],Estudios Publicos,2022,10.38178/07183089/1019201221,0,abstract
Sustainable development: Trends in ukraine and the world doi: Https://doi.org/10.14505/jemt.v9.7(39).01,Journal of Environmental Management and Tourism,2021,10.14505/jemt.v12.5(53).03,18,abstract
The significance of the risks of economic security according to the insurance market data in the Russian federation; [La importancia de los riesgos de seguridad económica según los datos del mercado de seguro],Universidad y Sociedad,2020,,0,abstract
Performance evaluation analysis program for electric railway facilities,Journal of the Korean Society for Railway,2020,10.7782/JKSR.2020.23.6.542,4,abstract
Impacts of foreign direct investment on human capital in Asean,Journal of Distribution Science,2020,10.15722/jds.18.9.202009.13,3,abstract
Factors that Influence Economic Growth: Empirical Evidence from Albania,WSEAS Transactions on Business and Economics,2022,10.37394/23207.2022.19.126,3,abstract
Economic Evaluation of Breast Cancer Early Detection Strategies in Asia: A Systematic Review,Value in Health Regional Issues,2020,10.1016/j.vhri.2020.01.003,12,INDEX_KW_ONLY
The Returns to Preventing Chronic Disease in Europe and the United States,Journal of Human Capital,2022,10.1086/718513,2,abstract
A spatial multilevel analysis of the impacts of housing conditions on county-level life expectancy at birth in China,Applied Geography,2020,10.1016/j.apgeog.2020.102311,12,title
The Intergenerational Digital Divide in Russia; [Межпоколенческий цифровой разрыв в России],Mir Rossii,2022,10.17323/1811-038X-2022-31-2-51-74,7,abstract
Mathematical modeling of lung cancer using rough sets,International Journal of Advanced Research in Engineering and Technology,2020,10.34218/IJARET.11.3.2020.001,4,abstract
Obinutuzumab plus chemotherapy compared with rituximab plus chemotherapy in previously untreated Italian patients with advanced follicular lymphoma at intermediate–high risk: A cost-effectiveness analysis,ClinicoEconomics and Outcomes Research,2021,10.2147/CEOR.S317885,3,abstract
The Impact of Globalization on Women’s Health in Africa,African Journal of Business and Economic Research,2022,10.31920/1750-4562/2022/v17n1a14,0,abstract
Impact of socioeconomic variables in the human development index of the Latin American economies; [Impacto De Variables Socioeconómicas En El Índice De Desarrollo Humano De Las Economías Latinoamericanas],Universidad y Sociedad,2020,,1,abstract
Renewable Energy Consumption and Health Outcomes: Evidence from Global Panel Data Analysis,Pakistan Journal of  Commerce and  Social Sciences,2021,,46,abstract
Resources of educational and healthcare industries and population welfare: Comparative analysis in post-socialist and oecd countries,WSEAS Transactions on Business and Economics,2021,10.37394/23207.2021.18.54,4,abstract
Modeling of Healthcare Monitoring System of Smart Cities,TEM Journal,2022,10.18421/TEM112-55,5,abstract
Beyond standardized mortality ratios; some uses of smoothed age-specific mortality rates on small areas studies,International Journal of Health Geographics,2020,10.1186/s12942-020-00251-z,12,abstract
American Delusion: Life Expectancy and Welfare in the United States from an International Perspective,Journal of Human Capital,2022,10.1086/717543,2,title
Minding the gap in subjective mortality estimates,Journal of Retirement,2021,10.3905/JOR.2021.1.093,1,abstract
Effect of health outcome on economic growth in sub-Saharan Africa: a system generalized method of moment approach,Journal of Economics and Development,2021,10.1108/JED-06-2020-0078,17,abstract
COVID-19 and income inequality in OECD countries,European Journal of Health Economics,2021,10.1007/s10198-021-01266-4,111,INDEX_KW_ONLY
PHARMACEUTICAL EXPENDITURE AND GROSS DOMESTIC PRODUCT: THE CASE OF NORTH CYPRUS,Academy of Strategic Management Journal,2021,,0,abstract
DEMOCRACY AND STATE CAPACITY AS DETERMINANTS OF LIFE EXPECTANCY: EVIDENCE FROM LATIN AMERICA,Annals of the Fondazione Luigi Einaudi,2020,10.26331/1125,1,title
Non-renewable energy consumption and quality of life: Evidence from Sub-Saharan African economies,Resources Policy,2021,10.1016/j.resourpol.2021.102176,42,abstract
Еnvironmental and Legal Regulation of Digitalization of Environmental Protection,Journal of Environmental Management and Tourism,2021,10.14505/jemt.12.7(55).19,26,abstract
An Analysis of the Major Factors Shaping the Tourismrelated Spending of Senior Citizens in Hungary,Regional Statistics,2021,10.15196/RS110208,3,abstract
Life expectancy and specific causes of mortality in terms of gender inequalities in relation to economic growth; [Gyvenimo trukmė ir konkrečios mirtingumo priežastys atsižvelgiant į su ekonomikos augimu susijusia lyčių nelygybe],Transformations in Business and Economics,2021,,2,title
A PANEL DATA ESTIMATION OF THE DETERMINANTS OF LIFE EXPECTANCY IN SELECTED SAARC COUNTRIES,Operations Research and Decisions,2021,10.37190/ord210404,21,title
Physical and Mental Health Level of the Elderly Living in Central Greece,Materia Socio-Medica,2021,10.5455/msm.2021.33.16-20,4,abstract
A framework for day-ahead optimal charging scheduling of electric vehicles providing route mapping: Kowloon case study,Journal of Cleaner Production,2021,10.1016/j.jclepro.2021.127297,48,abstract
Preparation of orally disintegrating tablets from active ingredients of citrus peel by direct powder compression for the maintenance of brain function,Food Science and Technology Research,2021,10.3136/FSTR.27.573,2,abstract
Demographic transition and economic potential: Malaysia,SCMS Journal of Indian Management,2020,,3,author_kw
Asset liability management for the Bank of Uganda defined benefits scheme by stochastic programming,Operations Research and Decisions,2022,10.37190/ord220207,1,abstract
Multi-population models to handle mortality crises in forecasting mortality: A case study from Hungary,Society and Economy,2021,10.1556/204.2021.00007,6,abstract
Active Leisure and Ageing in Rural Ireland: Exploring Perceptions and Motivations to Facilitate and Promote Meaningful Physical Activity,Academica Turistica,2022,10.26493/2335-4194.15.65-80,1,abstract
Assessment of human capital in Russian macroregions; [Оценка человеческого капитала в макрорегионах России1],Economy of Regions,2021,10.17059/EKON.REG.2021-3-12,11,abstract
Health outcomes and the resource curse paradox: The experience of African oil-rich countries,Resources Policy,2021,10.1016/j.resourpol.2021.102201,29,abstract
The Finnish Pension System and Its Future Challenges,Intereconomics,2020,10.1007/s10272-020-0877-1,3,abstract
"Geroprotective activity of trans-cinnamic acid isolated from the Baikal skullcap (Scutellaria baicalensis); [Геропротекторная активность транс-коричной кислоты, выделенной из шлемника байкальского (Scutellaria baicalensis)]",Food Processing: Techniques and Technology,2022,10.21603/2074-9414-2022-3-2388,12,author_kw
The Gender Pension Gap in Germany – Reasons and Remedies,CESifo Forum,2022,,3,abstract
"Health expenditure, economic growth and life expectancy at birth in resource rich developing countries: A case of Saudi Arabia and Nigeria",Journal of Economic Cooperation and Development,2021,,5,title
"An empirical study of foreign direct investment, human development and endogenous growth",Global Business and Economics Review,2021,10.1504/GBER.2021.111987,7,abstract
Perception of population ageing and age discrimination across EU countries,Population and Economics,2019,10.3897/popecon.3.e49760,25,abstract
"The post social development of Belarus in the 21st century: Economy, population, life level",Ukrainian Geographical Journal,2018,10.15407/ugz2018.03.044,0,abstract
Population dynamics and human capital development in west africa,Nigerian Journal of Economic and Social Studies,2020,,3,abstract
Strategies to Manage Regional Development Inequality for Economic Recovery During the COVID-19 Period,Academy of Strategic Management Journal,2020,,2,abstract
The cost-effectiveness of a NSCLC patient assistance program for pemetrexed maintenance therapy in people’s republic of China,ClinicoEconomics and Outcomes Research,2017,10.2147/CEOR.S119818,4,INDEX_KW_ONLY
Longevity and labour market; [Longevidad y mercado de trabajo],Ekonomiaz,2019,,0,abstract
Cost-effectiveness analysis of IDegLira versus basal-bolus insulin for patients with type 2 diabetes in the Slovak health system,ClinicoEconomics and Outcomes Research,2017,10.2147/CEOR.S143127,12,abstract
Why is There Discordance between the Reimbursement of High-Cost ‘Life-Extending’ Pharmaceuticals and Medical Devices? The Funding of Ventricular Assist Devices in Australia,Applied Health Economics and Health Policy,2019,10.1007/s40258-019-00470-x,8,INDEX_KW_ONLY
Documentation of patient identification into the electronic system to improve the quality of nursing services,International Journal of Scientific and Technology Research,2019,,1,abstract
The importance of implementing environmental variables in the process of assessment of healthcare efficiency through DEA,Ekonomicky casopis,2019,,9,abstract
CNC machining technology process design and programming of transmission shaft,Paper Asia,2018,,1,abstract
THE IMPLICATIONS OF REGIONAL COMPETITIVENESS ON REGIONAL DEVELOPMENT POLICY AND ECONOMIC COHESION,Theoretical and Practical Research in the Economic Fields,2019,10.14505/tpref.v10.1(19).04,1,abstract
Mortality by educational level in Russia,HSE Economic Journal,2017,,9,abstract
Does demographic transition contribute to economic development? Case studi in Indonesia,International Journal of Scientific and Technology Research,2019,,0,abstract
Regional practice of project management in the process of primary health care improvement by using supply chain strategy,International Journal of Supply Chain Management,2019,,1,abstract
World population: Growth and ageing; [La population du monde: Croissance et vieillissement],Futuribles: Analyse et Prospective,2016,,0,nowhere
Analysis of factors that affect poverty in Indonesia; [Análisis de los factores que afectan la pobreza en Indonesia],Espacios,2018,,14,abstract
Cost-utility of surgical sutureless bioprostheses vs TAVI in aortic valve replacement for patients at intermediate and high surgical risk,ClinicoEconomics and Outcomes Research,2018,10.2147/CEOR.S185743,13,abstract
"Level of compliance with the European Social Charter by the Spanish State, in the matter of prevention of labour risks, health, social security and social protection; [Nivel de cumplimiento de la Carta Social Europea por parte del Estado Español, en materia de prevención de riesgos laborales, salud, Seguridad Social y protección social]",Revista del Ministerio de Empleo y Seguridad Social,2018,,1,abstract
The Long-Term Impact of Price Controls in Medicare Part D,Forum for Health Economics and Policy,2017,10.1515/fhep-2016-0011,3,abstract
Rethinking health services measurement for Indigenous populations,Statistical Journal of the IAOS,2019,10.3233/SJI-180465,7,abstract
Universities of the third age and their role in education and preventive gerontology,European Journal of Sustainable Development,2020,10.14207/ejsd.2020.v9n3p58,5,abstract
"The life expectancy of plates: Improving longevity through optimized plate making, Handling & care",Flexo,2017,,0,title
Brazilian Analytical Decision Model for Cardiovascular Disease: An Adaptation of the Scottish Cardiovascular Disease Policy Model,Value in Health Regional Issues,2018,10.1016/j.vhri.2018.01.002,3,abstract
Why are obsolete mobile phones difficult to recycle in China?,"Resources, Conservation and Recycling",2019,10.1016/j.resconrec.2018.10.030,115,abstract
Alerting system for medicine dispensing,International Journal of Advanced Research in Engineering and Technology,2019,10.34218/IJARET.10.2.2019.044,0,abstract
How do trade openness and public expenditures affect health status in OIC member countries? An empirical analysis,Pakistan Journal of  Commerce and  Social Sciences,2019,,9,abstract
Corporate wargaming and other techniques for testing e-health solutions in Chile,Monitoring Obshchestvennogo Mneniya: Ekonomicheskie i Sotsial'nye Peremeny,2019,10.14515/monitoring.2019.5.05,0,abstract
Identification of explanatory variables pertaining to attack intensity on U.S. embassies in countries of the Middle East and North Africa,Applied Geography,2017,10.1016/j.apgeog.2017.03.005,3,abstract
Modelling the cost-effectiveness of statin therapy in rheumatoid arthritis: a Markov-cycle evaluation from national data bank for rheumatic diseases,Journal of Pharmaceutical Health Services Research,2017,10.1111/jphs.12184,0,INDEX_KW_ONLY
An international comparison of rice consumption behaviours and greenhouse gas emissions from rice production,Journal of Cleaner Production,2018,10.1016/j.jclepro.2017.11.182,146,abstract
Models of management and satra institutions,International Journal of Scientific and Technology Research,2019,,0,abstract
Dynamics of life expectancy in Russia over the last half century and prospects of reaching the 80+ level by 2030,Population and Economics,2019,10.3897/popecon.3.e37964,0,title
Performance analysis of brain tumor detection using optimization based fcm technique on mri images,International Journal of Scientific and Technology Research,2019,,7,abstract
Investigating the impact of foreign direct investment on poverty reduction efforts in Africa,Revista Galega de Economia,2018,10.15304/rge.27.2.5664,14,abstract
Evaluation of the Long-Term Impact of Improving Care for People with Type 2 Diabetes in China,Value in Health Regional Issues,2018,10.1016/j.vhri.2018.03.005,2,abstract
"Positive time preference and environmental degradation: The effects of world population growth and economic activity on intergenerational equity, 1970-2015",Applied Econometrics and International Development,2018,,4,abstract
Effect of marine protected areas and macroeconomic environment on meat consumption in SEAFO countries,Agricultural and Food Economics,2018,10.1186/s40100-018-0105-5,1,abstract
Record linkage to advance Indigenous mortality statistics in Australia - Sources of error and bias,Statistical Journal of the IAOS,2018,10.3233/SJI-170367,1,author_kw
Social capital as a determinant of population health outcomes: A global perspective,Pakistan Journal of  Commerce and  Social Sciences,2018,,7,abstract
Regional socio-economic factors influencing diabetes incidence: The case of Romania,Eastern Journal of European Studies,2018,,1,abstract
Lifecycle deficit in France: An assessment for the period 1979-2011,Economie et Statistique,2017,10.24187/ecostat.2017.491d.1905,9,abstract
Die-by Framing both Lengthens and Shortens Life: Further Evidence on Constructed Beliefs in Life Expectancy,Journal of Behavioral Decision Making,2017,10.1002/bdm.2027,11,title
Operating efficiency of quality management system of state executive authorities,Ikonomicheski Izsledvania,2018,,0,abstract
"PUBLIC HEALTH EXPENDITURE, ECONOMIC GROWTH AND HEALTH OUTCOMES IN NIGERIA",International Journal of Public Policy and Administration Research,2019,10.18488/journal.74.2019.61.23.32,10,author_kw
"Not great, again: Life expectancy in America has declined for two years in a row",Economist (United Kingdom),2018,,0,title
Gender inequality and economic development in the MENA region,Applied Econometrics and International Development,2019,,6,abstract
Investments in renovation processes in a changing environment,"Izvestiya Vysshikh Uchebnykh Zavedenii, Seriya Teknologiya Tekstil'noi Promyshlennosti",2017,,6,abstract
"Carbon emissions, human capital investment and economic development in Nigeria",International Journal of Energy Economics and Policy,2020,10.32479/ijeep.8476,14,abstract
Longevity: a new asset class,Journal of Asset Management,2018,10.1057/s41260-018-0084-9,12,abstract
Measuring CIS health systems using the stochastic frontier analysis (SFA),Economy of Regions,2020,10.17059/2020-1-5,6,abstract
The measurement of human development using the ward method of cluster analysis,Journal of International Studies,2017,10.14254/2071-8330.2017/10-2/17,33,author_kw
Reflections on demographic theories,Population and Economics,2019,10.3897/popecon.3.e37965,2,abstract
Patient and general population values for luminal and perianal fistulising Crohn’s disease health states,European Journal of Health Economics,2019,10.1007/s10198-019-01065-y,8,INDEX_KW_ONLY
The role of soils in social development of society,Ukrainian Geographical Journal,2019,10.15407/ugz2019.02.057,5,abstract
Monitoring of national health systems,World Economy and International Relations,2018,10.20542/0131-2227-2018-62-2-92-99,1,abstract
"The Economic Costs of Cardiovascular Disease, Diabetes Mellitus, and Associated Complications in South Asia: A Systematic Review",Value in Health Regional Issues,2018,10.1016/j.vhri.2017.05.003,58,INDEX_KW_ONLY
Has financial liberalisation promoted economic growth in nigeria? Evidence from auto-regressive distributed lag (ARDL) approach,Asian Economic and Financial Review,2018,10.18488/journal.aefr.2018.82.172.188,4,abstract
Management of human capital development in ensuring rural population quality of life,Ekonomika APK,2020,10.32317/2221-1055.202005066,1,abstract
Working life expectancy in Russia,HSE Economic Journal,2017,,17,title
India’s Proposed Universal Health Coverage Policy: Evidence for Age Structure Transition Effect and Fiscal Sustainability,Applied Health Economics and Health Policy,2016,10.1007/s40258-016-0270-1,4,INDEX_KW_ONLY
Hospital-acquired anemia in chronic kidney disease,International Journal of Scientific and Technology Research,2019,,0,abstract
"Dynamic analysis of copper consumption, in-use stocks and scrap generation in different sectors in the U.S. 1900–2016","Resources, Conservation and Recycling",2018,10.1016/j.resconrec.2018.07.022,26,abstract
Analysis of natural reproduction’s modern tendencies of republic of kazakhstan,International Journal of Economic Perspectives,2017,,0,author_kw
Reusability analytics tool for end-of-life assessment of building materials in a circular economy,"World Journal of Science, Technology and Sustainable Development",2019,10.1108/WJSTSD-05-2018-0041,55,abstract
Determinants of happiness in Japan and the Netherlands: Macro and micro analysis and comparison,Asia-Pacific Review,2018,10.1080/13439006.2018.1484618,10,abstract
The European and Eurafrican population of the danish forts on the Eighteenth-Century gold coast,African Economic History,2018,10.1353/aeh.2018.0001,4,abstract
Forecasting mortality for Kazakhstan using the lee-carter model,Journal of Advanced Research in Law and Economics,2017,10.14505/jarle.v8.6(28).15,1,abstract
Dynamics of modal age at death in 1959−2014 in Russia,Population and Economics,2019,10.3897/popecon.3.e49651,0,abstract
Lee-carter mortality forecasting: Application to mauritian population,International Journal of Recent Technology and Engineering,2019,,2,abstract
Has disability risen among the elderly in India?,Economic and Political Weekly,2019,,2,abstract
Rewiring the risk society: How society changes will reshape financial risk management,Journal of Risk Management in Financial Institutions,2018,10.69554/gkkn4369,1,abstract
                         Life cycle option selection of disassembly parts for material-based CO                         2                          saving rate and recovery cost: Analysis of different market value and labor cost for reused parts in German and Japanese cases                     ,International Journal of Production Economics,2019,10.1016/j.ijpe.2019.02.019,31,author_kw
The Option Value of Innovative Treatments for Metastatic Melanoma,Forum for Health Economics and Policy,2018,10.1515/fhep-2016-0014,18,abstract
Selected determinants of quality of life and their implications for health system,Journal of Applied Economic Sciences,2016,,0,abstract
"Height of Northern Jordanian middle-class adults, born 1960-1990 in the response to improving socio-economic conditions",Economics and Human Biology,2016,10.1016/j.ehb.2015.12.001,2,INDEX_KW_ONLY
Insurance development and economic growth: Evidence from India,Indian Journal of Finance,2019,10.17010/ijf/2019/vl3i3/142268,0,abstract
Efficiency of health expenditure in the OECD and LAC: A data envelopment analysis; [Eficiencia del gasto en salud en la OCDE y ALC: Un análisis envolvente de datos],Lecturas de Economia,2019,10.17533/udea.le.n91a02,5,abstract
Promoting remanufactured heavy-truck engine purchase in China: Influencing factors and their effects,Journal of Cleaner Production,2018,10.1016/j.jclepro.2018.02.188,29,abstract
Socio-economic and demographic motivators of the life quality of rural population in the Russian Federation,Journal of Social Sciences Research,2018,10.32861/jssr.spi3.211.214,0,abstract
Stiffness of silk fragments of Kosode in the Edo era and Kimono fragments after the Meiji era - Evaluation by the newly developed stiffness method-,Journal of the Japan Research Association for Textile End-Uses,2018,10.11419/senshoshi.59.10-784,0,abstract
Pensions and the Challenges of Adequacy and Sustainability: Irish Citizens’ Voices and Policy Implications,Intereconomics,2019,10.1007/s10272-019-0814-3,2,abstract
A framework for analyzing defined benefit pension insurance: The survivor benefit plan for veterans,Financial Services Review,2018,10.61190/fsr.v27i2.3389,1,abstract
Cost-effectiveness analysis of combination antifungal therapy with voriconazole and anidulafungin versus voriconazole monotherapy for primary treatment of invasive aspergillosis in spain,ClinicoEconomics and Outcomes Research,2017,10.2147/CEOR.S122177,3,abstract
HUMAN HEALTH AND FOREIGN DIRECT INVESTMENT NEXUS: EVIDENCE FROM SOUTH ASIA,Asian Development Policy Review,2019,10.18488/journal.107.2019.73.209.218,6,abstract
"Two models of representation for the baby boom and millennium generations in France: 'Elitist identity capital' v. 'universal, democratic capital'",International Journal of Entrepreneurship and Small Business,2017,10.1504/IJESB.2017.085986,2,abstract
Evidências entre a qualidade das bacias hidrográficas e as características dos municípios de Minas Gerais,Revista de Economia e Sociologia Rural,2018,10.1590/1234-56781806-94790560109,2,abstract
Migration to Europe and its demographic background,Regional Statistics,2018,10.15196/RS080103,16,abstract
"Crisis, suicide and labour productivity losses in Spain",European Journal of Health Economics,2017,10.1007/s10198-015-0760-3,28,INDEX_KW_ONLY
Fiscal policy and the unbalanced pension system,HSE Economic Journal,2017,,1,abstract
"Nineteenth Century Black and Mixed-Race Physical Activity, Calories, and Life Expectancy: Nutrition, Sanitation, or Medical Intervention?",Review of Black Political Economy,2016,10.1007/s12114-016-9241-x,1,title
The countermeasures assessment towards retirement basic savings estimation through the mathematical research,International Journal of Recent Technology and Engineering,2019,10.35940/ijrte.B1070.0782S319,2,abstract
Deep learning approach for prediction of pneumonia,International Journal of Scientific and Technology Research,2019,,10,abstract
Modeling cause-of-death mortality using hierarchical Archimedean copula,Scandinavian Actuarial Journal,2019,10.1080/03461238.2018.1546224,23,abstract
Indirect costs associated with premature mortality among those with veno-occlusive disease/sinusoidal obstruction syndrome with multiorgan dysfunction post-hematopoietic stem-cell-transplant,ClinicoEconomics and Outcomes Research,2019,10.2147/CEOR.S184883,0,abstract
Social sector expenditures and their impact on human development in India: Empirical evidence during 2001-02 to 2015-16,International Journal of Recent Technology and Engineering,2019,,2,abstract
Some determinants of life expectancy in the United States: results from cointegration tests under structural breaks,Journal of Economics and Finance,2018,10.1007/s12197-017-9401-2,26,title
Third-party Intervention in Civil Wars and the Prospects for Postwar Development,Journal of Conflict Resolution,2017,10.1177/0022002715590873,18,abstract
Health investments and economic growth: a quantile regression approach,International Journal of Development Issues,2018,10.1108/IJDI-12-2017-0200,17,abstract
Think tank—Addressing the business challenges of an aging workforce,Global Business and Organizational Excellence,2018,10.1002/joe.21864,2,abstract
"Pattern of life expectancy at birth in India, significant changes over the past years",International Journal of Economic Research,2017,,3,title
Sustainable total factor productivity growth for 55 states: An application of the new malmquist index considering ecological footprint and human development index,"Resources, Conservation and Recycling",2019,10.1016/j.resconrec.2019.03.035,56,abstract
Program of movement activity for seniors; [Program aktywności fizycznej dla seniorów],Sport i Turystyka,2019,10.16926/sit.2019.02.40,0,abstract
An energy efficient clustering technique in WSNs,International Journal of Recent Technology and Engineering,2019,10.35940/ijrte.B1203.0982S1119,0,abstract
Population development trends in Russia and China in the 21st century,Population and Economics,2019,10.3897/popecon.3.e37961,3,abstract
"Postintroduction Study of Cost Effectiveness of Pneumococcal Vaccine PCV10 from Public Sector Payer's Perspective in the State of Santa Catarina, Brazil",Value in Health Regional Issues,2018,10.1016/j.vhri.2017.12.008,2,abstract
Assessing the determinants of retirement home ownership among Malaysian young-old seniors,International Journal of Housing Markets and Analysis,2018,10.1108/IJHMA-08-2017-0072,20,abstract
Demographic trends in Russian Arctic in the context of sustainable development; [Tendencias demográficas en el ártico ruso en el contexto del desarrollo sustentable],Espacios,2018,,1,abstract
Expected life expectancy and its in selected European countries,Transformations in Business and Economics,2017,,20,title
"Cost-Effectiveness of a Care Program for HIV/AIDS Patients Affiliated with a Health Insurer in Colombia, Comparing Three Health Care Providers Nationwide",Value in Health Regional Issues,2016,10.1016/j.vhri.2015.11.001,7,abstract
Service life prediction of high-performance concrete with respect to chloride ion penetration by incorporated with GGBS,International Journal of Recent Technology and Engineering,2019,,5,abstract
A bi-objective green home health care routing problem,Journal of Cleaner Production,2018,10.1016/j.jclepro.2018.07.258,144,abstract
Access to preventive health services of people with intellectual disability in Italy,Journal of Reviews on Global Economics,2018,10.6000/1929-7092.2018.07.05,12,abstract
A study of human development among Tea-Garden community in Dibrugarh District of Assam,International Journal of Scientific and Technology Research,2019,,1,author_kw
Quantitative assessment of the value of human life in russia and in the world,Finance: Theory and Practice,2018,10.26794/2587-5671-2018-22-4-52-75,12,abstract
The impact of OD intervention on high performing Teams in a hospital,Organization Development Journal,2018,,0,abstract
Excessive social inequality as a serious challenge to the demographic security of modern russia with considering the supply chain strategy effects,International Journal of Supply Chain Management,2019,,0,abstract
Spontaneous Dissection of the Coronary Vessels. Epidemiological and Coronary Angiographic Study,Materia Socio-Medica,2019,10.5455/msm.2019.31.177-180,0,abstract
Retention of old-aged human capital in the Thai automotive industry,International Journal of Learning and Intellectual Capital,2018,10.1504/IJLIC.2018.088349,4,abstract
Effects of harmonics on major equipments in power distribution network,International Journal of Scientific and Technology Research,2019,,3,author_kw
Do time trade-off values fully capture attitudes that are relevant to health-related choices?,European Journal of Health Economics,2019,10.1007/s10198-018-1017-8,5,INDEX_KW_ONLY
Weak sustainability is not sustainable: Socioeconomic and environmental assessment of Inner Mongolia for the past three decades,"Resources, Conservation and Recycling",2019,10.1016/j.resconrec.2018.10.032,73,abstract
Socio-economic contours of longevity societies,World Economy and International Relations,2017,10.20542/0131-2227-2017-61-5-34-44,2,abstract
Preserving cultural heritage: A new approach to increase the life expectancy of optical discs,Journal of Cultural Heritage,2018,10.1016/j.culher.2017.08.004,3,title
Raising the retirement age: the impact on the individual and actuarial balance for Chinese urban workers’ basic pensions,Economic and Political Studies,2016,10.1080/20954816.2016.1251135,2,abstract
"Military expenditures and health: a cross-national study, 1975-2000",International Journal of Sociology and Social Policy,2017,10.1108/IJSSP-01-2017-0004,10,abstract
Life expectancy at birth: The numbers behind the means,Tijdschrift voor Sociale en Economische Geschiedenis,2017,10.5334/tseg2017.2.zijd,2,title
Investments in fixed assets and human capital: Two interconnected drivers of socioeconomic growth,Studies on Russian Economic Development,2017,10.1134/S1075700717040025,15,abstract
The EU's regulatory commitment to a European harmonized Pension product (PEPP): The portability of pension rights vis-à-vis the free movement of capital,Journal of Financial Regulation,2019,10.1093/jfr/fjz005,2,abstract
Microfinance models in improving 'quality of life': Empirical analysis on Indian perspective,International Journal of Business Innovation and Research,2020,10.1504/IJBIR.2020.104031,11,abstract
Intergenerational inequalities in standards of living in France,Economie et Statistique,2017,10.24187/ecostat.2017.491d.1906,8,abstract
"Investigating the evocative link among wine consumption, human development index and geographical region",Studies in Agricultural Economics,2020,10.7896/j.2047,4,abstract
Understanding the sustainability potential of part consolidation design supported by additive manufacturing,Journal of Cleaner Production,2019,10.1016/j.jclepro.2019.05.380,96,abstract
Automated brain tumour detection in MRI images using threshold based FCM,International Journal of Scientific and Technology Research,2019,,6,abstract
Public policy and future mineral supplies,Resources Policy,2018,10.1016/j.resourpol.2018.01.006,81,abstract
The Long-run Relationship Between Trade and Population Health: Evidence from Five Decades,World Economy,2017,10.1111/twec.12419,35,abstract
Willingness-to-Pay for One Quality-Adjusted Life-Year: A Population-Based Study from Iran,Applied Health Economics and Health Policy,2018,10.1007/s40258-018-0424-4,21,INDEX_KW_ONLY
Methods of the assessment of economic losses caused by the mortality of the population employed in regional economy,Economy of Regions,2017,10.17059/2017-2-16,15,abstract
Avaliação do padrão de consumo de bens e serviços de saúde: Uma abordagem de equilíbrio geral computável para a economia Brasileira,Revista Brasileira de Economia,2017,10.5935/0034-7140.20170023,1,abstract
The effect of longevity risks on the performance of stock market,Investment Management and Financial Innovations,2017,10.21511/imfi.14(1-1).2017.03,1,abstract
Formulation strategies for aging consumers,Contract Pharma,2017,,0,INDEX_KW_ONLY
Evaluating the cost-effectiveness of afatinib after platinum-based therapy for the treatment of squamous non-small-cell lung cancer in France,ClinicoEconomics and Outcomes Research,2017,10.2147/CEOR.S136657,14,abstract
International and Russian experience in primary health care organization,Journal of Social Sciences Research,2018,10.32861/jssr.spi5.146.148,0,abstract
Actuarial evaluation of pension risks of Russia: From theory to practice,Economy of Regions,2017,10.17059/2017-3-7,2,abstract
"Development of electricity program, electrificaty ratio with human development index in west Java province, Indonesia",International Journal of Energy Economics and Policy,2018,,5,abstract
The Relationship between Internet Environment and Life Expectancy in Asia,Review of Integrative Business and Economics Research,2019,,11,title
Evaluation of environmental impacts of citric acid and glycerol outdoor softwood treatment: Case-study,Journal of Cleaner Production,2017,10.1016/j.jclepro.2017.06.125,8,abstract
Russian pension system in the context of demographic challenges and constraints,HSE Economic Journal,2017,,11,abstract
Oil exploration and exploitation in Nigeria and the challenge of sustainable development: An assessment of the Niger Delta,International Journal of Energy Economics and Policy,2019,10.32479/ijeep.7812,10,abstract
"Investment in Physical, Human Capital, Economic Growth and Life Expectancy in Bangladesh: An Empirical Investigation",South Asia Economic Journal,2018,10.1177/1391561418799110,19,title
Cost-effectiveness of culture-based versus empirical antibiotic treatment for hospitalized adults with community-acquired pneumonia in Indonesia: A real-world patient-database study,ClinicoEconomics and Outcomes Research,2019,10.2147/CEOR.S224619,9,abstract
Individual estimates of life expectancy and consumption patterns,Financial Services Review,2017,10.61190/fsr.v26i1.3293,0,title
Development of work flow to manage fatigue of bottomhole assemblies,Journal of Petroleum Technology,2017,10.2118/1217-0071-jpt,0,abstract
Sociocultural Factors of survival of males and females in economically active age: A regional analysis,Economy of Regions,2018,10.17059/2018-1-9,1,abstract
Evaluating the health costs of oral hexavalent chromium exposure from water pollution: A case study in Taiwan,Journal of Cleaner Production,2018,10.1016/j.jclepro.2017.10.177,55,abstract
Converting retirement benefit into a life care annuity with graded benefits*       ,Scandinavian Actuarial Journal,2017,10.1080/03461238.2016.1258370,10,abstract
Assessment of the development of the social infrastructure of Russian regions and its impact on demographic processes,Finance: Theory and Practice,2020,10.26794/2587-5671-2020-24-2-104-119,2,abstract
Sustainable development of the northern regions: Population dimension,Economy of Regions,2018,10.17059/2018-4-24,12,abstract
Cost-effectiveness of interferon therapy for multiple sclerosis in Peru: impact of treatment adherence,Journal of Pharmaceutical Health Services Research,2019,10.1111/jphs.12279,1,INDEX_KW_ONLY
Cost Evaluation of Inhaler Therapies Used in Respiratory Diseases: The 1998 to 2015 Period in Turkey,Value in Health Regional Issues,2017,10.1016/j.vhri.2017.07.004,2,abstract
Cost-effectiveness of sensor-augmented insulin pump therapy vs continuous subcutaneous insulin infusion in patients with type 1 diabetes in the Netherlands,ClinicoEconomics and Outcomes Research,2019,10.2147/CEOR.S186298,12,abstract
Performance analysis of fusion based brain tumour detection using Chan-Vese and level set segmentation algorithms,International Journal of Recent Technology and Engineering,2019,,6,abstract
What is life like for our elderly? An empirical study of the quality of life of older people in Colombia,Cepal Review,2019,10.18356/D74159AE-EN,0,abstract
Automatically adjust retirement age; [Renteneintrittsalter automatisch anpassen],List Forum fur Wirtschafts- und Finanzpolitik,2016,10.1007/s41025-016-0035-5,0,abstract
Economic impact of longer battery life of cardiac resynchronization therapy defibrillators in Sweden,ClinicoEconomics and Outcomes Research,2016,10.2147/CEOR.S114921,9,abstract
"Driving factors of CO2 emissions and nexus with economic growth, development and human health in the Top Ten emitting countries","Resources, Conservation and Recycling",2019,10.1016/j.resconrec.2019.03.048,176,abstract
Public health and medical care in Russia: Status and problems,International Journal of Economic Research,2017,,7,abstract
The Value of a Statistical Life-Year in Sub-Saharan Africa: Evidence From a Large Population-Based Survey in Tanzania,Value in Health Regional Issues,2019,10.1016/j.vhri.2019.07.009,24,INDEX_KW_ONLY
Comparison of Equity Preferences for Life Expectancy Gains: A Discrete Choice Experiment among the Japanese and Korean General Public,Value in Health Regional Issues,2019,10.1016/j.vhri.2018.05.004,4,title
"Social connectedness: Measurement, determinants, and effects",Journal of Economic Perspectives,2018,10.1257/jep.32.3.259,383,INDEX_KW_ONLY
Per capita income and health outcome convergence in the economic community of West African states,Nigerian Journal of Economic and Social Studies,2020,,2,abstract
Spa tourism as a part of ageing well,International Journal of Spa and Wellness,2019,10.1080/24721735.2019.1668673,23,abstract
What Have Remittances Done to Development? Evidence from the Caribbean Community and Common Market,Review of Black Political Economy,2016,10.1007/s12114-016-9240-y,7,abstract
Innovative behavior and the Chinese enterprise survival risk: An empirical study,China Finance and Economic Review,2016,10.1515/cfer-2016-050405,0,abstract
Effect of unemployment on health capital,Iranian Economic Review,2018,10.22059/ier.2018.67853,9,abstract
Education and human development: A case study on the role on Federal Institute (IFs) in Brazil; [Educação e desenvolvimento humano: Um estudo de caso sobre o papel dos institutos federais (IFs) no Brasil],Espacios,2017,,0,abstract
Trade openness and life expectancy nexus in less-developed countries,International Journal of Trade and Global Markets,2017,10.1504/IJTGM.2017.090268,3,title
Alarm over the public pension system: Demography to blame?; [Alarma en el sistema público de pensiones: ¿Culpa de la demografía?],Revista del Ministerio de Empleo y Seguridad Social,2017,,1,abstract
Analysis of cause-of-death mortality and actuarial implications,Communications for Statistical Applications and Methods,2019,10.29220/CSAM.2019.26.6.557,3,abstract
Income distribution and health: can polarization explain health outcomes better than inequality?,European Journal of Health Economics,2019,10.1007/s10198-018-1016-9,11,INDEX_KW_ONLY
Tourists with dementia - A unique challenge for the tourism industry,Pertanika Journal of Social Sciences and Humanities,2018,,3,abstract
Demography and pensions. An unconventional relationship; [Demografía y pensiones: Una relación no convencional],Ekonomiaz,2019,,0,abstract
Social and economic drivers of national economic development: The case of OPEC countries,Problems and Perspectives in Management,2018,10.21511/ppm.16(4).2018.14,55,abstract
Social inequality and poverty as a challenge to the development of human potential of the national economy,Espacios,2019,,0,abstract
Ageing's raging savings debate,Economic Outlook,2018,10.1111/1468-0319.12342,0,abstract
Different statistical measures create different perceptions of the digital divide,Information Society,2019,10.1080/01972243.2019.1582568,8,abstract
Some adjustments to the human capital and the friction cost methods,European Journal of Health Economics,2018,10.1007/s10198-018-0969-z,11,INDEX_KW_ONLY
Psychological wellbeing intended for healthy longevity,International Journal of Management,2019,10.34218/IJM.10.6.2019.010,1,abstract
An analysis of health spending: Trends in selected countries,International Journal of Applied Business and Economic Research,2017,,5,abstract
Social development forecast for russian regions,Finance: Theory and Practice,2018,10.26794/2587-5671-2018-22-6-132-152,3,abstract
"The dark side of work life extension: Health, welfare and equity concerns",Sociologia del Lavoro,2018,10.3280/SL2018-150006,7,abstract
Life Settlement Funds: Current Valuation Practices and Areas for Improvement,Risk Management and Insurance Review,2016,10.1111/rmir.12042,9,abstract
Financial development-poverty reduction nexus in brics: A panel data analysis approach,Applied Econometrics and International Development,2020,,5,abstract
Assessing the Burden of Type 2 Diabetes in China Considering the Current Status-Quo Management and Implications of Improved Management Using a Modeling Approach,Value in Health Regional Issues,2019,10.1016/j.vhri.2018.08.006,19,abstract
The effects of demographic structures on savings in Eastern European countries,Eastern Journal of European Studies,2019,,1,abstract
Anticipating aging and prospecting pension for retirement well-being,DLSU Business and Economics Review,2019,,3,abstract
The rights-based approach to care policies: Latin American experience,International Social Security Review,2017,10.1111/issr.12154,16,abstract
An analysis of emerging trends and transformations in global healthcare,International Journal of Health Governance,2019,10.1108/IJHG-02-2019-0012,58,abstract
A Trial-Based Cost-Effectiveness Analysis of Bevacizumab and Chemotherapy versus Chemotherapy Alone for Advanced Nonsquamous Non–Small-Cell Lung Cancer in China,Value in Health Regional Issues,2019,10.1016/j.vhri.2018.05.001,18,INDEX_KW_ONLY
Analysis of the scientific and socioeconomic development of Latin America; [Análisis del codesarrollo científico y socioeconómico de los países de América Latina],Iberoamerica (Russian Federation),2019,,1,abstract
Effectiveness and Cost-Effectiveness of Triple Therapy with Telaprevir and Boceprevir for Chronic Hepatitis C: A Decision Analysis from the Brazilian Public Health System Perspective,Value in Health Regional Issues,2019,10.1016/j.vhri.2019.02.005,1,abstract
Study on the maintenance interval decisions for life expectancy in railway turnout clearance detector,Journal of the Korean Society for Railway,2017,10.7782/JKSR.2017.20.4.491,5,title
Improving power scooter in systematic innovative thinking,International Journal of Systematic Innovation,2018,,0,abstract
Upper and lower bounds for annuities and life insurance from incomplete mortality data,Revista Contabilidade e Financas,2019,10.1590/1808-057x201807320,2,abstract
Determinants of health status and public policies implications - Lessons for Romania,Transylvanian Review of Administrative Sciences,2017,10.24193/tras.52E.8,10,abstract
The social age of retirement and its tenacious resistance. Regarding the social management of age; [La «edad social de jubilación» y su tenaz resistencia. A propósito de la gestión social de la edad],Ekonomiaz,2019,,4,abstract
Modeling the economic outcomes of immuno-oncology drugs: Alternative model frameworks to capture clinical outcomes,ClinicoEconomics and Outcomes Research,2018,10.2147/CEOR.S144208,14,INDEX_KW_ONLY
"Main tendencies in the development of human capital in the Russian Federation, 2011-2016",Applied Econometrics and International Development,2018,,1,abstract
Demand drivers of female labor force participation: Evidence from selected African countries,ECONOMICS - Innovative and Economics Research Journal,2019,10.2478/eoik-2019-0007,4,abstract
Achievement of Family Well-being and Healthy Lifestyle in the Context of the Millennium Development Goals (MDGs) and the Sustainable Development Goals (SDGs),Journal of Home Economics Research,2017,10.66731/jher.v24i2.266,0,abstract
Greenhouse gas emissions and health outcomes in Nigeria: Empirical insight from auto-regressive distribution lag technique,International Journal of Energy Economics and Policy,2018,,84,abstract
Demographic factors in the Republic of Kazakhstan pension protection development,Espacios,2017,,0,author_kw
How the population of the Republic of Azerbaijan is ageing: causes and potential for social and economic development,Population and Economics,2019,10.3897/popecon.3.e47233,5,abstract
"HIV/AIDS, Life Expectancy, and the Opportunity Cost Model of Civil War",Journal of Conflict Resolution,2017,10.1177/0022002716628281,10,title
Health losses at the end of life: a Bayesian mixed beta regression approach,Journal of the Royal Statistical Society. Series A: Statistics in Society,2017,10.1111/rssa.12230,6,abstract
What matters in type 2 diabetes mellitus oral treatment? A discrete choice experiment to evaluate patient preferences,European Journal of Health Economics,2016,10.1007/s10198-015-0750-5,31,INDEX_KW_ONLY
Life Expectancy of Population of the Country: The Role of Health Services Effectiveness,Research in World Economy,2019,10.5430/rwe.v10n4p86,17,title
Balancing equity and efficiency in the Dutch basic benefits package using the principle of proportional shortfall,European Journal of Health Economics,2013,10.1007/s10198-011-0346-7,79,INDEX_KW_ONLY
The Cost Effectiveness of High-Dose versus Conventional Haemodialysis: a Systematic Review,Applied Health Economics and Health Policy,2016,10.1007/s40258-015-0212-3,8,INDEX_KW_ONLY
Transformation of demographic processes in Yakutia,Regional Research of Russia,2015,10.1134/S2079970515010074,0,abstract
The contribution of subjective measures to the quantification of social progress: Evidence from Europe and Israel,International Journal of Sociology and Social Policy,2016,10.1108/IJSSP-06-2015-0060,7,abstract
"High frequency body mass measurement, feedback, and health behaviors",Economics and Human Biology,2014,10.1016/j.ehb.2013.12.003,8,INDEX_KW_ONLY
"Costs associated with rheumatoid arthritis in Italy: Past, present, and future",ClinicoEconomics and Outcomes Research,2016,10.2147/CEOR.S91006,18,abstract
Social and territorial aspects of the national economic security in Russia,Mediterranean Journal of Social Sciences,2014,10.5901/mjss.2014.v5n28p79,3,author_kw
Compensating wage differentials across russian regions,AIEL Series in Labour Economics,2015,10.1007/978-3-642-55203-8_4,17,abstract
Demographic situation in Siberia in the context of nationwide trends,Regional Research of Russia,2015,10.1134/S2079970515020100,4,abstract
Relation between health and wealth: Is it a myth or a true relationship? Evidence from Egypt,"European Journal of Economics, Finance and Administrative Sciences",2012,,0,abstract
The Option Value of Innovation,Forum for Health Economics and Policy,2012,10.1515/1558-9544.1306,21,abstract
Regional development in advanced countries: A within-country application of the human development index for Austria,Danube,2015,10.1515/danb-2015-0001,7,abstract
Development of the human capital taking into account a gender factor in Russia,Mediterranean Journal of Social Sciences,2015,10.5901/mjss.2015.v6n3s4p237,1,abstract
Medicalization versus demedicalization of occupational hardship: Political wrangling between two arguments (2003-2013); [Médicalisation versus démédicalisation de la pénibilité des parcours professionnels: Le travail politique de deux arguments (2003-2013)],Retraite et Societe,2014,,1,abstract
Unlocking potentials in developing country through education: A panacea for economic growth and poverty alleviation,Mediterranean Journal of Social Sciences,2014,10.5901/mjss.2014.v5n23p868,4,abstract
The Importance of Proximity to Death in Modelling Community Medication Expenditures for Older People: Evidence From New Zealand,Applied Health Economics and Health Policy,2014,10.1007/s40258-014-0121-x,6,INDEX_KW_ONLY
Aid effectiveness in OIC member countries,Journal of Economic Cooperation and Development,2016,,0,abstract
Innovation as a vector of regional economic development and a necessary condition for the progress of the world economy,Asian Social Science,2015,10.5539/ass.v11n20p90,9,abstract
Analysis of life expectancy rate at birth in the Republic of Tatarstan,Mediterranean Journal of Social Sciences,2014,10.5901/mjss.2014.v5n24p,4,title
"Understanding, modelling and managing longevity risk: Key issues and main challenges",Scandinavian Actuarial Journal,2012,10.1080/03461238.2010.511034,84,abstract
Democracy and human development nexus: The african experience,Journal of Economic Cooperation and Development,2016,,5,abstract
Pension reforms — the international perspective; [Rentenreformen — die internationale Perspektive],Wirtschaftsdienst,2015,10.1007/s10273-015-1798-7,2,abstract
The role of human development on deforestation in Africa: A modelling-based approach,International Journal of Green Economics,2012,10.1504/IJGE.2012.051493,2,abstract
Sustainability and adequacy of the Spanish pension system,International Business Management,2016,,0,abstract
Cost-effectiveness analysis of the drug eluting stent (SF) vs bare metal stent (SNF) in ischemic heart disease in Chile; [Análisis Costo Efectividad del Stent Farmacológico V/S Stent no Farmacológico en Cardiopatía Isquémica en Chile],Value in Health Regional Issues,2012,10.1016/j.vhri.2012.09.008,1,abstract
Cost-effectiveness analysis of CT colonography for colorectal cancer screening program to working age in Japan,Value in Health Regional Issues,2014,10.1016/j.vhri.2014.04.009,4,INDEX_KW_ONLY
The recent demographic dynamics in the Sierra Morena of Córdoba; [La dinámica demográfi ca reciente en la Sierra Morena Cordobesa],Revista de Estudios Regionales,2012,,3,abstract
The effect of health indicator on economic growth of Iran,Asian Social Science,2016,10.5539/ass.v12n2p32,0,abstract
Measurement issues of income and non-income welfare indicators: Assessment of pakistan’s pro-poor growth,International Journal of Economics and Financial Issues,2015,,6,abstract
Offering lung cancer screening to high-risk medicare beneficiaries saves lives and is cost-effective: An actuarial analysis,American Health and Drug Benefits,2014,,66,abstract
I feel good! Gender differences and reporting heterogeneity in self-assessed health,European Journal of Health Economics,2012,10.1007/s10198-011-0301-7,53,INDEX_KW_ONLY
"How sustainable is the economic development in Romania: An empirical evidence on economic, environmental and social dimensions",Journal of International Business and Economics,2016,10.18374/JIBE-16-2.8,0,abstract
Financial aid and economic development of ASEAN: Kuznets Hypothesis; [Bantuan Kewangan dan Pembangunan Ekonomi di ASEAN: Hipotesis Kuznets],Jurnal Ekonomi Malaysia,2016,10.17576/JEM-2016-5001-08,0,abstract
"Selected indicators of population ageing in the World: Trends, impacts and consequences",Geographica Pannonica,2014,10.5937/geopan1402026b,3,abstract
"Effect of GNI on infant mortality rate in low income, lower middle income, upper middle income and high income countries",Journal of Health and Human Services Administration,2016,,2,INDEX_KW_ONLY
"Health financing, environmental quality and health outcomes: Evidence from developing countries",International Journal of Economic Perspectives,2016,,4,abstract
Economic Burden of Osteoporotic Fracture of the Elderly in South Korea: A National Survey,Value in Health Regional Issues,2016,10.1016/j.vhri.2015.09.007,36,abstract
The impact of security and regional integration on poverty reduction in Afghanistan,Journal of International Studies,2015,10.14254/2071-8330.2015/8-1/16,3,abstract
The little problem of longevity: Searching for answers to uncertainty,Journal of Alternative Investments,2014,10.3905/jai.2014.17.1.008,2,abstract
The Dragon Treads the Polluted Path: Political Dilemmas before the Chinese Communist Party,Asian Affairs(UK),2015,10.1080/00927678.2015.1035146,1,abstract
The social economic development index: A new measurement of development,Jurnal Ekonomi Malaysia,2012,,1,abstract
Pension policy in times of demographic change: Currently moving backwards; [Rentenpolitik im Angesicht des demografischen Wandels: Problemverschärfung statt Rationalität],Wirtschaftsdienst,2015,10.1007/s10273-015-1795-x,0,abstract
Another look at housing finance in Africa: The anatomy of pension asset-backed housing financing,International Journal of Housing Markets and Analysis,2016,10.1108/IJHMA-11-2014-0048,10,abstract
Endogenous technological change in medicine and its impact on healthcare costs: Evidence from the pharmaceutical market in Taiwan,European Journal of Health Economics,2013,10.1007/s10198-011-0370-7,8,INDEX_KW_ONLY
Can measures of well-being and progress help societies to achieve sustainable development?,Journal of Cleaner Production,2015,10.1016/j.jclepro.2014.11.076,77,abstract
Technical efficiency in the use of health care resources: A cross-country analysis,Analele Stiintifice ale Universitatii Al I Cuza din Iasi - Sectiunea Stiinte Economice,2013,10.2478/aicue-2013-0001,11,abstract
Distributional Effects of the Forthcoming Finnish Pension Reform n- a Dynamic Microsimulation Approach,International Journal of Microsimulation,2015,,7,abstract
"Leadership in sustainable agribusiness, innovation, and solar thermal renewable energy: Opportunities for sustainable agribusiness",International Journal on Food System Dynamics,2016,10.18461/ijfsd.v7i2.727,3,abstract
Comparative analysis of human development in Kazakhstan and other Eurasian economic union countries,International Journal of Economics and Financial Issues,2016,,5,abstract
Pollution and its influence on health of population in Russia,Regional Research of Russia,2014,10.1134/S2079970514010110,10,abstract
Demographic transition and population ageing,Mediterranean Journal of Social Sciences,2015,10.5901/mjss.2015.v6n3s2p213,9,abstract
"Lower pollution, longer lives: Life expectancy gains if india reduced particulate matter pollution",Economic and Political Weekly,2015,,61,title
Regional healthcare effectiveness,Economy of Regions,2016,10.17059/2016-1-16,2,abstract
Factors influencing the labor force participation of married women in the United States,Asian Social Science,2016,10.5539/ass.v12n3p24,1,abstract
Hip replacement in Austria-modelling the economic burden due to obesity,Academy of Strategic Management Journal,2015,,2,abstract
Internal rates of return in the additional public sector pension scheme in Germany; [Interne Renditen des Punktemodells in der Zusatzversorgung des öffentlichen Dienstes],Zeitschrift fur die gesamte Versicherungswissenschaft,2014,10.1007/s12297-014-0276-4,0,abstract
Pauvreté et mortalité différentielle chez les personnes âgées,Reflets et Perspectives de la Vie Economique,2011,10.3917/rpve.504.0045,1,abstract
Fetal and infant origins of diabetes and ill health: Evidence from Puerto Rico's 1928 and 1932 hurricanes,Economics and Human Biology,2013,10.1016/j.ehb.2012.02.009,49,INDEX_KW_ONLY
Reforming French pensions: Transition to a notional defined contribution system; [Réforme des retraites en France: Évaluation de la mise en placed'un système par comptes notionnels],Economie et Prevision,2012,10.3406/ecop.2012.8107,2,abstract
Structural comparison of management apsects of community healthcare centres in Europe with special focus on Germany,Academy of Strategic Management Journal,2016,,1,abstract
Re-conceptualising active living for individuals with spinal cord injury,World Leisure Journal,2012,10.1080/04419057.2012.702453,0,abstract
Using stochastic mortality models to measure longevity risk in developed countries,International Research Journal of Finance and Economics,2012,,0,abstract
Ageing well or keeping young: An atempt at a typology of active management of ageing through women's fitness practices; [Bien vieillir ou rester jeune: Essai de typologie des formes de gestion active de la vieillesse à travers la pratique du fitness des femmes],Retraite et Societe,2016,,3,abstract
Are Small and Medium Enterprises (SMES) in Lahore failing at the rate suggested in prior studies? An analysis of the degree of financial stress on small and medium enterprises and its impact on their life expectancy,International Business Management,2016,,4,title
Bayesian reconstruction of two-sex populations by age: Estimating sex ratios at birth and sex ratios of mortality,Journal of the Royal Statistical Society. Series A: Statistics in Society,2015,10.1111/rssa.12104,7,abstract
The effect of foreign financial aid on ASEAN development indicator: Panel analysis; [Kesan Bantuan Kewangan Luar terhadap Indikator Pembangunan di ASEAN: Analisis Panel],Jurnal Ekonomi Malaysia,2015,10.17576/JEM-2015-4901-06,1,abstract
"Environmental, economic, and social implications of highway concrete rehabilitation alternatives",Journal of Construction Engineering and Management,2016,10.1061/(ASCE)CO.1943-7862.0001063,33,abstract
Spatial and time remoteness as a subject of transport and logistics research (By the example of the republic of tatarstan healthcare system),Journal of Economics and Economic Education Research,2016,,2,abstract
Factors of regional differentiation of indicators of population reproduction in Russia,Regional Research of Russia,2015,10.1134/S2079970515040085,2,abstract
Using Dynamic Transmission Modeling to Determine Vaccination Coverage Rate Based on 5-Year Economic Burden of Infectious Disease: An Example of Pneumococcal Vaccine,Value in Health Regional Issues,2015,10.1016/j.vhri.2015.03.014,4,INDEX_KW_ONLY
The impact of changes in educational attainment on life expectancy in Ireland,Journal of the Statistical and Social Inquiry Society of Ireland,2014,,2,title
Long-term care in Germany: An analysis with claim data for 2003 to 2010; [Pflegeverläufe im Spiegel von Routinedaten der GKV: Eine Analyse für die Jahre 2003 bis 2010],Zeitschrift fur die gesamte Versicherungswissenschaft,2015,10.1007/s12297-015-0298-6,4,abstract
Impact of increasing retirement age on longevity factor: An empirical study for government pensioners in Malaysia,Jurnal Ekonomi Malaysia,2012,,3,abstract
Population projection of Oman: Implications for future development,"Education, Business and Society: Contemporary Middle Eastern Issues",2012,10.1108/17537981211265543,4,abstract
Variation in the relationship between BMI and survival by socioeconomic status in Great Britain,Economics and Human Biology,2014,10.1016/j.ehb.2013.05.006,10,INDEX_KW_ONLY
Cost-effectiveness of candesartan versus losartan in the primary preventive treatment of hypertension,ClinicoEconomics and Outcomes Research,2012,10.2147/CEOR.S35824,5,INDEX_KW_ONLY
Investigating the factors influencing the life insurance market in Ethiopia,Problems and Perspectives in Management,2015,,10,abstract
A narrative review of cost-effectiveness analysis of people living with HIV treated with HAART: From interventions to outcomes,ClinicoEconomics and Outcomes Research,2015,10.2147/CEOR.S85535,5,abstract
Adjustment mechanisms and intergenerational actuarial neutrality in pension reforms,International Social Security Review,2016,10.1111/issr.12096,13,abstract
Financial literacy and retirement planning: Evidence from Israel,Israel Economic Review,2016,,20,abstract
Forecasting mortality in the event of a structural change,Journal of the Royal Statistical Society. Series A: Statistics in Society,2011,10.1111/j.1467-985X.2010.00687.x,47,abstract
Equidad y sostenibilidad como objetivos ante la reforma del sistema contributivo de pensiones de jubilació,Hacienda Publica Espanola,2012,,11,abstract
Correlation between risk factors for non-communicable diseases and common cancers in Iran: Ecological study,International Business Management,2016,,5,abstract
Sociodemographic limitations of the sustainable development of Murmansk oblast,Studies on Russian Economic Development,2014,10.1134/S1075700714020087,6,abstract
Modelling and the forecast of the demographic situation in the region,International Journal of Economic Perspectives,2016,,0,abstract
The peculiarities of demographic aging in the northern regions of Russia,Regional Research of Russia,2014,10.1134/S2079970514010134,0,abstract
Cross-market cost-effectiveness analysis of erlotinib as first-line maintenance treatment for patients with stable non-small cell lung cancer,ClinicoEconomics and Outcomes Research,2012,10.2147/CEOR.S25923,22,abstract
Towards a contraction and convergence target based on population life expectancies since 1960,"Environment, Development and Sustainability",2013,10.1007/s10668-012-9432-y,3,title
The effect of health capital and accumulation of physical capital on economic growth,International Business Management,2016,,0,abstract
Challenges of long-term care provisions for the elderly in urban China,China: An International Journal,2014,10.1353/chn.2014.0011,18,abstract
A Cost-effectiveness Analysis of Antipsychotics for Treatment of Schizophrenia in Uganda,Applied Health Economics and Health Policy,2015,10.1007/s40258-015-0176-3,12,INDEX_KW_ONLY
Evaluating the Long-Term Health Economic Implications of Improving the Proportion of Patients with Type 2 Diabetes Meeting Treatment Targets in Mexico,Value in Health Regional Issues,2015,10.1016/j.vhri.2015.01.001,3,abstract
"The pillars of a new humanism: Ceilings or transition? Where is the crisis leading?; [Les piliers d'un nouvel humanisme: Plafonds ou transition, quel à-venir à la crise?]",Futuribles: Analyse et Prospective,2013,,1,abstract
Corruption as an obstacle to development in developing countries: a review of literature,Journal of Money Laundering Control,2011,10.1108/13685201111173857,86,abstract
Forecasting German life expectancy: A comparison of several methods; [Zur Prognose der Lebenserwartung in Deutschland: Ein Vergleich verschiedener Verfahren],AStA Wirtschafts- und Sozialstatistisches Archiv,2011,10.1007/s11943-011-0108-0,4,title
Demographic policy in Russia's northern regions: Features and priorities,Regional Research of Russia,2012,10.1134/S2079970512020086,0,author_kw
Trends in the 2012 Eisai oncology digest: Counseling and communication of cancer treatment,American Journal of Pharmacy Benefits,2012,,1,INDEX_KW_ONLY
Environmentally efficient well-being: Is there a Kuznets curve?,Applied Geography,2012,10.1016/j.apgeog.2010.10.011,223,abstract
How to take into account citizens’ preferences when making decisions on reimbursing for a new treatment; [Comment prendre en compte les préférences des citoyens dans la décision de rembourser un nouveau traitement1],Reflets et Perspectives de la Vie Economique,2014,10.3917/rpve.534.0035,0,abstract
HIV/AIDS & macroeconomic performance: Empirical evidence from Kenya,"Scientific Papers of the University of Pardubice, Series D: Faculty of Economics and Administration",2016,,0,abstract
Consumers' awareness towards organic food products in Coimbatore District,Indian Journal of Marketing,2015,10.17010/ijom/2015/v45/i12/83996,11,abstract
Economic analysis of heart and stroke foundation of Ontario's hypertension management initiative,ClinicoEconomics and Outcomes Research,2012,10.2147/ceor.s33390,3,abstract
Malaysian women and their role as the sandwiched generation,Pertanika Journal of Social Sciences and Humanities,2013,,3,abstract
Assessing and mapping human well-being for sustainable development amid flood hazards: Poyang Lake Region of China,Applied Geography,2015,10.1016/j.apgeog.2015.06.007,22,abstract
Model performance evaluation (validation and calibration) in model-based studies of therapeutic interventions for cardiovascular diseases: A review and suggested reporting framework,Applied Health Economics and Health Policy,2013,10.1007/s40258-013-0012-6,21,INDEX_KW_ONLY
How long should an individual at full retirement age delay receiving social security benefits?,Journal of Applied Business Research,2012,10.19030/jabr.v28i3.6950,0,abstract
External Costs of Smoking in Germany; [Die externen Kosten des Rauchens in Deutschland],Wirtschaftsdienst,2015,10.1007/s10273-015-1867-y,2,abstract
Personal longevity risk: Defined contribution pensions and the introduction of an equilibrium retirement age,Pensions,2012,10.1057/pm.2012.19,1,abstract
Quantifying the value of time,Contract Pharma,2014,,0,INDEX_KW_ONLY
Heterogeneous rates of time preference and the decision to smoke,Economic Inquiry,2011,10.1111/j.1465-7295.2009.00191.x,49,INDEX_KW_ONLY
Reducing poverty in Timor-Leste through stimulating growth and structural change,Institutions and Economies,2015,,7,abstract
How much can we trust life tables? Sensitivity of mortality measures to right-censoring treatment,Palgrave Communications,2016,10.1057/palcomms.2015.49,17,abstract
Socioeconomic inequalities in death from past to present: An introduction,Explorations in Economic History,2011,10.1016/j.eeh.2011.05.004,100,abstract
Evaluating the impact of recent advances in biomedical sciences and the possible mortality decreases on the future of health care and Social Security in the United States,Pensions,2012,10.1057/pm.2012.28,8,author_kw
"The development of a care-focused, adherence-tracking dispensing database for HIV care in a resource-constrained setting",Journal of Pharmaceutical Health Services Research,2013,10.1111/jphs.12002,1,INDEX_KW_ONLY
The effects of national culture and human development on environmental health,"Environment, Development and Sustainability",2014,10.1007/s10668-013-9464-y,47,abstract
Cost-effectiveness of docetaxel-cyclophosphamide versus doxorubicin-cyclophosphamide for breast cancer,American Journal of Pharmacy Benefits,2011,,2,abstract
The Cost of Long-Term Care in the Spanish Population: Comparative Analysis between 1999 and 2008; [El coste de los cuidados de larga duración en la población española: Análisis comparativo entre los años 1999 y 2008],Revista de Metodos Cuantitativos para la Economia y la Empresa,2011,,4,author_kw
Cost-effectiveness of extended-release niacin/laropiprant added to a stable simvastatin dose in secondary prevention patients not at cholesterol goal in Germany,European Journal of Health Economics,2012,10.1007/s10198-011-0309-z,7,INDEX_KW_ONLY
Sociodemographic aspect of society evolution,Economy of Regions,2013,10.17059/2013-4-9,1,abstract
Italy's ageing workforce: Improving HRM practices can prevent skills shortages,Development and Learning in Organisations,2012,10.1108/14777281211225785,0,abstract
"Testing the red herring hypothesis on an aggregated level: Ageing, time-to-death and care costs for older people in Sweden",European Journal of Health Economics,2014,10.1007/s10198-013-0493-0,23,INDEX_KW_ONLY
"Assessment of adverse events and quality of life of cancer patients in a secondary level care, rural hospital in South India",Value in Health Regional Issues,2013,10.1016/j.vhri.2013.01.011,3,abstract
Well-being funding: Essence and estimation method,Rivista di Studi sulla Sostenibilita,2016,,0,abstract
Reviewing the unmet needs of patients with multiple sclerosis,American Health and Drug Benefits,2015,,18,INDEX_KW_ONLY
Production and consumption-based approaches for the environmental Kuznets curve using ecological footprint,Journal of Environmental Economics and Policy,2016,10.1080/21606544.2015.1090346,22,abstract
Avaliação comparativa de sistemas de saúde com a utilização de fronteiras estocásticas: Brasil e OCDE,Revista Brasileira de Economia,2012,10.1590/S0034-71402012000100001,5,abstract
Is the minimum amount of coverage from motor third party liability insurance enough to cover personal injuries?,International Journal of Risk Assessment and Management,2016,10.1504/IJRAM.2016.074439,2,abstract
Comparing and prioritizing the factors affecting purchase decisions in innovation adoption in a post-secondary educational setting,"Journal of Information, Information Technology, and Organizations",2011,,1,abstract
Globalization and Africa: implications for human development,International Journal of Development Issues,2013,10.1108/IJDI-10-2012-0064,39,abstract
Debating Belarus: An economy in comparative perspective,Eurasian Geography and Economics,2011,10.2747/1539-7216.52.6.750,30,abstract
Influence of Crimping Process Parameters on Vascular Prostheses Mechanical Performances,Research Journal of Textile and Apparel,2011,10.1108/RJTA-15-03-2011-B004,0,abstract
On Measuring Technical Efficiency of the Health System in India: An Application of Data Envelopment Analysis,Journal of Health Management,2015,10.1177/0972063415589229,32,abstract
Is the United States in the middle of a healthcare bubble?,European Journal of Health Economics,2016,10.1007/s10198-015-0668-y,7,INDEX_KW_ONLY
The nightmare of provision; [Der Vorsorge-Albtraum],Wirtschaftsdienst,2013,10.1007/s10273-013-1482-8,4,abstract
Statistical evaluation of football performance depending on the socio-economic development of countries,Statistical Journal of the IAOS,2016,10.3233/SJI-150952,8,abstract
Bare ownership of residential properties: Insights on two segments of the Italian market,International Journal of Housing Markets and Analysis,2016,10.1108/IJHMA-07-2015-0037,11,abstract
The long-run impacts of adult deaths on older household members in Tanzania,Economic Development and Cultural Change,2012,10.1086/662577,6,abstract
Deficit in human potential as a threat to modernization,Regional Research of Russia,2012,10.1134/S2079970512030033,3,abstract
The competitiveness of the Republic of Tatarstan as a center of urban tourism of the Russian Federation,International Business Management,2016,10.3923/ibm.2016.5596.5598,2,abstract
Cure de jouvence pour les retraites: Les grandes orientations,Reflets et Perspectives de la Vie Economique,2011,10.3917/rpve.503.0165,1,abstract
Informed by gender? Public policy in Kerala,Economic and Political Weekly,2011,,6,abstract
Population dynamics in central and eastern europe in the first decade of the 21st century,Actual Problems of Economics,2015,,0,abstract
Environmental Kuznets Curve - a tie between environmental quality and economic prosperity; [Environmentální Kuznetsova Křivka - vztah mezi kvalitou životního prostředí a ekonomickou prosperitou],E a M: Ekonomie a Management,2011,,5,abstract
The biological standard of living and mortality in Central Italy at the beginning of the 19th century,Economics and Human Biology,2013,10.1016/j.ehb.2012.04.001,9,INDEX_KW_ONLY
Longevity insurance annuities: China adopts a benefit innovation from the past,International Social Security Review,2015,10.1111/issr.12063,3,abstract
A spatial approach in locating and explaining conflict hot spots in Nepal,Eurasian Geography and Economics,2014,10.1080/15387216.2014.956135,2,abstract
Population aging and risks of budget crisis,Voprosy Ekonomiki,2012,10.32609/0042-8736-2012-3-52-79,25,abstract
The Impact of human development on cigarettes consumption in Malaysia,International Journal of Economics and Management,2015,,3,abstract
Assessing the factors creating unhealthy life style and high risk behaviour,Mediterranean Journal of Social Sciences,2015,10.5901/mjss.2015.v6n2s1p154,0,abstract
Cost-effectiveness analysis of aripiprazole augmentation treatment of patients with major depressive disorder compared to olanzapine and quetiapine augmentation in Turkey: A microsimulation approach,Value in Health Regional Issues,2013,10.1016/j.vhri.2013.06.004,10,INDEX_KW_ONLY
Who pays for obesity?,Journal of Economic Perspectives,2011,10.1257/jep.25.1.139,95,INDEX_KW_ONLY
Human Development Index - Revisited: Integration of Human Values,Journal of Human Values,2015,10.1177/0971685815569659,14,abstract
Developing Dementia-Friendly Tourism Destinations: An Exploratory Analysis,Journal of Travel Research,2015,10.1177/0047287514522881,63,abstract
Assessment of the balance of the socio-economic development in the regions (On the example of the volga federal district of the Russian Federation): Methodology and practice analysis,Journal of Advanced Research in Law and Economics,2015,10.14505/jarle.v6.3(13).18,1,abstract
Values for health states with different life durations,European Journal of Health Economics,2015,10.1007/s10198-014-0634-0,17,INDEX_KW_ONLY
Factors influencing medical travel into the United States,International Journal of Pharmaceutical and Healthcare Marketing,2015,10.1108/IJPHM-02-2013-0004,20,abstract
Positioning of the republic of tatarstan in the Volga Federal District,Mediterranean Journal of Social Sciences,2014,10.5901/mjss.2014.v5n24p,3,abstract
Future costs in cost-effectiveness analysis: An empirical assessment,European Journal of Health Economics,2012,10.1007/s10198-010-0280-0,23,INDEX_KW_ONLY
"A portable and low cost system to blood glucose, cholesterol and urea identification",International Journal of Computing and Digital Systems,2012,10.12785/IJCDS/010101,0,abstract
Inpatient utilization and costs for Medicare fee-for-service beneficiaries with heart failure,American Health and Drug Benefits,2016,,16,abstract
"Population, labour and living standards in early modern Ceylon: An empirical contribution to the divergence debate",Indian Economic and Social History Review,2012,10.1177/0019464612455272,10,abstract
Health of the Siberian population: Risks and their indicators,Regional Research of Russia,2011,10.1134/S2079970511030130,0,author_kw
A Quality of Growth Index: Evidence from Indian States,South Asia Economic Journal,2016,10.1177/1391561415621827,4,abstract
The effectiveness of government expenditure on education and health care in the Caribbean,International Journal of Development Issues,2012,10.1108/14468951211213831,34,abstract
Lifetime costs of the top five cancers in Taiwan,European Journal of Health Economics,2012,10.1007/s10198-011-0307-1,30,INDEX_KW_ONLY
Energy efficiency analysis of G7 and BRICS considering total-factor structure,Journal of Cleaner Production,2016,10.1016/j.jclepro.2016.02.061,122,abstract
The impact of aids on income and human capital,Economic Inquiry,2011,10.1111/j.1465-7295.2010.00273.x,13,INDEX_KW_ONLY
Patient preference for treatment administration in cystic fibrosis,American Journal of Pharmacy Benefits,2015,,4,abstract
The value of incentives to defer the UK state pension,Pensions,2012,10.1057/pm.2012.2,5,abstract
An investigation of the financial criminal practices of the elite in developing countries: Evidence from Nigeria,Journal of Financial Crime,2012,10.1108/13590791211220449,10,abstract
Experimental study on arsenic removal purification device of family drinking groundwater,Zhongbei Daxue Xuebao (Ziran Kexue Ban)/Journal of North University of China (Natural Science Edition),2014,10.3969/j.issn.1673-3193.2014.04.018,0,abstract
"A GIS-based exploration of the relationships between human health, social deprivation and ecosystem services: The case of Wales, UK",Applied Geography,2013,10.1016/j.apgeog.2013.07.022,30,abstract
Pharmaceutical Expenditure as a Determinant of Health Outcomes in EU Countries; [El gasto farmacéutico como determinante de los resultados en salud en países de la UE],Estudios de Economia Aplicada,2013,10.25115/EEA.V31I2.3332,5,abstract
The final effects of Russia's demographic policies of the 1980s,Mir Rossii,2016,,8,abstract
"General practitioners: New promoters of physical activity and sport for elderly people?; [Le médecin généraliste, promoteur d'activités physiques et sportives pour les personnes âgées?]",Retraite et Societe,2014,,4,abstract
Is premium adjustment a cure-all for private health sector? The case of Germany,International Journal of Economics and Financial Issues,2014,,0,abstract
Today's low interest rate environment and social security claiming decisions,Journal of Wealth Management,2012,10.3905/jwm.2012.15.1.012,1,abstract
Cost-Effectiveness Analysis of Smoking Cessation Interventions in Japan Using a Discrete-Event Simulation,Applied Health Economics and Health Policy,2016,10.1007/s40258-015-0204-3,24,INDEX_KW_ONLY
Economic resilience during the financial crisis of 2008. How important are the institutions?,Espacios,2016,,2,abstract
Aging in India: Myth or reality,International Journal of Business Excellence,2014,10.1504/IJBEX.2014.063563,1,author_kw
Stronger sex but earlier death: A Multi-Level socioeconomic analysis of gender differences in mortality in austria,Danube,2012,,4,abstract
Consumer preferences regarding food-related risk-benefit messages,British Food Journal,2012,10.1108/00070701211213483,26,abstract
Measuring Efficiency of Health Systems of the Middle East and North Africa (MENA) Region Using Stochastic Frontier Analysis,Applied Health Economics and Health Policy,2016,10.1007/s40258-016-0230-9,20,INDEX_KW_ONLY
"Forests, sustainability and poverty in India",Environment and Development Economics,2012,10.1017/S1355770X12000162,8,abstract
"Ethnicity, race and Maori life expectancy in Aotearoa New Zealand",Statistical Journal of the IAOS,2014,10.3233/SJI-140843,1,title
Variability of HMA characteristics and its influence on pay adjustment,Journal of Civil Engineering and Management,2015,10.3846/13923730.2013.802713,12,abstract
Another preconception about retirement insurance; [Gesetzliche Rente: Bedeutet Teilhabeäquivalenz Verteilungsneutralität? - Ein weiterer Irrtum],Wirtschaftsdienst,2013,10.1007/s10273-013-1494-4,6,abstract
The human development index analysis during the crisis in Romania,Quality - Access to Success,2012,,0,abstract
"Disability-adjusted life years lost due to diabetes in france, Italy, Germany, Spain, and the united kingdom: A burden of illness study",ClinicoEconomics and Outcomes Research,2015,10.2147/CEOR.S78132,12,author_kw
Assessment of damage from reduction of expected lifespan due to cancer,Economy of Regions,2013,10.17059/2013-3-24,5,abstract
Europe's looming pension divide; [Europas künftige Rentenkluft],Wirtschaftsdienst,2014,10.1007/s10273-014-1680-z,0,abstract
Catching-up from way behind: How timor-leste can avoid the Dutch disease?,Institutions and Economies,2014,,2,abstract
Health inequalities regarding territorial differences in Hungary by discussing life expectancy,Regional Statistics,2016,10.15196/RS06108,18,title
Cost-effectiveness analysis of screening strategies for colorectal cancer in Colombia; [Análisis de Costo-Efectividad de las Estrategias de Tamización de Cáncer Colorrectal en Colombia],Value in Health Regional Issues,2012,10.1016/j.vhri.2012.09.006,4,abstract
An approach to sustainable development: The case of Cuba,"Environment, Development and Sustainability",2012,10.1007/s10668-012-9338-8,32,abstract
Regional priorities of green economy,Economy of Regions,2015,10.17059/2015-2-12,33,abstract
Albania vs. Balkan's countries as comparative analysis of the human development index,Mediterranean Journal of Social Sciences,2015,10.5901/mjss.2015.v6n4s3p311,0,abstract
"Education, life expectancy and family bargaining: The Ben-Porath effect revisited",Education Economics,2015,10.1080/09645292.2013.869557,7,title
Evolution of disparities in Latin America's economic and Human Development: Analysis of HDI and its Components; [Evolución de las disparidades en el desarrollo económico y humano de América Latina: Análisis del IDH y sus componentes],"Economia Mexicana, Nueva Epoca",2013,,3,abstract
"Don't worry, be happy : A survey of the economics of happiness",Economic and Political Weekly,2015,,10,abstract
Financial sustainability of pension systems in the European Union,European Research Studies Journal,2013,10.35808/ersj/394,5,abstract
Can community-based tourism contribute to development and poverty alleviation? Lessons from nicaragua,Current Issues in Tourism,2011,10.1080/13683500.2011.559200,311,abstract
Coevolution of patients and hospitals: How changing epidemiology and technological advances create challenges and drive organizational innovation,Journal of Healthcare Management,2012,10.1097/00115514-201201000-00005,22,INDEX_KW_ONLY
Big pharma: Trick or treat for global health,Mediterranean Journal of Social Sciences,2015,10.5901/mjss.2015.v6n1p216,1,author_kw
Does high public health expenditure slow down economic growth?,Journal of Applied Economic Sciences,2016,,5,abstract
Divergence in the socioeconomic development paths of Hungary and Slovakia,Regional Statistics,2015,10.15196/RS05207,4,abstract
Population aging in postwar Japan: Processes and prospects,Asia-Pacific Review,2015,10.1080/13439006.2015.1107261,3,abstract
Impact of disaster related mortality on gross domestic product: A case study of Pakistan,International Journal of Economics and Management,2012,,1,abstract
Comparison of efficiency of healthcare systems of countries with global competitiveness using data envelopment analysis,Global Business and Finance Review,2016,10.17549/gbfr.2016.21.1.46,11,abstract
The influence of subjective life expectancy on retirement transition and planning: A longitudinal study,Journal of Vocational Behavior,2012,10.1016/j.jvb.2012.05.005,90,title
Effect of negative awareness of coffee on its preference and recommendation intention,Academy of Entrepreneurship Journal,2014,,0,abstract
A quantitative comparison of mortality models: Empirical evidence,International Journal of Ecological Economics and Statistics,2014,,0,abstract
"Nutrition and health in North Korea: What's new, what's changed and why it matters",North Korean Review,2016,,9,author_kw
Health burden and costs of obesity and overweight in Germany,European Journal of Health Economics,2011,10.1007/s10198-010-0242-6,76,INDEX_KW_ONLY
What Is a Firm's Life Expectancy? Empirical Evidence in the Context of Portuguese Companies,Journal of Business Valuation and Economic Loss Analysis,2015,10.1515/jbvela-2014-0003,3,title
Green economy: Regional priorities,Economy of Regions,2015,10.15826/recon.2015.2.010,4,abstract
Retirement age and life expectancy in the russian federation,Voprosy Ekonomiki,2012,10.32609/0042-8736-2012-9-88-109,13,title
The USSR in 1990 and its successor States in 2005: A statistical comparison,"Journal of Social, Political, and Economic Studies",2007,,5,author_kw
"Corruption, development and demography",Economics of Governance,2008,10.1007/s10101-007-0045-0,30,abstract
"Psychology, meaning and the challenges of longevity",Futures,2003,10.1016/S0016-3287(02)00107-6,3,INDEX_KW_ONLY
"The reform of some European public pension systems: Spain, Italy and Sweden: A breakthrough",Pensions,2010,10.1057/pm.2010.16,8,abstract
Roadmap for the new pension reform,Voprosy Ekonomiki,2011,10.32609/0042-8736-2011-4-4-31,3,abstract
Not just a pretty space,Sustainable Business,2008,,0,abstract
Political transformation in central/eastern europe and former soviet republics and its effect on healthcare system and its outcomes,Economics and Sociology,2011,10.14254/2071-789X.2011/4-1a/5,1,abstract
The evolution of death rates and life expectancy in Denmark,Scandinavian Actuarial Journal,2008,10.1080/03461230802079193,18,title
The elderly population in France; [La population française âgée],Retraite et Societe,2005,,3,abstract
Time to disable DALYs? On the use of disability-adjusted life years in health policy,European Journal of Health Economics,2003,10.1007/s10198-003-0169-2,30,INDEX_KW_ONLY
A new perspective on regional inequalities in Russia,Eurasian Geography and Economics,2003,10.2747/1538-7216.44.6.403,44,abstract
When does improving health raise GDP?,NBER Macroeconomics Annual,2008,10.1086/593084,97,abstract
Mortality inequality,Journal of Economic Perspectives,2009,10.1257/jep.23.4.175,47,INDEX_KW_ONLY
Central civil servant pension payments in India: Issues and concerns,Pensions,2009,10.1057/pm.2009.20,1,abstract
Factors affecting life cycle of motor control centers,"Plant Engineering (Barrington, Illinois)",2005,,0,abstract
Securitization of senior life settlements: Managing extension risk,Journal of Derivatives,2006,10.3905/jod.2006.616868,25,abstract
How mothering behaviors change during structural transformation,Journal of Socio-Economics,2002,10.1016/S1053-5357(01)00137-8,2,abstract
"When it Comes to Sleeves, Thin is Not in","Paper, Film and Foil Converter",2003,,0,abstract
An analysis of the relationship between income and life expectancy for Latin america and the caribbean; [Relation entre espérance de vie et revenu pour l'Amérique latine et les Caraïbes]; [Relación entre esperanza de vida e ingreso. Un análisis para américa latina y el caribe],Lecturas de Economia,2011,,2,title
The existential necessity midlife change,Harvard Business Review,2008,,17,abstract
Living with longevity,Pensions,2009,10.1057/pm.2009.3,2,abstract
Reforming the Russian pension system: Pro et contra,Voprosy Ekonomiki,2003,10.32609/0042-8736-2003-12-56-67,0,abstract
Use of microbes for cost reduction of metal removal from metals and mining industry waste streams,Journal of Cleaner Production,2006,10.1016/j.jclepro.2004.10.009,150,abstract
An empirical method for human mortality forecasting. An application to italian data,Problems and Perspectives in Management,2005,,2,author_kw
The determinants of infant and child mortality in developing countries: The case of Sub-Sahara Africa,Review of Black Political Economy,2001,10.1007/s12114-001-1004-6,14,abstract
Calculating compensation for loss of future earnings: Estimating and using work life expectancy,Journal of the Royal Statistical Society. Series A: Statistics in Society,2008,10.1111/j.1467-985X.2007.00539.x,17,title
The Determinants of Health Status in Sub-Saharan Africa (Ssa),American Economist,2005,10.1177/056943450504900207,22,abstract
Modelling techniques for life premium ratings,European Research Studies Journal,2008,,1,abstract
"How efficient are older workers? The ""capacities"" of older workers; [Les capacités des travailleurs vieillissants: Une approche conditionnelle]",Futuribles: Analyse et Prospective,2005,10.1051/futur:20053145,2,abstract
Are living standards converging?,Structural Change and Economic Dynamics,2001,10.1016/S0954-349X(00)00034-5,63,abstract
Dynamic retirement withdrawal planning,Financial Services Review,2006,10.61190/fsr.v15i2.4851,41,abstract
The impact of public sector financial management on the economies of sub-Saharan Africa,International Research Journal of Finance and Economics,2010,,1,abstract
Is aging harmful to the environment?,Environmental and Resource Economics,2001,10.1023/A:1012676227797,16,INDEX_KW_ONLY
Turning life into life expectancy: The efficiency of life-saving interventions,International Journal of Risk Assessment and Management,2007,10.1504/IJRAM.2007.014665,0,title
"Women and globalization: A study of 180 countries, 1975-2000",International Organization,2006,10.1017/S0020818306060176,167,abstract
Phenomenon of globalization on the insurance market of the Slovak Republic; [Javové podoby globalizácie na poistnom trhu v Slovenskej republike],Ekonomicky casopis,2006,,1,abstract
Using life extension-duration and life extension-convexity to value senior life settlement contracts,Journal of Alternative Investments,2008,10.3905/jai.2008.712600,5,abstract
Control revisited,Plant Engineer (London),2011,,0,abstract
From wealth to health: Modelling the distribution of income per capita at the sub-national level using night-time light imagery,International Journal of Health Geographics,2005,10.1186/1476-072X-4-5,181,abstract
Rentenversicherung zwischen Nachhaltigkeit und Gerechtigkeit,Zeitschrift fur die gesamte Versicherungswissenschaft,2010,10.1007/s12297-010-0099-x,3,abstract
The life expectancy of plates: Tips for improving longevity through handling and care,Flexo,2010,,0,title
"The ""cloud city"". Twenty-first century urban style; [La ville nuage L'urbanité du XXI siècle]",Futuribles: Analyse et Prospective,2009,10.1051/futur/200935473,1,abstract
Mining and development in the region of Antofagasta,Resources Policy,2010,10.1016/j.resourpol.2010.07.006,55,abstract
Politiques de santé dans un modèle macroéconomique : Un exercice de simulation,Revue de l'OFCE,2001,10.3917/reof.078.0209,1,abstract
"Studies on the adult life span of multivoltine and bivoltine races of the silkworm, Bombyx mori L",Indian Journal of Sericulture,2007,,2,INDEX_KW_ONLY
Medical Savings and Medical Cost: Healthcare and Age in a Changing Singapore,International Journal of Sociology and Social Policy,2005,10.1108/01443330510791153,6,abstract
"Notas y comentarios envejecimiento, salud y economía la encuesta nacional sobre salud y envejecimiento en México",Trimestre Economico,2006,,5,abstract
All this talk about aging had me wondering: how old am I really?,Fortune,2004,,0,INDEX_KW_ONLY
Double-sided competition for the German health care market; [Vertragswettbewerb im Gesundheitswesen],Jahrbucher fur Nationalokonomie und Statistik,2007,10.1515/jbnst-2007-5-604,2,abstract
Socio-economic impacts of the current demographic process in Galicia; [Efectos socioeconómicos do actual proceso demográfico en Galicia],Revista Galega de Economia,2011,,3,abstract
The EU Directive on Free Movement - A challenge for the European welfare state?,CESifo DICE Report,2006,,1,abstract
Is the United States an outlier in health care and health outcomes? A preliminary analysis,International Journal of Health Care Finance and Economics,2006,10.1007/s10754-006-6863-8,18,INDEX_KW_ONLY
Cost-effectiveness of immunosuppressive regimens in renal transplant recipients in Germany: A model approach,European Journal of Health Economics,2010,10.1007/s10198-009-0148-3,25,INDEX_KW_ONLY
Financial structure and policy of Australia's retirement system,Banks and Bank Systems,2011,,2,abstract
Cost effectiveness in the prevention of suicide - A population approach,Research in Human Capital and Development,2001,10.1016/s0194-3960(01)14016-3,0,abstract
How to improve box plant uptime,Official Board Markets,2007,,0,abstract
Delaying Social Security payments: a bootstrap,Financial Services Review,2006,10.61190/fsr.v15i3.4860,12,abstract
Chasing the youth pill.,Fortune,2004,,0,INDEX_KW_ONLY
Is there an association between economic performance and public satisfaction in health care?,European Journal of Health Economics,2007,10.1007/s10198-007-0045-6,28,INDEX_KW_ONLY
Intuitions about declining marginal utility,Journal of Behavioral Decision Making,2001,10.1002/bdm.375,45,abstract
Are remittances a source of development capital? The case of Sub Saharan Africa,International Research Journal of Finance and Economics,2010,,3,abstract
Oil - A benefit or more trouble than its worth?,Petroleum Review,2003,,0,abstract
Actuarial nonequivalence in early and delayed social security benefit claims,Public Finance Review,2002,10.1177/109114210203000302,6,abstract
Human capital convergence in latin america: 1950-2000,Revista de Historia Economica - Journal of Iberian and Latin American Economic History,2007,10.1017/S0212610900000069,1,abstract
"El efecto recíproco a largo plazo entre salud e ingreso: México, 1950-1995",Trimestre Economico,2002,,1,abstract
Achieving the millennium development goals in sub-saharan Africa: A macroeconomic monitoring framework,World Economy,2006,10.1111/j.1467-9701.2006.00853.x,9,abstract
The relationship between mining and socio-economic well being in Australia's regions,Resources Policy,2011,10.1016/j.resourpol.2010.08.007,181,abstract
Approaches and Experiences in Projecting Mortality Patterns for the Oldest-Old,North American Actuarial Journal,2002,10.1080/10920277.2002.10596053,18,abstract
Cracked wing attachment leads US Customs to ground P-3 fleet,Jane's Defence Weekly,2006,,0,abstract
Integrating open-source technologies to build low-cost information systems for improved access to public health data,International Journal of Health Geographics,2008,10.1186/1476-072X-7-29,49,INDEX_KW_ONLY
"Personal goods, efficiency and the law",European Journal of Political Economy,2001,10.1016/S0176-2680(01)00051-9,3,abstract
The impact of AIDS on the Botswana civil service: A case study of the police and prison services,International Journal of Public Administration,2010,10.1080/01900690903427729,3,abstract
The public pension system in Romania: Myths and facts,Transylvanian Review of Administrative Sciences,2011,,8,abstract
Fast-track urban freeway rehabilitation with 55-H weekend closures: I-710 long beach case study,Journal of Construction Engineering and Management,2006,10.1061/(ASCE)0733-9364(2006)132:5(465),15,abstract
Pension reforms in India: Unresolved issues and policy choices,Vikalpa,2003,10.1177/0256090920030102,1,abstract
Achievement age—death age correlations alone cannot provide unequivocal support for the precocity—longevity hypothesis,Journal of Psychology: Interdisciplinary and Applied,2004,10.3200/JRLP.138.4.293-302,4,abstract
The evolution of the conditional joint distribution of life expectancy and per capita income growth,Advances in Econometrics,2009,10.1108/S0731-9053(2009)0000025008,2,title
Economic implications and sustainability of micropensions in the era of pension reforms in India,International Research Journal of Finance and Economics,2009,,3,abstract
Track roller and idler design improvement using DFSS,International Journal of Six Sigma and Competitive Advantage,2009,10.1504/IJSSCA.2009.024213,5,abstract
Racial disparities in health and wealth: The effects of slavery and past discrimination,Review of Black Political Economy,2005,10.1007/s12114-005-1007-9,32,abstract
Cost-effectiveness analysis of entecavir versus lamivudine in the first-line treatment of australian patients with chronic hepatitis B,Applied Health Economics and Health Policy,2008,10.1007/bf03256136,14,INDEX_KW_ONLY
The relationship between health care expenditure and health outcomes: Evidence and caveats for a causal link,European Journal of Health Economics,2006,10.1007/s10198-005-0336-8,310,abstract
The validity of QALYS under non-expected utility,Economic Journal,2005,10.1111/j.1468-0297.2005.00999.x,44,INDEX_KW_ONLY
The a.r. bergstrom prize in econometrics: 2007,Econometric Theory,2008,10.1017/S0266466608080705,0,abstract
Incorporating insurance rate estimates and differential mortality into the net marginal Social Security tax rate calculation,Public Finance Review,2004,10.1177/1091142104266970,1,abstract
Understanding mid-life and older age mortality declines: Evidence from Union Army veterans,Journal of Econometrics,2003,10.1016/S0304-4076(02)00159-8,34,INDEX_KW_ONLY
Aging and the financing of social security in Switzerland,Swiss Journal of Economics and Statistics,2011,10.1007/BF03399345,3,abstract
The role of knowledge accumulation in health and longevity: The puzzling case of suicide,Prometheus: Critical Studies in Innovation,2007,10.1080/08109020701531403,6,abstract
Assessing China's economic performance since 1978: Material attainments and beyond,Journal of Socio-Economics,2005,10.1016/j.socec.2004.09.060,11,abstract
Factors affecting life cycle of motor control centers,"Plant Engineering (Barrington, Illinois)",2005,,0,abstract
Living to 100 and Beyond: Implications of Longer Life Spans,North American Actuarial Journal,2002,10.1080/10920277.2002.10596056,1,abstract
Viability analysis of financial markets on life settlements and other instruments linked to life expectancy: A reference to the spanis case; [Análise de viabilidade de mercados financeiros de acordos de vida e doutros instrumentos vinculados á esperanza de vida: Unha referencia ao caso español],Revista Galega de Economia,2011,,1,title
James Fisher to buy UK RN's submarine rescue equipment,Jane's Defence Weekly,2006,,0,abstract
"China’s ageing, risk of the elderly and accounting for aged care",Managerial Finance,2003,10.1108/03074350310768788,4,abstract
Public health conditions and policies in the Asia Pacific region,Asian-Pacific Economic Literature,2001,10.1111/1467-8411.00102,8,abstract
Impact of early intervention and disease modification in patients with predementia Alzheimer's disease: A Markov model simulation,ClinicoEconomics and Outcomes Research,2011,10.2147/ceor.s22265,51,INDEX_KW_ONLY
Pensions reforms in acceding countries,Revue de l'OFCE,2004,10.3917/reof.075.0055,3,abstract
The value of a statistical life: theoretical and empirical evidence.,Applied health economics and health policy,2002,,14,INDEX_KW_ONLY
Are emerging markets catching up with the developed markets in terms of consumption?,Journal of Global Marketing,2011,10.1080/08911762.2011.558812,13,abstract
Assessing gender inequality in the Turkish pension system,International Social Security Review,2008,10.1111/j.1468-246X.2008.00309.x,20,abstract
Estimating stroke-free and total life expectancy in the presence of non-ignorable missing values,Journal of the Royal Statistical Society. Series A: Statistics in Society,2010,10.1111/j.1467-985X.2009.00610.x,16,title
The use of recycled fibres and its limits; [Die Verwendung von Altpapier und Dessen Grenzen],International Paperworld IPW,2007,,1,abstract
Working life expectancies: The case of Finland 1980-2006,Journal of the Royal Statistical Society. Series A: Statistics in Society,2005,10.1111/j.1467-985X.2005.00364.x,18,title
"The color of child mortality in Brazil, 1950-2000: Social progress and persistent racial inequality",Latin American Research Review,2010,,18,abstract
Welfare effects of alternative pension reforms. Assessing the transition costs for French socio-occupational groups,Journal of Pension Economics and Finance,2005,10.1017/S1474747205001927,7,abstract
Population and demographic phenomena. Specific features of the rural environment,Quality - Access to Success,2011,,0,abstract
Russian education in the mirror of demography,Voprosy Ekonomiki,2003,10.32609/0042-8736-2003-7-4-25,0,abstract
Hammer time,Recycling Today,2004,,0,abstract
Pension reform and demographic uncertainty the case of Germany,Journal of Pension Economics and Finance,2006,10.1017/S1474747205002209,27,abstract
"On measuring aggregate ""social efficiency""",Economic Development and Cultural Change,2005,10.1086/425380,20,abstract
"Beyond income: Convergence in living standards, big time",Structural Change and Economic Dynamics,2003,10.1016/S0954-349X(02)00047-4,89,abstract
Demographic and medical characteristics of working-age population in Russia,Studies on Russian Economic Development,2009,10.1134/S1075700709040091,0,abstract
Broadcasting and development: Options for the world bank,World Bank Working Paper,2003,,1,abstract
Changing lifestyles challenge all market,Nonwovens Industry,2008,,0,abstract
Entrepreneurial Women and Life Expectancy,New England Journal of Entrepreneurship,2002,10.1108/NEJE-05-02-2002-B004,3,title
Ethnodemographic factor of development of economy of Ural's regions,Economy of Regions,2011,10.17059/2011-1-5,0,abstract
Secular changes in the height of the inhabitants of Anatolia (Turkey) from the 10th millennium B.C. to the 20th century A.D.,Economics and Human Biology,2011,10.1016/j.ehb.2010.12.003,19,INDEX_KW_ONLY
"Population sizes, birth and death rates",International Symposia in Economic Theory and Econometrics,2008,10.1016/S1571-0386(07)00014-2,0,abstract
Managing longevity risk under adverse selection: The influence of policyholder age and contract duration,Zeitschrift fur die gesamte Versicherungswissenschaft,2011,10.1007/s12297-011-0160-4,0,abstract
Incidence-based estimates of life expectancy of the healthy for the UK: Coherence between transition probabilities and aggregate life-tables,Journal of the Royal Statistical Society. Series A: Statistics in Society,2008,10.1111/j.1467-985X.2007.00497.x,7,title
Foundational principles of welfare economics underlying the life quality index for efficient risk management,International Journal of Risk Assessment and Management,2007,10.1504/IJRAM.2007.014664,10,abstract
A multi-perspective approach for defining neighbourhood units in the context of a study on health inequalities in the Quebec City region,International Journal of Health Geographics,2007,10.1186/1476-072X-6-27,61,abstract
Use of a decision analysis model to assess the medicoeconomic implications of FDG PET imaging in diagnosing a solitary pulmonary nodule,European Journal of Health Economics,2005,10.1007/s10198-005-0279-0,44,INDEX_KW_ONLY
The Economic Impacts of the Tobacco Settlement,Journal of Policy Analysis and Management,2002,10.1002/pam.1037,43,INDEX_KW_ONLY
Rethinking Retirement in the Context of an Aging Workforce,Journal of Career Development,2003,10.1023/A:1026164111988,49,abstract
The image of old age at the birth of Europe; [L'image de la vieillesse à la naissance de l'Europe],Retraite et Societe,2001,,0,abstract
"Lifestyles and need for assistance after age 75, comparative data in 1989 and 1999; [Modes de vie et besoin d'aide après 75 ans, données comparées en 1989 et 1999]",Retraite et Societe,2006,,0,abstract
"Employees with diminished performance; [Leistungsgeminderter mitarbeiter, quo vadis?]",ZWF Zeitschrift fuer Wirtschaftlichen Fabrikbetrieb,2002,10.3139/104.100587,1,abstract
Diffusion of information and communication technologies: A takeoff analysis,International Journal of Business Information Systems,2010,10.1504/IJBIS.2010.032936,8,abstract
Theobromine rich cocoa powder induces weight loss and changes in lipid profile of obese wistar rats,Discovery and Innovation,2006,,8,abstract
"The impact of new drug launches on longevity: Evidence from longitudinal, disease-level data from 52 countries, 1982-2001",International Journal of Health Care Finance and Economics,2005,10.1007/s10754-005-6601-7,116,abstract
Health expenditure and Nigerian economic growth,"European Journal of Economics, Finance and Administrative Sciences",2011,,18,abstract
Finite lifetimes and government spending in an endogenous growth model,Journal of Economics and Business,2004,10.1016/j.jeconbus.2003.08.002,12,abstract
Mortality among the elderly in sweden 1988–1997,Scandinavian Actuarial Journal,2001,10.1080/034612301750077374,16,author_kw
From the tallest to (one of) the fattest: The enigmatic fate of the American population in the 20th century,Economics and Human Biology,2004,10.1016/j.ehb.2003.12.006,215,INDEX_KW_ONLY
Life-Cycle Consumption and the Age-Adjusted Value of Life,B.E. Journal of Economic Analysis and Policy,2006,10.1515/1538-0645.1524,46,abstract
Globalization: What it is and who benefits,Journal of Asian Economics,2002,10.1016/S1049-0078(02)00162-8,23,abstract
Caloric restriction. Extreme makeover. Eating like a bird may extend your life. But is it worth it?,Fortune,2004,,0,INDEX_KW_ONLY
"An Rx for Russia: more kids, less booze.",Fortune,2001,,1,INDEX_KW_ONLY
Increase in life expectancyand choice of the pension system; [Allongement de l'espérance de vie et choix du système de retraite],Revue Economique,2002,10.2307/3503169,0,title
Increasing life expectancy and the elderly,Economic and Political Weekly,2008,,3,title
Negative binomial version of the Lee-Carter model for mortality forecasting,Applied Stochastic Models in Business and Industry,2007,10.1002/asmb.679,42,author_kw
Symptoms of poverty within a group of land reform beneficiaries in the midlands of Kwazulu-Natal: Analysis and policy recommendations,Agrekon,2004,10.1080/03031853.2004.9523636,4,abstract
The fiscal outlook in Austria: An evaluation with generational accounts,Empirica,2009,10.1007/s10663-009-9105-8,3,abstract
Elderly volunteering and well-being: A cross-european comparison based on SHARE data,Voluntas,2009,10.1007/s11266-009-9096-x,105,abstract
A model for spatial variations in life expectancy; mortality in Chinese regions in 2000,International Journal of Health Geographics,2007,10.1186/1476-072X-6-16,6,title
Basics of electrical switches,"Plant Engineering (Barrington, Illinois)",2002,,0,INDEX_KW_ONLY
Technical Efficiencies of Healthcare System in Major States of India: An Application of NP-RDM of DEA Formulation,Journal of Health Management,2010,10.1177/097206341001200406,17,abstract
Social Security Reform: Exploring the Generational and Racial Divide,Advances in Taxation,2006,10.1016/S1058-7497(06)17003-9,1,abstract
French population statistics in doubt; [La statistique démographique française en question],Futuribles: Analyse et Prospective,2005,10.1051/futur:200530765,0,abstract
Long term freight market index and inferences,Asian Journal of Shipping and Logistics,2011,10.1016/S2092-5212(11)80019-2,13,abstract
The demography of ageing and future policy impacts: A northern Ireland perspective,Journal of the Statistical and Social Inquiry Society of Ireland,2010,,0,abstract
The capacity of social security and health care institutions to adapt to an ageing world,International Social Security Review,2010,10.1111/j.1468-246X.2010.01374.x,32,author_kw
Demogrpahic dynamics in central south Andes; [Dinámica demográfica en los Andes centro-meridionales],Desarrollo Economico,2003,10.2307/3455906,0,INDEX_KW_ONLY
Life Expectancy and Mortality in Very Old Age; [Espérance de vie et mortalité aux âges élevés],Retraite et Societe,2005,,3,title
Millennium development goals for health in Europe and Central Asia: Relevance and policy implications,World Bank Working Paper,2004,,0,abstract
Disability-Global trends and international perspectives,Innovation,2003,10.1080/13511610304511,9,abstract
Measuring quality of life across countries: A multiple indicators and multiple causes approach,Journal of Socio-Economics,2011,10.1016/j.socec.2010.06.002,36,abstract
Socio-Economic Conditions of Workers of Fireworks Industry in Virudhunagar District,Indian Journal of Marketing,2009,,1,abstract
Disposable or reusable?,Nonwovens Report International,2005,,0,abstract
The benefits of health: An insight from endogenous growth theory; [Le bénéfice de la santé: Un apport des théories de la croissance endogène],Revue de l'OFCE,2010,10.3917/reof.112.0087,6,abstract
Lifestyles and use of time in France. The impact on the country of living longer; [Modes de vie et usages du temps en France quand l'allongement de la vie bouleverse les territoires],Futuribles: Analyse et Prospective,2006,10.1051/futur:200631969,0,abstract
Lighting up the night,Machine Design,2005,,0,abstract
Economic analysis of the benefits of installing particule filters on new diesel-engined vehicles; [Analyse économique de la rentabilité des filtres à particules sur les véhicules diesels neufs],Economie et Prevision,2005,10.3406/ecop.2005.7396,1,abstract
Should self-employed persons subject to the statutory pay-as-you-go pension system? Welfare effects of extending compulsory insurance to include self-employed persons; [Selbständige in die gesetzliche Rentenversicherung? Wohlfahrtseffekte einer Ausweitung der Versicherungspflicht],Jahrbucher fur Nationalokonomie und Statistik,2004,10.1515/jbnst-2004-0302,4,abstract
A comparative analysis of the efficacy of the traditional approach and human development index in measuring development,Nigerian Journal of Economic and Social Studies,2003,,0,abstract
Achievements and challenges for health in Africa: The importance of national health systems for MDGS; [Progresos y desafíos para la salud en África Subsahariana: La importancia de los sistemas nacionales de salud para los ODMs],Revista de Economia Mundial,2011,,1,abstract
Les réformes des systèmes de retraite en Europe,Revue de l'OFCE,2001,10.3917/reof.078.0097,10,abstract
Retraites: À la recherche de solutions miracles⋯,Revue de l'OFCE,2009,10.3917/reof.109.0109,3,abstract
"UK real national income, 1950-1998: Some grounds for optimism",National Institute Economic Review,2002,10.1177/002795010218100111,15,abstract
Demographic change and production; [Demografischer Wandel und Produktion],ZWF Zeitschrift fuer Wirtschaftlichen Fabrikbetrieb,2004,10.3139/104.100831,0,abstract
Cajun conference on the consumer climate,Nonwovens Report International,2005,,0,abstract
Deterioration patterns of building cladding components for maintenance management,Construction Management and Economics,2002,10.1080/01446190210125563,83,abstract
Why does health capital increase in the developed countries and decrease in post-soviet Russia? (An attempt at post Keynesian explanation),Voprosy Ekonomiki,2011,10.32609/0042-8736-2011-10-113-131,3,abstract
Health human capital and economic development,Journal of African Economies,2010,10.1093/jae/ejq015,14,INDEX_KW_ONLY
When people who have stopped working should take social security retirement,Journal of Financial Counseling and Planning,2006,,1,abstract
A robust normative evaluation of India's performance in allocating risks of death,Indian Growth and Development Review,2008,10.1108/17538250810868152,1,author_kw
The time for cost-effectiveness in the new European Union member states: The development and role of health economics and technology assessment in the mirror of the Hungarian experience,European Journal of Health Economics,2007,10.1007/s10198-007-0046-5,15,INDEX_KW_ONLY
Das Vorhersagerisiko der Sterblichkeitsentwicklung - Kann es durch eine geeignete Portfoliozusammensetzung minimiert werden?,Blaetter der DGVFM,2008,10.1007/s11857-008-0039-1,6,abstract
An American journalist's day in 2890 (futures of yesteryear); [La journée d'un journaliste américain en 2890],Futuribles: Analyse et Prospective,2005,10.1051/futur:2005310101,0,abstract
Living better,Finance and Development,2003,,1,abstract
Private Insurance to Cover the Cost of Dependence; [L'assurance privée face à la dépendance],Retraite et Societe,2003,,0,abstract
The demographic revolution according to adolphe landry (1934): From the subordination of peoples to the principle of the rationalization of life (future of yesteryear); [La révolution démographique selon adolphe landry (1934) de la subordination des peuples au principe de rationalisation de la vie],Futuribles: Analyse et Prospective,2009,10.1051/futur/35657,0,abstract
"Older women, health, and social care in Singapore",Asia Europe Journal,2011,10.1007/s10308-011-0290-2,11,abstract
Selection of gear pumps for manmade fiber polymer extrusion,International Fiber Journal,2009,,0,abstract
Health in france: Recent developments; [La santé en France : Les évolutions récentes],Futuribles: Analyse et Prospective,2008,10.1051/futur:200833919,0,abstract
Health indicators and human development in the Arab region,International Journal of Health Geographics,2006,10.1186/1476-072X-5-61,48,abstract
The Sisyphus syndrome in health revisited,International Journal of Health Care Finance and Economics,2005,10.1007/s10754-005-1864-6,45,INDEX_KW_ONLY
Population and nursing care patients-diverging developments in Germany till 2050; [Rückgang der Bevölkerung - Zunahme der Pflegefälle Divergierende Entwicklungen in Deutschland bis 2050],AStA Wirtschafts- und Sozialstatistisches Archiv,2010,10.1007/s11943-010-0074-y,3,abstract
A Framework For Long-Term Actuarial Projections Of Health Care Costs: The Importance Of Population Aging And Other Factors,North American Actuarial Journal,2004,10.1080/10920277.2004.10596168,6,abstract
Ageing and social protection. Pensions: One challenge among others; [Vieillissement et protection sociale: La retraite: Un défiparmi d'autres],Futuribles: Analyse et Prospective,2010,10.1051/futur/36575,1,abstract
Making Federal Pension Policy Work,North American Actuarial Journal,2001,10.1080/10920277.2001.10595956,0,abstract
Ageing and the Government Budget Deficit; [Vieillissement et déficit budgétaire de l'État],Retraite et Societe,2006,,1,abstract
Healthcare reform: How we got to where we,Textile Rental,2009,,0,abstract
Design considerations for retirement savings and retirement income products,Pensions,2011,10.1057/pm.2010.31,2,abstract
Life and death of businesses: A review of research on firm mortality,Journal of Business Valuation and Economic Loss Analysis,2009,10.2202/1932-9156.1050,24,abstract
Bivariate long term fuzzy time series forecasting of dry cargo freight rates,Asian Journal of Shipping and Logistics,2010,10.1016/S2092-5212(10)80002-1,27,abstract
"Mortality decline in Cuba, 1900-1959: Patterns, comparisons, and causes",Latin American Research Review,2005,10.1353/lar.2005.0025,29,abstract
Spunlace: Improvements which enhance production efficiencies and reduce operating costs,Technische Textilien,2001,,2,abstract
Replacing incandescent lamps with LEDs,"Plant Engineering (Barrington, Illinois)",2005,,0,INDEX_KW_ONLY
Battleground of cross-over products,Medical Textiles,2004,,0,abstract
A multivariate time series approach to projected life tables,Applied Stochastic Models in Business and Industry,2009,10.1002/asmb.781,37,abstract
"Causality between poverty, health expenditure and health status: Evidence from nigeria using VECM","European Journal of Economics, Finance and Administrative Sciences",2010,,6,abstract
A practical roadmap for the perilous journey from a culture of entitlement to a culture of accountability,Journal of Healthcare Management,2011,10.1097/00115514-201109000-00004,1,INDEX_KW_ONLY
Health and income variation - a panel data study on the developed and less developed economies,International Economic Journal,2011,10.1080/10168737.2010.504217,0,abstract
Utilization and comparison of multi attribute decision techniques to rank countries upon human development rate,International Research Journal of Finance and Economics,2010,,10,abstract
"Hypolipidemic effects of ethanol extracts of Citrus depressa and Annona atemoya, typical plant foodstuffs in Okinawa, Japan on KKAy mice fed with moderately high fat diet",Food Science and Technology Research,2009,10.3136/fstr.15.553,6,abstract
"Chile: Early retirement, impatience and risk aversion",Cepal Review,2011,10.18356/b0f612fc-en,1,abstract
Outlier analysis and mortality forecasting: The United Kingdom and Scandinavian countries,Scandinavian Actuarial Journal,2005,10.1080/03461230510006973,41,abstract
"Sources of U.S. longevity increase, 1960-2001",Quarterly Review of Economics and Finance,2004,10.1016/j.qref.2004.05.005,66,author_kw
Two-dimensional hazard estimation for longevity analysis,Scandinavian Actuarial Journal,2004,10.1080/034612301101016516,8,abstract
"Lifetime earnings, mortality, and Social Security benefits: Implications for reform",Journal of Applied Business Research,2009,,0,abstract
Association of time preference for health with age and disease severity,European Journal of Health Economics,2002,10.1007/s10198-002-0102-0,4,INDEX_KW_ONLY
The effects of the pension reform on the retirement age of contributors to the general scheme; [Les effets de la réforme sur l'âge de départ en retraite au régime général],Retraite et Societe,2006,,1,abstract
"Endogenous longevity, health and economic growth: A slow growth for a longer life?",Economics Bulletin,2004,,28,abstract
"Peculiarities of FDI performance in developed, developing and underdeveloped countries; [Tiesioginių užsienio investicijų veiklos ypatumai išsivysčiusiose, besivystančiose ir neišsivysčiusiose šalyse]",Business: Theory and Practice,2011,10.3846/btp.2011.06,2,abstract
The Gulf of Mexico decommissioning market,Journal of Construction Engineering and Management,2006,10.1061/(ASCE)0733-9364(2006)132:8(815),0,abstract
The welfare costs of HIV/AIDS in Eastern Europe: An empirical assessment using the economic value-of-life approach,European Journal of Health Economics,2010,10.1007/s10198-009-0177-y,3,INDEX_KW_ONLY
"Labor productivity, costs, and mine survival during a recession",Resources Policy,2001,10.1016/S0301-4207(01)00012-5,22,abstract
Changing retirement age: Ups and downs,Monthly Labor Review,2001,,34,abstract
The unequal burden of war: The effect of armed conflict on the gender gap in life expectancy,International Organization,2006,10.1017/S0020818306060231,217,title
The HIV-AIDS pandemic in Africa: Its implications for human development in the continent and the critical issues in its control: Country report for South Africa presented by the Academy of Science of South Africa (ASSAf),Discovery and Innovation,2005,,0,abstract
International retirement migration and tourism along the Lake Chapala Riviera: Developing a matrix of retirement migration behaviour,Tourism Geographies,2002,10.1080/14616680210147427,105,abstract
New indicators of 30 OECD countries' pension systems,Journal of Pension Economics and Finance,2006,10.1017/S1474747206002642,11,abstract
Les politiques de prise en charge des personnes âgées dépendantes,"Travail, Genre et Societe",2001,10.3917/tgs.006.0083,26,abstract
"Which last longer, single or double nuts?",Machine Design,2004,,0,abstract
Regional policy responses to demographic challenges and opportunities,European Research Studies Journal,2009,,2,abstract
Real deposit insurance coverage: An international study,Journal of Applied Business Research,2009,,0,abstract
"Was there an urban height penalty in Spain, 1840-1913?",Economics and Human Biology,2007,10.1016/j.ehb.2006.09.001,82,INDEX_KW_ONLY
Shrieking for a solution,Folding Carton Industry,2002,,0,abstract
Determining safety of materials & additives for wipes,Nonwovens Industry,2007,,0,abstract
Using competence network collaboration and decision-analytic modeling to assess the cost-effectiveness of interferon α-2b plus ribavirin as initial treatment of chronic hepatitis C in Germany,European Journal of Health Economics,2005,10.1007/s10198-005-0280-7,17,abstract
A mutual fund to yield annuity-like benefits,Financial Analysts Journal,2007,10.2469/faj.v63.n1.4408,14,abstract
The impact of education on subjective discount rate in ugandan villages,Economic Development and Cultural Change,2010,10.1086/652475,46,abstract
Why Do Females Live Longer Than Males?,North American Actuarial Journal,2002,10.1080/10920277.2002.10596061,12,abstract
Central Europe Disquieting Demographic Trends; [Europe centrale. Des trajectoires démographiques inquiétantes],Courrier des Pays de l'Est,2003,,1,abstract
Do people really care about the arts for future generations?,Journal of Cultural Economics,2004,10.1007/s10824-004-2984-4,9,abstract
Scale of reference bias and the evolution of health,European Journal of Health Economics,2003,10.1007/s10198-003-0196-z,8,abstract
Comparisons of mortality modelling and forecasting - Empirical evidence from Taiwan,International Research Journal of Finance and Economics,2010,,4,abstract
New evidence coupled with a wider perspective suggest sizable economic returns to better health,Finance and Development,2004,,88,abstract
"Women's working futures - Views, policies and cohoices",Foresight,2003,10.1108/14636680310508991,6,abstract
Optimizing the initiation of Social Security benefits,Financial Services Review,2006,10.61190/fsr.v15i4.4868,10,abstract
Estimation of life expectancy in the Middle Ages,Journal of the Royal Statistical Society. Series A: Statistics in Society,2003,10.1111/1467-985X.00261,29,title
Cost effectiveness of establishing a neonatal screening programme for phenylketonuria in libya,Applied Health Economics and Health Policy,2010,10.2165/11535530-000000000-00000,14,INDEX_KW_ONLY
Impacts on Economic Security Programs of Rapidly Shifting Demographics,North American Actuarial Journal,2001,10.1080/10920277.2001.10595951,2,abstract
Longevity and ageing in the 21st century; [La longévité et le vieillissement au XXIe siècle],Retraite et Societe,2002,,1,abstract
Hot tips on temperature specs,Machine Design,2007,,0,abstract
Die Auswirkungen der steigenden Lebenserwartung auf die Prävalenz der Pflegebedürftigkeit in Deutschland,Zeitschrift fur die gesamte Versicherungswissenschaft,2009,10.1007/s12297-008-0045-3,8,abstract
Tradable Environmental Pollution Credits: A New Financial Asset,Review of Accounting and Finance,2002,10.1108/eb026997,5,abstract
Studies on life table characteristics of culex pipiens quinquefasciatus Wuhan strain,Journal of Tongji Medical University,1988,10.1007/BF02887901,2,abstract
Ethics and Organizational Change,Asia Pacific Journal of Human Resources,1991,10.1177/103841119102900109,5,abstract
GETTING IT TOGETHER WITH CABLE TIES.,Machine Design,1986,,0,INDEX_KW_ONLY
Minimal programme of exit from crisis; [Minimalni Program izlaska iz krize],Ekonomski Pregled,2000,,1,abstract
"Diet, mortality and life expectancy A cross national analysis",Journal of Population Economics,1989,10.1007/BF00161480,12,title
A proper separation of solids from liquids,TUT Textiles a Usages Techniques,1996,,0,abstract
More evidence on the role of secondary education in the development of lower-income countries: Wishful thinking or useful knowledge?,Economic Development and Cultural Change,1999,10.1086/452450,7,abstract
Assessing the impact of demographic ageing on the welfare state in Italy: A dynamic simulation,Statistical Journal of the United Nations Economic Commission for Europe,1996,10.3233/sju-1996-13305,0,abstract
The handling of acceptable risks,Journal of the Operational Research Society,1988,10.1057/jors.1988.108,3,INDEX_KW_ONLY
IMPROVE CONVENTIONAL IGNITION SYSTEMS WITH A TRANSISTOR-ASSISTED APPROACH.,Electronic Design,1976,,0,abstract
Polyamide clutch-ring reinforced with glass fibre,Advanced Composites Bulletin,1998,,0,abstract
OPERATING COSTS AND PERFORMANCE OF LARGE-VOLUME SUBMERGIBLE PUMPS.,"JPT, Journal of Petroleum Technology",1972,10.2118/3340-pa,0,abstract
Mid-career change the ingredients for success,Employee Relations,1994,10.1108/01425459410073997,12,abstract
The role of public health in the reproduction of labor resources,"Voprosy ekonomiki / Akademiia nauk SSSR, Institut ekonomiki",1981,,0,INDEX_KW_ONLY
Expert judgments of political riskiness,Journal of Forecasting,1987,10.1002/for.3980060105,16,abstract
INCOME REDISTRIBUTION VERSUS ACCELERATED ECONOMIC GROWTH: A COMPARISON OF DEMOGRAPHIC EFFECTS,Oxford Bulletin of Economics and Statistics,1984,10.1111/j.1468-0084.1984.mp46003004.x,2,INDEX_KW_ONLY
Study of the economic benefits of valve commissioning during pipeline construction,Pipes and Pipelines International,2000,,0,abstract
Life expectancy of international cartels: An empirical analysis,Review of Industrial Organization,1994,10.1007/BF01025729,19,title
An improvement to Kamerud’s Mortality-risk and life-expectancy model,Journal of the Operational Research Society,1990,10.1057/jors.1990.185,2,title
Mortality risk and life expectancy,Journal of the Operational Research Society,1989,10.1057/jors.1989.25,4,title
FINE-BLANKING MEETS A PRESSING ECONOMIC NEED.,Sheet Metal Industries,1976,,0,abstract
Niche markets,TUT Textiles a Usages Techniques,1996,,0,abstract
A turning point in availability of soviet economic statistics?,Soviet Economy,1986,10.1080/08826994.1986.10641262,4,abstract
"Heads, feds, and beds: ethical dilemmas in the delivery of medical care.",Business & professional ethics journal,1990,,1,INDEX_KW_ONLY
Intergenerational transfers in industrialised countries - Effects of age distribution and economic institutions,Journal of Population Economics,1989,10.1007/BF00166068,8,abstract
Recent trends in the condition of children in India: A statistical profile,World Development,1984,10.1016/0305-750X(84)90065-2,1,abstract
FLOW AND PRESSURE FUNDAMENTALS FOR PIPING SYSTEMS - 8. PRESSURE-REGULATING VALVES.,Plant Eng (Barrington Ill),1973,,0,abstract
A confidence interval for the mortality of a non-homogeneous collective of persons; [Ein konfidenzintervall für sterbewahrscheinlichkeiten bei inhomogenen personengesamtheiten],Blätter der DGFVM,1993,10.1007/BF02809408,0,abstract
Evaluation of acceptable risk,Journal of the Operational Research Society,1986,10.1057/jors.1986.96,9,abstract
Actuarial issues in the novels of jane austen,North American Actuarial Journal,1997,10.1080/10920277.1997.10595593,2,abstract
Country experience in providing for basic needs.,Finance & development,1979,,13,abstract
Chlorination washer corrosion resurveyed,Pulp and Paper Canada,1988,,6,abstract
Demographic trends in Europe; [L'evolution demographique en Europe.],"Futuribles (Paris, France : 1981)",1993,,6,abstract
A short description of the EC axial rotor bearing,Spinnovation,2001,,0,abstract
PAINTING STEEL STRUCTURES.,"Plant Engineering (Barrington, Illinois)",1978,,0,abstract
Enlarged target image orthicon,NHK Laboratories Note,1971,,0,abstract
Social security: Regressive or progressive?,North American Actuarial Journal,1998,10.1080/10920277.1998.10595687,6,abstract
Women's education and economic well-being,Feminist Economics,1995,10.1080/714042230,226,abstract
POVERTY AND INCOME DISTRIBUTION IN BRAZIL,Review of Income and Wealth,1983,10.1111/j.1475-4991.1983.tb00635.x,8,abstract
Methods for controlling odors- 1,Plant Eng (Barrington Ill),1971,,0,abstract
The demographic situation in the European countries of COMECON; [Sovremennaya demograficheskaya situatsiya v evropeiskikh stranakh SEV],"Voprosy ekonomiki / Akademiia nauk SSSR, Institut ekonomiki",1980,,0,INDEX_KW_ONLY
Industrial revolution and mortality revolution: Two of a kind?,Journal of Evolutionary Economics,1995,10.1007/BF01194368,29,abstract
Did Australian Living Standards Stagnate between 1890 and 1940,The Journal of Economic History,1983,10.1017/S002205070002917X,22,abstract
Adult incontinence products poised for boom in USA,Medical Textiles,1998,,0,abstract
INFORMATION AND THE LIFE CYCLE CONSUMPTION OF HAZARDOUS GOODS,Economic Inquiry,1981,10.1111/j.1465-7295.1981.tb00337.x,22,abstract
The privatization of social security and women's welfare: Gender effects of the chilean reform,Latin American Research Review,1999,10.1017/s0023879100039352,59,abstract
"An assessment of human development, by region and country",Journal of Economics and Finance,1993,10.1007/BF02920080,3,abstract
A High Standard of Living in Nineteenth-Century Japan: Fact or Fantasy,The Journal of Economic History,1983,10.1017/S0022050700029168,46,abstract
Trends and future prospects of the female overlife by regions in Europe,Statistical Journal of the United Nations Economic Commission for Europe,1990,10.3233/SJU-1990-7102,2,abstract
Older females as a market segment for well-fitting clothing,Journal of Fashion Marketing and Management,1999,10.1108/eb022563,8,abstract
The Netherlands national model: a review of seven years of application,International Transactions in Operational Research,1994,10.1016/0969-6016(94)90014-0,16,abstract
PUMPING ABRASIVE LIQUIDS WITH PROGRESSING CAVITY PUMPS.,"JPT, Journal of Petroleum Technology",1974,,3,abstract
Russia: the demographic situation.,Studies on Russian economic development,1995,,0,abstract
The determination of life premiums: An international cross-section analysis 1970-1981,Insurance Mathematics and Economics,1986,10.1016/0167-6687(86)90020-X,113,abstract
"Network, screen and page: Reading in a Digital Age",European Papermaker,1999,,0,abstract
"Forty years of the life span revolution: an exploration of the roles of 'convergence', income, and policy",Economic Development and Cultural Change,1998,10.1086/452377,14,abstract
The physical quality of life index: A useful social indicator?,World Development,1979,10.1016/0305-750X(79)90094-9,60,abstract
HIGH FREQUENCY OPERATION OF HID LAMPS.,Plant Eng (Barrington Ill),1973,,1,abstract
Can housing wealth alleviate poverty among Britain's older population?,Fiscal Studies,1998,10.1111/j.1475-5890.1998.tb00287.x,21,abstract
Methods for Calculating the Progress of Carbonation and the Associated Life Expentancy of Reinforced Concrete Components.; [BERECHNUNGSVERFAHREN UEBER DEN CARBONATISIERUNGSFORTSCHRITT UND DIE DAMIT VERBUNDENE LEBENSERWARTUNG VON STAHLBETONTEILEN.],Betonwerk und Fertigteil-Technik/Concrete Precasting Plant and Technology,1983,,9,abstract
Structural adjustment in Ghana,Food Policy,1988,10.1016/0306-9192(88)90019-X,1,abstract
An overview of trends in employee benefits programmes,Management Research News,1998,10.1108/01409179810781482,1,abstract
Mortality change and forecasting: How much and how little do we know?,North American Actuarial Journal,1998,10.1080/10920277.1998.10595752,44,abstract
Aging and the income value of housing wealth,Journal of Public Economics,1991,10.1016/0047-2727(91)90020-3,70,abstract
Socioeconomic equity and fertility in developing countries: A block-recursive model,De Economist,1980,10.1007/BF01705858,4,abstract
Longevity benefits and costs of reducing various risks,Technological Forecasting and Social Change,1979,10.1016/0040-1625(79)90088-X,25,INDEX_KW_ONLY
The demographic situation in 1982; [Le bilan demographique de 1982],Economie & statistique,1983,,0,abstract
"“Life expectancy in the future: A summary of a discussion among experts”, Robert B. Friedland, October 1998",North American Actuarial Journal,1998,10.1080/10920277.1998.10595754,0,title
Are Low Income Countries Catching up or Falling Further Behind? Evidence from Income and Demographic Indicators,The Economic and Labour Relations Review,1993,10.1177/103530469300400106,0,abstract
Maintenance of sewers and water mains within the concept of serviceability to customers,Pipes and Pipelines International,2000,,1,abstract
Generation life table for 1987 cohorts and period life table 1986/1988; [Generationensterbetafel geburtsjahrgang 1987 und periodensterbetafel 1986/88],Blätter der DGFVM,1993,10.1007/BF02809409,1,abstract
"Work after retirement: intentions, realities and implications",Journal of Consumer Studies & Home Economics,1987,10.1111/j.1470-6431.1987.tb00134.x,1,abstract
PUBLIC ACTION AND THE QUALITY OF LIFE IN DEVELOPING COUNTRIES,Oxford Bulletin of Economics and Statistics,1981,10.1111/j.1468-0084.1981.mp43004001.x,225,INDEX_KW_ONLY
TOOLING DEVELOPMENTS FOR THE FOUNDRY INDUSTRY.,Foundry Trade Journal,1987,,0,abstract
Economic challenges facing South Africa,Finance & Development,1992,,2,abstract
A markov chain model of working life tables,Scandinavian Actuarial Journal,1977,10.1080/03461238.1977.10405621,34,abstract
"The lee-carter method for forecasting mortality, with various extensions and applications",North American Actuarial Journal,2000,10.1080/10920277.2000.10595882,239,abstract
Well-being and the extent of its realisation in poor countries,Economic Journal,1990,10.2307/2234181,102,abstract
Maintenance of joint sealants and glazing systems,Property Management,1990,10.1108/EUM0000000003369,1,abstract
A turning-point for AIDS?,Economist,2000,,4,abstract
The effect of predatory rent-seeking on household saving and portfolio choices: A cross section analysis,Public Choice,1991,10.1007/BF00156234,6,abstract
Marital Relationships as a Cause of Death: An Analysis of Occupational Mortality and the Hidden Consequences of Marriageâ€”Some U.K. Data,Human Relations,1983,10.1177/001872678303600203,22,abstract
Relative welfare improvements of low income versus high income countries,World Development,1988,10.1016/0305-750X(88)90189-1,2,abstract
The really effective health service delivery system,Health Care Management Review,1976,10.1097/00004010-197600110-00002,0,INDEX_KW_ONLY
"Life expectancy, depreciation, and computation of an improved sinking fund factor—A note",Engineering Economist,1971,10.1080/00137917108902681,0,title
Social inequality in the face of death; [Inegalite sociale devant la mort],"Futuribles (Paris, France : 1981)",1984,,1,abstract
Target marketing for the hospital-based wellness center,Journal of Hospital Marketing,1997,10.1300/J043v11n02_05,1,abstract
Anna's life expectancy,Journal of Policy Analysis and Management,1986,10.1002/pam.4050050215,7,title
Life expectancy in the future: A summary of a discussion among experts,North American Actuarial Journal,1998,10.1080/10920277.1998.10595753,4,title
The determinants of population change in Colombia; [Determinantes del cambio poblacional en Colombia],Desarrollo y sociedad,1980,,0,abstract
Desert bridge supported by carbon fibre,Advanced Composites Bulletin,2000,,0,abstract
"Age distribution, education and societal structure",Socio-Economic Planning Sciences,1973,10.1016/0038-0121(73)90026-8,1,abstract
Effect of vibration on electric-submersible-pump failures,"JPT, Journal of Petroleum Technology",1990,10.2118/16924-pa,24,abstract
Clothing for older women. II. Reading between the lines; [Bekleidung fur Seniorinnen. II. Zwischen den Zeilen argumentieren],Bekleidung Wear,1998,,0,abstract
The construction of life profiles by social class in Chile; [Construccion de perfiles de vida para grupos sociales en Chile.],Estudios de economia,1989,,0,abstract
The demographic situation of Russia at the dawn of the year 2000; [La situation demographique de la Russie au seuil de l'an deux mille.],Le courrier des pays de l'Est / publié avec le concours du Centre de documentation sur l'U.R.S.S. et les pays slaves de l'Ecole pratique des hautes études,1995,,0,abstract
Planning Retirement Income in Australia: Routes through the Maze,Australian Economic Review,1995,10.1111/j.1467-8462.1995.tb00901.x,5,abstract
Models for measuring and documenting the quality of life; [MODELLE ZUR MESSUNG UND ERFASSUNG DER QUALITAT DES LEBENS],BETRIEBSWIRTSCH.FORSCH.PRAX.,1974,,0,INDEX_KW_ONLY
Banner and flag fabrics,Industrial Fabric Products Review,1994,,0,abstract
Regulation and health: The case of mandatory prescriptions and an extension,Managerial and Decision Economics,1987,10.1002/mde.4090080108,22,abstract
Economie freedom and the quality of life: An empirical analysis,Constitutional Political Economy,1999,10.1023/A:1009068829135,78,abstract
The changing economy and the family.,Journal of labor economics,1986,10.1086/298133,3,INDEX_KW_ONLY
Social security and uncertain lifetime; [Rentenversicherung bei unsicherer lebenszeit],Jahrbucher fur Nationalokonomie und Statistik,1998,,0,abstract
Fabric specification table,Fabrics & Architecture,1994,,0,abstract
Sector priorities in meeting basic needs: some statistical evidence,World Development,1982,10.1016/0305-750X(82)90005-5,10,abstract
Trends in mortality of the soviet population,Soviet Economy,1990,10.1080/08826994.1990.10641324,28,abstract
NEW DEVELOPMENTS IN DOWN-HOLE MOTORS FOR IMPROVED DRILLING PERFORMANCE.,"JPT, Journal of Petroleum Technology",1978,10.2118/6778-PA,6,abstract
The long-term pattern of adult mortality and the highest attained age,Journal of the Royal Statistical Society. Series A: Statistics in Society,1999,10.1111/1467-985X.00119,175,INDEX_KW_ONLY
Demographic challenges for socioeconomic planning,Socio-Economic Planning Sciences,1985,10.1016/0038-0121(85)90048-5,4,INDEX_KW_ONLY
SEALING TUBULAR CONNECTIONS.,"JPT, Journal of Petroleum Technology",1985,10.2118/14040-pa,17,abstract
An economic analysis of child restraints,Journal of Consumer Policy,1995,10.1007/BF01024162,0,abstract
Automobile Loss Rates and the Expected Capital Cost of Vehicles: An Empirical Note,Economic Record,1987,10.1111/j.1475-4932.1987.tb00655.x,1,abstract
Are price and quality obsolete?: Financial survival using adaptive marketing,Journal of Customer Service in Marketing and Management,1998,10.1300/J127v04n02_05,0,abstract
Workforce Participation Choices of Older Males,Asia Pacific Journal of Human Resources,1993,10.1177/103841119303000304,2,abstract
"Rehabilitation of the Tis Abbay powerplant, Ethiopia",International Journal on Hydropower and Dams,1999,,0,abstract
How dirt and water slash bearing life.,Machine Design,1978,,9,abstract
The economics of risks to life.,American Economic Review,1981,,132,INDEX_KW_ONLY
Education and health care in the Caribbean.,Finance & development,1997,,3,abstract
Public health and development: a new analytical framework,ECONOMICA,1974,10.2307/2553354,3,abstract
Indian women: Well-being and survival,Cambridge Journal of Economics,1983,10.1093/cje/7.3-4.363,102,INDEX_KW_ONLY
The value of changes in life expectancy,Journal of Risk and Uncertainty,1988,10.1007/BF00056139,216,title
Age structure and income distribution policy,Journal of Population Economics,1988,10.1007/BF00171509,5,abstract
LIFE EXPECTANCY AS AN INTEGRATING CONCEPT IN SOCIAL AND DEMOGRAPHIC ANALYSIS AND PLANNING,Review of Income and Wealth,1977,10.1111/j.1475-4991.1977.tb00013.x,10,title
REDISTRIBUTION OF INCOME—NOTES ON SOME PROBLEMS AND PUZZLES,Review of Income and Wealth,1970,10.1111/j.1475-4991.1970.tb00703.x,1,abstract
"Working health time: A comparison of preindustrial, industrial, and postindustrial experience in life and health",Explorations in Economic History,1991,10.1016/0014-4983(91)90016-C,7,abstract
"Hell no, we won't go!",Fortune,1999,,1,INDEX_KW_ONLY
Health impacts of epidemiological environment change: Measurement issues,Environment and Development Economics,1996,10.1017/S1355770X00000693,6,abstract
The expectation of life formula applied to collection management,Collection Management,1986,10.1300/J105v08n02_02,2,abstract
DALYs in Europe,Statistical Journal of the United Nations Economic Commission for Europe,1999,10.3233/sju-1999-16102,0,abstract
Poverty alleviation in Latin America,Finance & Development,1990,,3,abstract
"Evaluating a neglected dimension of economic development: Mortality, risk aversion and uncertainty",International Review of Economics and Finance,1994,10.1016/1059-0560(94)90029-9,3,abstract
The Comparison of Multi-Dimensioned Distributions of Economic Status,Review of Economic Studies,1982,10.2307/2297269,475,abstract
A study on stores consumption in spinning mills,Asian Textile Journal,1998,,0,abstract
OVERVIEW OF LOGIC DEVICES FOR AUTOMATIC CONTROL SYSTEMS.,"Plant Engineering (Barrington, Illinois)",1983,,0,abstract
Consumer complaint behaviour: The case of electrical goods,International Journal of Retail & Distribution Management,1995,10.1108/09590559510098663,51,abstract
Development of the last-year-of-life valuation model for retiree medical plans,North American Actuarial Journal,2000,10.1080/10920277.2000.10595908,3,abstract
"NICKEL-CADMIUM BATTERIES: STILL THE WORKHORSES FOR BACKUP, PORTABLE POWER.",Electronic Design,1985,,0,abstract
Supporting poverty reduction in low-income developing countries: The international community's response,Finance and Development,2000,,1,abstract
Economic growth and population control in preindustrial Japan.,Research in economic anthropology,1983,,1,abstract
LUBRICATING DEVICES.,Machine Design,1974,,0,abstract
The demographic potential of Russia; [Demograficheskii potentsial Rossii.],"Voprosy ėkonomiki / Akademiia nauk SSSR, Institut ėkonomiki",1998,,2,abstract
Keeping up with¼ health policy and women’s health,Health Care Management Review,1977,10.1097/00004010-197700220-00004,1,INDEX_KW_ONLY
Confronting AIDS.,Finance & development,1998,,3,abstract
DUCTILE IRON PIPE AND PIPELINES,Pipes and Pipelines International,1969,,0,abstract
TESTING TRANSFORMER INSULATING OIL.,"Plant Engineering (Barrington, Illinois)",1978,,0,abstract
Cross-National Variation in Political Violence: A Rational Action Approach,Journal of Conflict Resolution,1990,10.1177/0022002790034004003,310,abstract
MEASURING PROGRESS TOWARDS SOCIAL GOALS. SOME POSSIBILITIES AT NATIONAL AND LOCAL LEVELS,Management Science,1970,,23,abstract
