title,source_title,year,doi,total_citations_wos_core
Longevity and welfare in general equilibrium,MATHEMATICAL SOCIAL SCIENCES,2018,10.1016/j.mathsocsci.2018.01.003,1
An investigation into the impact of deprivation on demographic inequalities in adults,ANNALS OF ACTUARIAL SCIENCE,2020,10.1017/S1748499520000068,11
The Child is Father Of the Man: Implications for the Demographic Transition,ECONOMIC JOURNAL,2013,10.1111/j.1468-0297.2012.02523.x,45
The moderating role of financial development in the nexus between population aging and saving,ECONOMIC CHANGE AND RESTRUCTURING,2024,10.1007/s10644-024-09670-5,0
Optimal policies in an ageing society,JOURNAL OF THE ECONOMICS OF AGEING,2023,10.1016/j.jeoa.2023.100475,0
An Indexation Mechanism for Retirement Age: Analysis of the Gender Gap,RISKS,2019,10.3390/risks7010021,7
Health and economic development: evidence from non-OECD countries,APPLIED ECONOMICS,2021,10.1080/00036846.2021.1939856,6
Efficient estimation of factor models with time and cross-sectional dependence,JOURNAL OF APPLIED ECONOMETRICS,2017,10.1002/jae.2571,2
Life Insurance Demand Analysis: Evidence from Visegrad Group Countries,EASTERN EUROPEAN ECONOMICS,2022,10.1080/00128775.2021.1996248,4
LIFE EXPECTANCY AND SPECIFIC CAUSES OF MORTALITY IN TERMS OF GENDER INEQUALITIES IN RELATION TO ECONOMIC GROWTH,TRANSFORMATIONS IN BUSINESS & ECONOMICS,2021,,1
The effect of population health on the inflows of foreign direct investment in Africa,RESEARCH IN GLOBALIZATION,2023,10.1016/j.resglo.2023.100114,1
Do patients registered with CAM-trained GPs really use fewer health care resources and live longer? A response to Kooreman and Baars. Eur J Health Econ (2012). 13:469-776,EUROPEAN JOURNAL OF HEALTH ECONOMICS,2013,10.1007/s10198-013-0466-3,1
Venture capital healthcare investments and health care sector growth: A panel data analysis of Europe,BORSA ISTANBUL REVIEW,2022,10.1016/j.bir.2021.06.008,11
Causal relationship between FDI and poverty reduction in South Africa,COGENT ECONOMICS & FINANCE,2017,10.1080/23322039.2017.1357901,17
"A Multigene Prognostic Assay for Selection of Adjuvant Chemotherapy in Patients with T3, Stage II Colon Cancer: Impact on Quality-Adjusted Life Expectancy and Costs",VALUE IN HEALTH,2012,10.1016/j.jval.2012.07.012,20
THE INFLUENCE OF SUBJECTIVE LIFE EXPECTANCY ON HEALTH STATE VALUATIONS USING A 10 YEAR TTO,HEALTH ECONOMICS,2009,10.1002/hec.1385,46
Who Really Benefits from Pension Systems? When Life Expectancy Matters,REVUE D ECONOMIE POLITIQUE,2009,10.3917/redp.194.0613,2
"Demographic change, social security systems, and savings",JOURNAL OF MONETARY ECONOMICS,2007,10.1016/j.jmoneco.2006.12.004,157
Monetary value of a life expectancy gain due to reduced air pollution: Lessons from a contingent valuation in France,REVUE D ECONOMIE POLITIQUE,2007,10.3917/redp.175.0675,10
Common Factor Cause-Specific Mortality Model,RISKS,2021,10.3390/risks9120221,2
"An investigation of time preferences, life expectancy, and annuity versus lump sum choices: Can smoking harm long-term saving decisions?",JOURNAL OF ECONOMIC BEHAVIOR & ORGANIZATION,2020,10.1016/j.jebo.2019.05.011,5
From carrer specificities to institutional pension scheme specificities: A microsimulation of public vs private sector pensions,REVUE ECONOMIQUE,2000,10.2307/3503191,0
Economic development and health improvement: mutual support in the historical UK (1541-2001),INTERNATIONAL JOURNAL OF SOCIAL ECONOMICS,2018,10.1108/IJSE-01-2017-0002,0
GDP growth and convergence determinants in the European Union: a crisp-set analysis,REVIEW OF ECONOMIC PERSPECTIVES,2016,10.1515/revecp-2016-0017,7
Women in cabinet and public health spending: evidence across countries,ECONOMICS OF GOVERNANCE,2014,10.1007/s10101-014-0141-x,35
Life expectancy and labor supply of the elderly,JOURNAL OF POPULATION ECONOMICS,2012,10.1007/s00148-011-0369-5,34
LONGEVITY VARIATIONS AND THE WELFARE STATE,JOURNAL OF DEMOGRAPHIC ECONOMICS,2016,10.1017/dem.2016.4,17
Eudaimonic wellbeing and life expectancy,KYKLOS,2023,10.1111/kykl.12324,5
A Measure of Well-being Efficiency Based on the World Happiness Report,INTERNATIONAL PRODUCTIVITY MONITOR,2022,,0
DESIGNING BENEFIT RULES FOR FLEXIBLE RETIREMENT: WELFARE VS. REDISTRIBUTION,ACTA OECONOMICA,2011,10.1556/AOecon.61.2011.1.2,5
A discrete choice experiment to assess patients' preferences for HIV treatment in the rural population in Colombia,JOURNAL OF MEDICAL ECONOMICS,2020,10.1080/13696998.2020.1735398,10
Pollution and life expectancy: How environmental policy can promote growth,ECOLOGICAL ECONOMICS,2009,10.1016/j.ecolecon.2008.07.011,58
Educational inequalities in longevity in 18 OECD countries,JOURNAL OF DEMOGRAPHIC ECONOMICS,2022,10.1017/dem.2021.22,19
Does inequality in health impede economic growth?,OXFORD ECONOMIC PAPERS-NEW SERIES,2011,10.1093/oep/gpr002,14
Living longer in high longevity risk,JOURNAL OF DEMOGRAPHIC ECONOMICS,2020,10.1017/dem.2019.20,3
Does a Kuznets curve exist for tobacco consumption? Evidence from OECD countries,APPLIED ECONOMICS LETTERS,2024,10.1080/13504851.2023.2211331,1
Early 60s is not old enough: Evidence from twenty-one countries' equity fund markets,JOURNAL OF INTERNATIONAL MONEY AND FINANCE,2019,10.1016/j.jimonfin.2018.12.005,3
"Further evidence of preference reversals: Choice, valuation and ranking over distributions of life expectancy",JOURNAL OF HEALTH ECONOMICS,2006,10.1016/j.jhealeco.2005.08.004,12
Where to be born? A normative approach of life duration inequalities in the world,HEALTH ECONOMICS,1996,,0
"Differential mortality, aging and social security: delaying the retirement age when educational spillovers matter",JOURNAL OF PENSION ECONOMICS & FINANCE,2017,10.1017/S1474747215000396,5
"Heterogeneity in longevity, redistribution, and pension reform",JOURNAL OF PENSION ECONOMICS & FINANCE,2023,10.1017/S1474747222000014,1
ANALYZING THE COMPOSITION OF HDI IN EUROPEAN COUNTRIES,STUDIES IN BUSINESS AND ECONOMICS,2015,10.1515/sbe-2015-0042,1
A guide to extending and implementing generalized risk-adjusted cost-effectiveness (GRACE),EUROPEAN JOURNAL OF HEALTH ECONOMICS,2022,10.1007/s10198-021-01367-0,26
International mortality modelling-An economic perspective,ECONOMICS LETTERS,2014,10.1016/j.econlet.2013.10.039,9
"Ecological footprint, electricity consumption, and economic growth in China: geopolitical risk and natural resources governance",EMPIRICAL ECONOMICS,2024,10.1007/s00181-023-02460-4,85
World Human Development: 1870-2007,REVIEW OF INCOME AND WEALTH,2015,10.1111/roiw.12104,57
The Demographic Transition and the Sexual Division of Labor,JOURNAL OF POLITICAL ECONOMY,2008,10.1086/596102,32
Pricing Life Contingencies Linked to Impaired Life Expectancies Using Intuitionistic Fuzzy Parameters,RISKS,2024,10.3390/risks12020029,2
Values and Costs in History: A Case Study on Estimating the Cost of Hadrianic Aqueduct's Construction,WORLD,2022,10.3390/world3020014,7
The largest insurance program in history: Saving one million lives per year in China,JOURNAL OF PUBLIC ECONOMICS,2023,10.1016/j.jpubeco.2023.104999,10
The Effectiveness of Health Expenditure on the Proximate and Ultimate Goals of Healthcare in Sub-Saharan Africa,WORLD DEVELOPMENT,2015,10.1016/j.worlddev.2015.07.010,39
Willingness to pay to reduce mortality risks: Evidence from a three-country contingent valuation study,ENVIRONMENTAL & RESOURCE ECONOMICS,2006,10.1007/s10640-005-3106-2,68
On the value of changes in life expectancy: Blips versus parametric changes,JOURNAL OF RISK AND UNCERTAINTY,1997,10.1023/A:1007705309543,63
Channels through Which Human Capital Inequality Influences Economic Growth,JOURNAL OF HUMAN CAPITAL,2010,10.1086/659338,13
"EXTREME WEATHER EVENTS, MORTALITY, AND MIGRATION",REVIEW OF ECONOMICS AND STATISTICS,2009,10.1162/rest.91.4.659,221
A Panel Data Approach to the Measurement of Health Technical Efficiency of Sub-Saharan Africa,ZAGREB INTERNATIONAL REVIEW OF ECONOMICS & BUSINESS,2015,10.1515/zireb-2015-0001,1
Comparing Individual and Area-Based Socioeconomic Measures for Monitoring Social Health Inequalities in Tunisia,JOURNAL OF THE KNOWLEDGE ECONOMY,2018,10.1007/s13132-016-0416-2,4
Quality-Adjusted Life Expectancy Norms for the English Population,VALUE IN HEALTH,2023,10.1016/j.jval.2022.07.005,34
A Semiparametric Method for Assessing Life Expectancy Evaluations,NORTH AMERICAN ACTUARIAL JOURNAL,2021,10.1080/10920277.2020.1768409,1
The influence of health on economic growth from the perspective of sustainable development: a case of OECD countries,WORLD JOURNAL OF ENTREPRENEURSHIP MANAGEMENT AND SUSTAINABLE DEVELOPMENT,2020,10.1108/WJEMSD-09-2019-0071,13
Incorporating Longevity Risk and Medical Information Into Life Settlement Pricing,JOURNAL OF RISK AND INSURANCE,2013,10.1111/j.1539-6975.2013.01522.x,20
Socioeconomic development and secular trend in height in China,ECONOMICS & HUMAN BIOLOGY,2015,10.1016/j.ehb.2015.09.006,28
A conductive effect of aid volatility on health poverty in aid-recipient countries,SOUTH AFRICAN JOURNAL OF ECONOMIC AND MANAGEMENT SCIENCES,2024,10.4102/sajems.v27i1.5183,0
More than 100 years of improvements in living standards: the case of Colombia,CLIOMETRICA,2019,10.1007/s11698-018-0181-5,20
Estimating the health production function for Pakistan: Do environmental factors matter?,REVIEW OF DEVELOPMENT ECONOMICS,2024,10.1111/rode.13048,3
From pain patient to junkie: An economic theory of painkiller consumption and its impact on wellbeing and longevity,JOURNAL OF HEALTH ECONOMICS,2021,10.1016/j.jhealeco.2021.102432,4
Environmental sustainability and health outcomes: Do ICT diffusion and technological innovation matter?,INTERNATIONAL REVIEW OF ECONOMICS & FINANCE,2024,10.1016/j.iref.2023.09.007,15
Optimal longevity risk transfer under asymmetric information,ECONOMIC MODELLING,2023,10.1016/j.econmod.2022.106179,5
Simulating Lifetime Outcomes Associated with Complications for People with Type 1 Diabetes,PHARMACOECONOMICS,2013,10.1007/s40273-013-0047-4,10
"Unexpected longevity, intergenerational policies, and fertility",JOURNAL OF POPULATION ECONOMICS,2023,10.1007/s00148-023-00943-3,0
Does higher financial inclusion lead to better health outcomes? Evidence from developing and transitional economies,ECONOMICS OF TRANSITION AND INSTITUTIONAL CHANGE,2023,10.1111/ecot.12341,10
External Debt Distress in South Asia: Evidence from Panel Data Analysis,SOUTH ASIAN JOURNAL OF MACROECONOMICS AND PUBLIC FINANCE,2020,10.1177/2277978720966485,4
Biological Measures of Economic History,"ANNUAL REVIEW OF ECONOMICS, VOL 5",2013,10.1146/annurev-economics-080511-110912,17
How beneficent is the market? A look at the modern history of mortality,EUROPEAN REVIEW OF ECONOMIC HISTORY,1999,10.1017/S1361491699000131,112
Contribution of health workforce to health outcomes: empirical evidence from Vietnam,HUMAN RESOURCES FOR HEALTH,2016,10.1186/s12960-016-0165-0,21
Costs and Effects of Secondary Prevention with Perindopril in Stable Coronary Heart Disease in Poland An Analysis of the EUROPA Study Including 1251 Polish Patients,PHARMACOECONOMICS,2008,10.2165/00019053-200826100-00006,4
"Green transformation in China: Structures of endowment, investment, and employment",STRUCTURAL CHANGE AND ECONOMIC DYNAMICS,2020,10.1016/j.strueco.2020.04.005,24
"Population aging, the costs of health care for the elderly and growth",JOURNAL OF MACROECONOMICS,2005,10.1016/j.jmacro.2004.02.008,30
THE EFFECTS OF ECONOMIC VARIABLES ON HEALTH EXPENDITURE PER CAPITA AND LIFE EXPECTANCY AT BIRTH: PANEL DATA ANALYSIS FOR MIDDLE TOP INCOME COUNTRIES,JOURNAL OF MEHMET AKIF ERSOY UNIVERSITY ECONOMICS AND ADMINISTRATIVE,2021,10.30798/makuiibf.909994,3
FDI inflows and poverty reduction in Botswana: an empirical investigation,COGENT ECONOMICS & FINANCE,2018,10.1080/23322039.2018.1480302,18
"MORTALITY DECLINE, RETIREMENT AGE, AND AGGREGATE SAVINGS",MACROECONOMIC DYNAMICS,2016,10.1017/S136510051400056X,6
Dynamic allocation of kidneys to candidates on the transplant waiting list,OPERATIONS RESEARCH,2000,10.1287/opre.48.4.549.12418,105
"IN SEARCH OF GROWTH IN MEXICO, WHAT ABOUT SOCIAL CONVERGENCE?",PROBLEMAS DEL DESARROLLO,2023,10.22201/iiec.20078951e.2023.212.69912,0
Fairness of Public Pensions and Old-Age Poverty,FINANZARCHIV,2009,10.1628/001522109X477813,13
Cost-Effectiveness of Clopidogrel plus Aspirin versus Aspirin Alone for Secondary Prevention of Cardiovascular Events: Results from the CHARISMA Trial,VALUE IN HEALTH,2009,10.1111/j.1524-4733.2009.00529.x,27
Does economic growth cause energy intensity of well-being in the very long run? Semi-parametric evidence for selected OECD countries,ENERGY ECONOMICS,2024,10.1016/j.eneco.2024.107889,0
"Dynamics of Human Fertility, Environmental Pollution, and Socio-Economic Factors in Aral Sea Basin",ECONOMIES,2024,10.3390/economies12100272,0
Gender Disparity Index in European Former Communist States: Assessing the Influence of EU Membership,ADMINISTRATIVE SCIENCES,2024,10.3390/admsci14040073,1
"MAKING SOCIAL TRADE-OFFS AMONG LIVES, DISABILITIES, AND COST",JOURNAL OF RISK AND UNCERTAINTY,1994,10.1007/BF01064182,2
Eliciting Preferences to Inform Patient-Centred Policies: the Case of Psoriasis,PHARMACOECONOMICS,2014,10.1007/s40273-013-0126-6,31
On simulation-based approaches to risk measurement in mortality with specific reference to Poisson Lee-Carter modelling,INSURANCE MATHEMATICS & ECONOMICS,2008,10.1016/j.insmatheco.2007.08.009,60
Increasing the Public Pension Age: Employers' Concerns and Policy Preferences,WORK AGING AND RETIREMENT,2019,10.1093/workar/waz004,12
"Risk taking, behavioral biases and genes: Results from 149 active investors",JOURNAL OF BEHAVIORAL AND EXPERIMENTAL FINANCE,2015,10.1016/j.jbef.2015.04.002,21
"Total-employed longevity gap, pension fairness and public finance: Evidence from one of the oldest regions in EU",SOCIO-ECONOMIC PLANNING SCIENCES,2022,10.1016/j.seps.2021.101221,2
The natural resource curse and economic transition,ECONOMIC SYSTEMS,2011,10.1016/j.ecosys.2010.10.003,57
Life expectancy and the value of early detection,JOURNAL OF HEALTH ECONOMICS,2005,10.1016/j.jhealeco.2005.03.002,29
A Model-Based Estimate of the Cost-Effectiveness Threshold in Germany,APPLIED HEALTH ECONOMICS AND HEALTH POLICY,2023,10.1007/s40258-023-00803-x,5
Combining remaining life expectancy and time to death as a measure of old-age dependency related to health care needs,INTERNATIONAL JOURNAL OF HEALTH ECONOMICS AND MANAGEMENT,2023,10.1007/s10754-022-09328-7,1
Cost effectiveness of breast cancer screening and prevention: a systematic review with a focus on risk-adapted strategies,EUROPEAN JOURNAL OF HEALTH ECONOMICS,2021,10.1007/s10198-021-01338-5,17
Long-Term Cost-Effectiveness of Pioglitazone versus Placebo in Addition to Existing Diabetes Treatment: A US Analysis Based on PROactive,VALUE IN HEALTH,2009,10.1111/j.1524-4733.2008.00403.x,10
Does decrease in copying cost support copyright term extension?,INFORMATION ECONOMICS AND POLICY,2005,10.1016/j.infoecopol.2005.02.004,2
Health care expenditures and longevity: is there a Eubie Blake effect?,EUROPEAN JOURNAL OF HEALTH ECONOMICS,2015,10.1007/s10198-014-0564-x,37
Cost effectiveness of combination therapy with pioglitazone for type 2 diabetes mellitus from a German statutory healthcare perspective,PHARMACOECONOMICS,2004,10.2165/00019053-200422050-00006,20
"The effect of new cancer drug approvals on the life expectancy of American cancer patients, 1978-2004",ECONOMICS OF INNOVATION AND NEW TECHNOLOGY,2009,10.1080/10438590802547142,24
"Health economic implications of irbesartan treatment versus standard blood pressure control in patients with type 2 diabetes, hypertension and renal disease: a Hungarian analysis",EUROPEAN JOURNAL OF HEALTH ECONOMICS,2007,10.1007/s10198-006-0033-2,8
Macroeconomic Impacts of the Expansion of Social Services for Ageing Population of the Czech Republic,POLITICKA EKONOMIE,2018,10.18267/j.polek.1186,11
"Mortality risk, perception, and human capital investments: The legacy of landmines in Cambodia",LABOUR ECONOMICS,2022,10.1016/j.labeco.2022.102234,1
Ageing and health care expenditure in EU-15,EUROPEAN JOURNAL OF HEALTH ECONOMICS,2011,10.1007/s10198-010-0260-4,34
Cause-of-death mortality: What can be learned from population dynamics?,INSURANCE MATHEMATICS & ECONOMICS,2018,10.1016/j.insmatheco.2017.09.015,18
Coherent modeling of male and female mortality using Lee-Carter in a complex number framework,INSURANCE MATHEMATICS & ECONOMICS,2016,10.1016/j.insmatheco.2016.08.003,8
A quantitative comparison of simulation strategies for mortality projection,ANNALS OF ACTUARIAL SCIENCE,2014,10.1017/S1748499514000153,32
Government health spending and growth in a model of endogenous longevity,ECONOMICS LETTERS,2006,10.1016/j.econlet.2005.08.003,32
Estimation of Life Expectancy and the Expected Years of Life Lost in Patients with Major Cancers: Extrapolation of Survival Curves under High-Censored Rates,VALUE IN HEALTH,2008,10.1111/j.1524-4733.2008.00350.x,62
Pension Age Increase: Pro et Contra,ZHURNAL NOVAYA EKONOMICHESKAYA ASSOTSIATSIYA-JOURNAL OF THE NEW ECONOMIC,2010,,4
Health and economic growth: new evidence from a panel threshold model,COGENT ECONOMICS & FINANCE,2024,10.1080/23322039.2024.2331010,0
"Contribution of Pharmaceutical Innovation to Longevity Growth in Germany and France, 2001-7",PHARMACOECONOMICS,2012,10.2165/11587150-000000000-00000,21
Working Conditions and Mortality Risks Among Those Over the Age of 65: Findings From Germany,WORK AGING AND RETIREMENT,2022,10.1093/workar/waab013,2
"Funding health in developing countries: foreign aid, FDI, or personal remittances?",INTERNATIONAL JOURNAL OF SOCIAL ECONOMICS,2021,10.1108/IJSE-02-2021-0130,4
The case for life expectancy at age 60 as a prominent health indicator. A comparative analysis,NATIONAL ACCOUNTING REVIEW,2022,10.3934/NAR.2022022,1
"Climate, diseases, and the origins of corruption",ECONOMICS OF TRANSITION AND INSTITUTIONAL CHANGE,2021,10.1111/ecot.12293,6
Augmented human development in the age of globalization<SUP>†</SUP>,ECONOMIC HISTORY REVIEW,2021,10.1111/ehr.13064,15
REGIONAL DISPARITIES OF HUMAN DEVELOPMENT IN MOROCCO,REGION ET DEVELOPPEMENT,2013,,0
Environmental quality and health outcomes in sub-Saharan Africa- A panel econometric approach on the role of forest investment,COGENT ECONOMICS & FINANCE,2023,10.1080/23322039.2023.2269806,1
Passive modernization? The new human development index and its components in Italy's regions (1871-2007),EUROPEAN REVIEW OF ECONOMIC HISTORY,2015,10.1093/ereh/heu018,61
Pricing Longevity Bonds under a Credibility Framework with Limited Available Data,RISKS,2022,10.3390/risks10050096,0
Growth and distribution of Socio-Demographic and Economic Variables in India using Time Series Trend Models,INTERNATIONAL JOURNAL OF ECOLOGICAL ECONOMICS & STATISTICS,2022,,0
Mortality transition in the interwar Baltic states: findings from cross-country comparison of new life tables,SCANDINAVIAN ECONOMIC HISTORY REVIEW,2024,10.1080/03585522.2022.2106301,1
"Does demographic dividend yield economic dividend? India, a case study",ECONOMICS BULLETIN,2015,,2
"Gender Gaps in Wages and Mortality Rates During Industrialization: The Case of Alcoy, Spain, 1860-1914",FEMINIST ECONOMICS,2022,10.1080/13545701.2021.1983190,9
"Mortality, interest rates, investment, and agricultural production in 18th century England",EXPLORATIONS IN ECONOMIC HISTORY,2004,10.1016/j.eeh.2003.09.001,15
Impacts of health on economic growth: evidence from structural equation modelling,ASIA-PACIFIC JOURNAL OF REGIONAL SCIENCE,2021,10.1007/s41685-020-00182-4,6
COLLECTIVE ANNUITIES AND REDISTRIBUTION,JOURNAL OF PUBLIC ECONOMIC THEORY,2010,10.1111/j.1467-9779.2009.01445.x,18
XX &gt; XY?: The changing female advantage in life expectancy,JOURNAL OF HEALTH ECONOMICS,2019,10.1016/j.jhealeco.2019.102224,25
"A Generic Model for Follicular Lymphoma: Predicting Cost, Life Expectancy, and Quality-Adjusted-Life-Year Using UK Population-Based Observational Data",VALUE IN HEALTH,2018,10.1016/j.jval.2018.03.007,13
Asking for frequencies rather than percentages increases the validity of subjective probability measures: Evidence from subjective life expectancy,ECONOMICS LETTERS,2019,10.1016/j.econlet.2019.04.001,4
SURVIVING CREDIT MARKET COMPETITION,ECONOMIC INQUIRY,2014,10.1111/ecin.12033,5
"Uncertain lifetime, fertility and social security",JOURNAL OF POPULATION ECONOMICS,2001,10.1007/s001480000049,52
Do electoral institutions have an impact on population health?,PUBLIC CHOICE,2011,10.1007/s11127-010-9686-6,30
"Longevity, Fertility and Economic Growth: Do Environmental Factors Matter?",REVIEW OF DEVELOPMENT ECONOMICS,2017,10.1111/rode.12239,4
Aging faster in office? the effect of extended service in political office on longevity,APPLIED ECONOMICS LETTERS,2016,10.1080/13504851.2015.1083936,3
Cost-effectiveness of pembrolizumab in combination with chemotherapy in the 1st line treatment of non-squamous NSCLC in the US,JOURNAL OF MEDICAL ECONOMICS,2018,10.1080/13696998.2018.1521416,75
On the impact of low interest rates on common withdrawal rules in old age,EUROPEAN JOURNAL OF FINANCE,2023,10.1080/1351847X.2022.2097886,2
Death and taxes: their implications for endogenous growth,ECONOMICS LETTERS,1999,10.1016/S0165-1765(98)00250-X,22
Life Expectancy and Lifetime Health Care Expenditures for Type 1 Diabetes: A Nationwide Longitudinal Cohort of Incident Cases Followed for 14 Years,VALUE IN HEALTH,2016,10.1016/j.jval.2016.05.017,17
The economics of longevity-An introduction,JOURNAL OF THE ECONOMICS OF AGEING,2023,10.1016/j.jeoa.2022.100439,8
Gross national happiness as an answer to the Easterlin Paradox?,JOURNAL OF DEVELOPMENT ECONOMICS,2008,10.1016/j.jdeveco.2007.06.008,200
The future of the elderly population health status: Filling a knowledge gap,HEALTH ECONOMICS,2021,10.1002/hec.4258,19
EFFECTS OF INEQUALITIES IN ACCESS TO HEALTH SERVICES IN RURAL AREAS IN POLAND,MANAGEMENT THEORY AND STUDIES FOR RURAL BUSINESS AND INFRASTRUCTURE,2013,,6
"State of the ""life span revolution"" between 1980 and 2000",JOURNAL OF DEVELOPMENT ECONOMICS,2006,10.1016/j.jdeveco.2005.02.003,14
FDI AND POVERTY REDUCTION IN BOTSWANA: A MULTIVARIATE CAUSALITY TEST,ECONOMICS & SOCIOLOGY,2019,10.14254/2071-789X.2019/12-3/4,3
Reevaluating the Evidence for Intensive Postoperative Extracolonic Surveillance for Nonmetastatic Colorectal Cancer,VALUE IN HEALTH,2022,10.1016/j.jval.2021.07.017,0
On the fiscal strategies of escaping poverty-environment traps towards sustainable growth,JOURNAL OF MACROECONOMICS,2018,10.1016/j.jmacro.2017.10.007,16
HBeAg-negative chronic hepatitis B: Cost-effectiveness of peginterferon alfa-2a compared to lamivudine in Taiwan,VALUE IN HEALTH,2008,10.1111/j.1524-4733.2007.00221.x,15
"Finite horizons, human wealth, and the risk-free rate puzzle",ECONOMICS LETTERS,2004,10.1016/j.econlet.2004.04.014,1
An Optimistic Perspective on Population Ageing and Old-Age Financial Protection,MALAYSIAN JOURNAL OF ECONOMIC STUDIES,2013,,4
Coherent Pricing of Life Settlements Under Asymmetric Information,JOURNAL OF RISK AND INSURANCE,2013,10.1111/j.1539-6975.2013.12010.x,15
Evaluating the potential 'economic attractiveness' of new therapies in patients with non-ST elevation acute coronary syndrome,PHARMACOECONOMICS,2000,10.2165/00019053-200017030-00004,8
Potential Gains in Health-Adjusted Life Expectancy by Reducing Burden of Noncommunicable Diseases in 188 Countries: A Population-Based Study,VALUE IN HEALTH,2023,10.1016/j.jval.2022.12.008,4
The Jewish Advantage and Household Security: Life Expectancy among 19th Century Sephardim of Gibraltar,ECONOMICS & HUMAN BIOLOGY,2013,10.1016/j.ehb.2012.02.006,7
A Trend-Change Extension of the Cairns-Blake-Dowd Model,ANNALS OF ACTUARIAL SCIENCE,2011,10.1017/S1748499511000017,33
Estimating a health production function for the US: some new evidence,APPLIED ECONOMICS,2002,10.1080/00036840010025650,77
Snuff the puff: international evidence on the determinants of anti-smoking laws,APPLIED ECONOMICS LETTERS,2009,10.1080/13504850701537690,3
Determinants of Life Insurance Consumption in OECD Countries Using FMOLS and DOLS Techniques,RISKS,2024,10.3390/risks12020035,1
The diffusion of health technologies: Cultural and biological divergence,EUROPEAN ECONOMIC REVIEW,2013,10.1016/j.euroecorev.2013.08.001,7
Does Institutional Quality Enhance the Effect of Health Outcomes on Economic Growth? Insights from Sub-Saharan African Countries,ECONOMIES,2024,10.3390/economies12110308,0
How do subjective mortality beliefs affect the value of social security and the optimal claiming ages?,INTERNATIONAL STUDIES OF ECONOMICS,2024,10.1002/ise3.69,0
Measuring Human Development in the MENA Region,EMERGING MARKETS FINANCE AND TRADE,2015,10.1080/1540496X.2015.1080517,16
INEQUALITY OF INCOMES AND LIFE-SPANS IN ENGLAND SINCE 1688,ECONOMIC HISTORY REVIEW,1994,,9
A Multigene Test Could Cost-Effectively Help Extend Life Expectancy for Women at Risk of Hereditary Breast Cancer,VALUE IN HEALTH,2017,10.1016/j.jval.2017.01.006,37
Cost-effectiveness of pembrolizumab plus chemotherapy versus chemotherapy and pembrolizumab monotherapy in first line treatment of NSCLC in the US - updated analyses with additional trial follow-up,JOURNAL OF MEDICAL ECONOMICS,2021,10.1080/13696998.2021.1937188,5
The effects of competition outcomes on health: Evidence from the lifespans of US Olympic medalists,ECONOMICS & HUMAN BIOLOGY,2018,10.1016/j.ehb.2018.10.001,8
An automatic-democratic approach to weight setting for the new human development index,JOURNAL OF POPULATION ECONOMICS,2013,10.1007/s00148-012-0432-x,42
Mortality Forecasting Using Neural Networks and an Application to Cause-Specific Data for Insurance Purposes,JOURNAL OF FORECASTING,2009,10.1002/for.1111,6
The mortality risk of being overweight in the twentieth century: Evidence from two cohorts of New Zealand men,EXPLORATIONS IN ECONOMIC HISTORY,2022,10.1016/j.eeh.2022.101472,1
Killing off cohorts: Forecasting mortality of non-extinct cohorts with the penalized composite link model,INTERNATIONAL JOURNAL OF FORECASTING,2021,10.1016/j.ijforecast.2020.03.003,7
Determinants of employees provident fund in Malaysia: Potential factors to jeopardize the EPF sustainability,BUSINESS AND ECONOMIC HORIZONS,2018,10.15208/beh.2018.3,1
"EMPIRICAL ANALYSIS OF RENEWABLE ENERGY CONSUMPTION, ENVIRONMENTAL POLLUTION AND OFFICIAL DEVELOPMENT ASSISTANCE IMPACT ON HUMAN DEVELOPMENT: EVIDENCE FROM OECD COUNTRIES",INTERNATIONAL JOURNAL OF ECONOMICS MANAGEMENT AND ACCOUNTING,2022,,1
Does health quality affect tourism? Evidence from system GMM estimates,ECONOMIC ANALYSIS AND POLICY,2022,10.1016/j.eap.2021.12.007,40
The effects of longevity and distortions on education and retirement,REVIEW OF ECONOMIC DYNAMICS,2007,10.1016/j.red.2007.01.003,17
Characterizing Heterogeneity Bias in Cohort-Based Models,PHARMACOECONOMICS,2015,10.1007/s40273-015-0273-z,5
An Empirical Study of the Effects of Demographic Factors on Economic Growth in Advanced and Developing Countries,COMPARATIVE ECONOMIC RESEARCH-CENTRAL AND EASTERN EUROPE,2020,10.18778/1508-2008.23.27,6
Demographic changes and the housing market,REGIONAL SCIENCE AND URBAN ECONOMICS,2022,10.1016/j.regsciurbeco.2021.103734,8
"Backcasting Mortality in England and Wales, 1600-1840",NORTH AMERICAN ACTUARIAL JOURNAL,2022,10.1080/10920277.2020.1853574,1
INEQUALITY BEYOND GDP: A LONG VIEW,REVIEW OF INCOME AND WEALTH,2023,10.1111/roiw.12593,0
The value of medical and pharmaceutical interventions for reducing obesity,JOURNAL OF HEALTH ECONOMICS,2012,10.1016/j.jhealeco.2012.04.006,21
Assessing mortality inequality in the US: What can be said about the future?,INSURANCE MATHEMATICS & ECONOMICS,2021,10.1016/j.insmatheco.2021.03.014,7
Cultural tourism and sustainable developement,ROMANIAN JOURNAL OF ECONOMIC FORECASTING,2007,,4
Extrapolating the Value Per Statistical Life Between Populations: Theoretical Implications,JOURNAL OF BENEFIT-COST ANALYSIS,2017,10.1017/bca.2017.13,20
Immigration and PAYG pension systems in the presence of increasing life expectancy,ECONOMICS LETTERS,2018,10.1016/j.econlet.2017.10.024,2
A SECOND LOOK AT PHARMACEUTICAL SPENDING AS DETERMINANTS OF HEALTH OUTCOMES IN CANADA,HEALTH ECONOMICS,2012,10.1002/hec.1415,12
Use of the Internet for willingness-to-pay surveys A comparison of face-to-face and web-based interviews,RESOURCE AND ENERGY ECONOMICS,2011,10.1016/j.reseneeco.2010.01.006,109
Health-care Reform in China,CHINESE ECONOMY,2010,10.2753/CES1097-1475430302,7
Mortality versus morbidity in the demographic transition,EUROPEAN ECONOMIC REVIEW,2014,10.1016/j.euroecorev.2014.06.011,20
French Retirement Reforms and Intragenerational Equity in Retirement Duration,ECONOMIST-NETHERLANDS,2013,10.1007/s10645-013-9212-6,3
"The impact of corruption on Environmental, Social and Corporate Governance (ESG) based on European Union countries.",EKONOMIA I PRAWO-ECONOMICS AND LAW,2024,10.12775/EiP.2024.019,0
Gender Disparities in Post-Conflict Societies: A Cross-National Analysis,FEMINIST ECONOMICS,2021,10.1080/13545701.2021.1901128,2
COMMON STOCHASTIC TRENDS IN EUROPEAN MORTALITY LEVELS: TESTING AND CONSEQUENCES FOR MODELING LONGEVITY RISK IN INSURANCE,ROMANIAN JOURNAL OF ECONOMIC FORECASTING,2016,,2
"Priority Preferences: ""End of Life"" Does Not Matter, But Total Life Does",VALUE IN HEALTH,2013,10.1016/j.jval.2013.06.002,38
Joint life care annuities to help retired couples to finance the cost of long-term care,INSURANCE MATHEMATICS & ECONOMICS,2023,10.1016/j.insmatheco.2023.08.002,3
A Consequence of Social Entrepreneurial Intent: The Good Life,JOURNAL OF ENTREPRENEURSHIP,2024,10.1177/09713557241255403,0
Semi-parametric regression models and economies of scale in the presence of an endogenous variable,REGIONAL SCIENCE AND URBAN ECONOMICS,2014,10.1016/j.regsciurbeco.2014.10.002,3
Double-sided competition for the German health care market,JAHRBUCHER FUR NATIONALOKONOMIE UND STATISTIK,2007,,2
Grey new world: Europe on the road to gerontocracy?,CESIFO ECONOMIC STUDIES,2008,10.1093/cesifo/ifn005,7
A welfare analysis of social security in a dynastic framework,INTERNATIONAL ECONOMIC REVIEW,2003,10.1111/1468-2354.t01-1-00108,53
Policies to stimulate growth: should we invest in health or education?,APPLIED ECONOMICS,2002,10.1080/00036840110115109,43
"Farm settlement with imperfect capital markets: a life-cycle application to Upper Canada, 1826-1851",CANADIAN JOURNAL OF ECONOMICS-REVUE CANADIENNE D ECONOMIQUE,2001,10.1111/0008-4085.00069,14
Econometric Assessment of Social Indicators' Influence on the Regional Economic Growth Dynamics (Case Study of the Subjects of the Volga Federal District),ECONOMIC AND SOCIAL CHANGES-FACTS TRENDS FORECAST,2020,10.15838/esc.2020.2.68.4,1
Health improvements impact income inequality,JOURNAL OF THE ECONOMICS OF AGEING,2022,10.1016/j.jeoa.2022.100385,2
When do smokers 'underestimate' smoking related mortality risks?,APPLIED ECONOMICS LETTERS,2005,10.1080/13504850500190279,6
The effects of aging on notional defined contribution pension systems: A theoretical investigation,METROECONOMICA,2018,10.1111/meca.12191,2
Decomposition of Quality-Adjusted Life Expectancy Inequalities by Mortality and Health-Related Quality of Life Dimensions,PHARMACOECONOMICS,2023,10.1007/s40273-023-01264-9,8
Gender longevity gap and socioeconomic indicators in developed countries,INTERNATIONAL JOURNAL OF SOCIAL ECONOMICS,2019,10.1108/IJSE-02-2019-0082,3
"Health investment, saving, and public policy",CANADIAN JOURNAL OF ECONOMICS-REVUE CANADIENNE D ECONOMIQUE,2006,10.1111/j.0008-4085.2006.00339.x,18
"A critique of the paper by Kanabar, R. and Simmons, P. (2016), <i>'To defer or not to defer? UK state pension and work decisions in a lifecycle model'</i>, Applied Economics, 48, 58, 5699-5716",APPLIED ECONOMICS,2018,10.1080/00036846.2018.1490003,0
Missing Poor in the US,JOURNAL OF ECONOMIC INEQUALITY,2024,10.1007/s10888-024-09625-w,0
Does Rising Income Inequality Reduce Life Expectancy? New Evidence for 26 European Countries (1995-2014),GLOBAL ECONOMIC REVIEW,2018,10.1080/1226508X.2018.1526098,8
Human development effects of large changes in food prices: Does openness policy matter?,JOURNAL OF INTERNATIONAL TRADE & ECONOMIC DEVELOPMENT,2015,10.1080/09638199.2014.939694,1
The agrarian food consumption in Ukraine and its association with socio-demographic indicators of human development,ECONOMIC ANNALS-XXI,2019,10.21003/ea.V175-08,4
GYM ACCESS: PROPOSAL OF A SYNTHETIC VARIABLE IN THE FIGHT AGAINST NON-COMMUNICABLE CHRONIC DISEASES,RISUS-JOURNAL ON INNOVATION AND SUSTAINABILITY,2022,10.23925/2179-3565.2022v13i4p68-82,0
Innis Lecture: The time of your life: The mortality and longevity of Canadians,CANADIAN JOURNAL OF ECONOMICS-REVUE CANADIENNE D ECONOMIQUE,2024,10.1111/caje.12738,0
Long-term cost-effectiveness of quality of diabetes care; experiences from private and public diabetes centers in Iran,HEALTH ECONOMICS REVIEW,2022,10.1186/s13561-022-00377-9,3
Examining the impact of mortality improvements on the attractiveness of annuity products: A focus on the mortality drag,ECONOMICS LETTERS,2024,10.1016/j.econlet.2024.111892,0
Economic and social impacts of conflict: A cross-country analysis,ECONOMIC MODELLING,2022,10.1016/j.econmod.2022.105980,22
How are the international capital flows of rapidly aging countries affected by the elderly working longer?,ECONOMIC MODELLING,2021,10.1016/j.econmod.2020.11.003,1
"Ageing, health, and health care",OXFORD REVIEW OF ECONOMIC POLICY,2010,10.1093/oxrep/grq032,77
The impact of adult and non-adult mortality on development: Two centuries evidence from a panel of industrial countries,JOURNAL OF POLICY MODELING,2019,10.1016/j.jpolmod.2019.02.008,11
"Demographic change, PAYG pensions and child policies",JOURNAL OF PENSION ECONOMICS & FINANCE,2018,10.1017/S1474747216000299,8
An economic evaluation of the war on cancer,JOURNAL OF HEALTH ECONOMICS,2010,10.1016/j.jhealeco.2010.02.006,52
Inclusive economic growth and international trade in Peru 2000-2021,SUMA DE NEGOCIOS,2023,10.14349/sumneg/2023.V14.N30.A5,0
Demographic structure and growth: The effect of unfunded social security,ECONOMICS LETTERS,2008,10.1016/j.econlet.2008.02.024,4
The Black-white lifetime earnings gap,EXPLORATIONS IN ECONOMIC HISTORY,2024,10.1016/j.eeh.2024.101629,0
Does remittance inflow influence human development in south Asian countries? An empirical insight,BUSINESS STRATEGY AND DEVELOPMENT,2020,10.1002/bsd2.123,7
Mortality in the US by education level,ANNALS OF ACTUARIAL SCIENCE,2020,10.1017/S1748499520000044,5
A rational choice theory of midlife crises,ECONOMICS BULLETIN,2012,,0
Air pollution and infant mortality: Evidence from China,ECONOMICS & HUMAN BIOLOGY,2023,10.1016/j.ehb.2023.101229,11
Pension policies in a model with endogenous fertility,JOURNAL OF PENSION ECONOMICS & FINANCE,2020,10.1017/S1474747218000148,12
"Child labour, human capital and life expectancy",ECONOMICS BULLETIN,2015,,1
THE IMPACT OF CORRUPTION ON THE PERFORMANCE MANAGEMENT OF EUROPEAN HEALTH SYSTEMS,MANAGEMENT RESEARCH AND PRACTICE,2016,,2
Health and political regimes: Evidence from quantile regression,ECONOMIC SYSTEMS,2018,10.1016/j.ecosys.2017.06.003,8
Health inequalities in the European Union: an empirical analysis of the dynamics of regional differences,EUROPEAN JOURNAL OF HEALTH ECONOMICS,2015,10.1007/s10198-014-0609-1,26
Determinants of Active Longevity: Results of a Survey of Vologda Long-Livers,Economic and Social Changes-Facts Trends Forecast,2016,10.15838/esc/2016.5.47.4,1
Smoking risks in Spain:: Part II -: Perceptions of environmental tobacco smoke externalities,JOURNAL OF RISK AND UNCERTAINTY,2000,10.1023/A:1007859307096,19
Do the Russians really save that much? Alternate estimates from the Russian Longitudinal Monitoring Survey,REVIEW OF ECONOMICS AND STATISTICS,1999,10.1162/003465399558418,17
DATA-BASE FOR DEVELOPMENT ANALYSIS - AN OVERVIEW,JOURNAL OF DEVELOPMENT ECONOMICS,1994,10.1016/0304-3878(94)00003-4,61
A cost-utility analysis of prolonged-release tacrolimus relative to immediate-release tacrolimus and ciclosporin in liver transplant recipients in the UK,JOURNAL OF MEDICAL ECONOMICS,2016,10.1080/13696998.2016.1189921,6
Shaping intergenerational relationships: the demonstration effect,ECONOMICS LETTERS,2000,10.1016/S0165-1765(00)00247-0,10
Corruption costs lives: evidence from a cross-country study,EUROPEAN JOURNAL OF HEALTH ECONOMICS,2018,10.1007/s10198-017-0872-z,33
"WORK, MONEY, LIFESTYLE: <i>Plans of Australian retirees</i>",JASSA-THE FINSIA JOURNAL OF APPLIED FINANCE,2013,,4
The death effect in art prices: evidence from Denmark,APPLIED ECONOMICS,2008,10.1080/00036840600905191,13
The distribution of pension wealth in Europe,JOURNAL OF THE ECONOMICS OF AGEING,2019,10.1016/j.jeoa.2018.06.001,8
Co-movement between the convergence of economic and health status in Central and Eastern Europe,ACTA OECONOMICA,2022,10.1556/032.2022.00026,0
The Age of Milton Friedman,JOURNAL OF ECONOMIC LITERATURE,2009,10.1257/jel.47.1.123,59
"Working, consuming, and dying: Quantifying the diversity in the american experience",JOURNAL OF ECONOMIC DYNAMICS & CONTROL,2022,10.1016/j.jedc.2022.104357,2
Valuation of symptomatic hepatitis A in adults - Estimates based on time trade-off and willingness-to-pay measurement,PHARMACOECONOMICS,2002,10.2165/00019053-200220110-00003,23
OPTIMAL RETIREMENT AGEIN THE RGPS: AN ANALYSIS UNDER THE PERSPECTIVE OF THE EXPECTED FUTURE BENEFITS MAXIMIZATION,REVISTA EVIDENCIACAO CONTABIL & FINANCAS,2016,10.18405/recfin20160306,0
A model with self-fulfilling prophecies of longevity,ECONOMICS LETTERS,2006,10.1016/j.econlet.2005.11.008,7
"Gender equality, economic growth, and poverty in Côte d'Ivoire: A quantitative analysis",STRUCTURAL CHANGE AND ECONOMIC DYNAMICS,2024,10.1016/j.strueco.2023.10.008,1
Is Trade Good for Your Health?,REVIEW OF INTERNATIONAL ECONOMICS,2007,10.1111/j.1467-9396.2007.00677.x,94
"On the dynamics of the age structure, dependency, and consumption",JOURNAL OF POPULATION ECONOMICS,2012,10.1007/s00148-011-0372-x,46
Supplying safe water in Bangladesh: A policy model based on multi-objective mixed integer programming,PAPERS IN REGIONAL SCIENCE,2007,10.1111/j.1435-5957.2007.00114.x,3
"FEATURES OF THE PENSION SYSTEM, THE IMPACT ON THE LEVEL, QUALITY, AND LIFE EXPECTANCY",INTERNATIONAL REVIEW,2019,,0
Degradation modelling and life expectancy using Markov chain model for carriageway,INTERNATIONAL JOURNAL OF QUALITY & RELIABILITY MANAGEMENT,2018,10.1108/IJQRM-06-2017-0116,7
Utility Values Associated with Atypical Hemolytic Uremic Syndrome-Related Attributes: A Discrete Choice Experiment in Five Countries,PHARMACOECONOMICS,2021,10.1007/s40273-021-01059-w,5
"The Human Development Index, 1870-1999: Some revised estimates",EUROPEAN REVIEW OF ECONOMIC HISTORY,2002,10.1017/S1361491602000187,49
Does adult height predict later mortality?: Comparative evidence from the <i>Early Indicators</i> samples in the United States,ECONOMICS & HUMAN BIOLOGY,2019,10.1016/j.ehb.2019.05.004,5
"Population norms for quality adjusted life years for the United States of America, China, the United Kingdom and Australia",HEALTH ECONOMICS,2021,10.1002/hec.4281,13
Clinical Effectiveness and Cost Effectiveness of Tailoring Chronic Hepatitis C Treatment with Peginterferon Alpha-2b Plus Ribavirin to HCV Genotype and Early Viral Response A Decision Analysis Based on German Guidelines,PHARMACOECONOMICS,2009,10.2165/00019053-200927040-00006,20
STUDY OF THE MITIGATION MECHANISMS OF THE LONGEVITY RISK IN INSURANCE AND PENSIONS,ANALES DEL INSTITUTO DE ACTUARIOS ESPANOLES,2023,10.26360/2023_4,0
THE AGEING OF THE POPULATION IN DEVELOPED COUNTRIES - THE ECONOMIC CONSEQUENCES IN THE CZECH REPUBLIC,ECONOMICS & SOCIOLOGY,2016,10.14254/2071-789X.2016/9-2/14,11
The historical development of mortality in Mecklenburg-Schwerin in the 19th century,HISTORICAL SOCIAL RESEARCH-HISTORISCHE SOZIALFORSCHUNG,2011,,0
Accounting for the Widening Mortality Gap between American Adults with and without a BA,BROOKINGS PAPERS ON ECONOMIC ACTIVITY,2023,10.1353/eca.2023.a935412,1
Calibration of Transition Intensities for a Multistate Model: Application to Long-Term Care,RISKS,2021,10.3390/risks9020037,5
"A comment on ""Height and the standard of living in Puerto Rico from the Spanish Enlightenment to annexation by the United States, 1770-1924""",ECONOMICS & HUMAN BIOLOGY,2024,10.1016/j.ehb.2024.101376,0
"Mortality, Health, and Marriage: A Study Based on Taiwan's Population Data",NORTH AMERICAN ACTUARIAL JOURNAL,2015,10.1080/10920277.2015.1019518,2
What Longevity Predictors Should Be Allowed for When Valuing Pension Scheme Liabilities?,BRITISH ACTUARIAL JOURNAL,2011,10.1017/S1357321711000018,17
HOW DO GENDER INEQUALITIES IN HEALTH RELATE TO THE COMPETITIVENESS OF DEVELOPED COUNTRIES? AN EMPIRICAL STUDY,JOURNAL OF COMPETITIVENESS,2020,10.7441/joc.2020.03.06,7
Is there a meaningful definition of the value of a statistical life?,JOURNAL OF HEALTH ECONOMICS,2001,10.1016/S0167-6296(00)00073-4,31
Trends in scrappage and survival of US light-duty vehicles,TRANSPORTATION RESEARCH PART A-POLICY AND PRACTICE,2024,10.1016/j.tra.2024.103982,2
TEMPORAL EVOLUTION OF MORTALITY INDICATORS: APPLICATION TO SPANISH DATA,NORTH AMERICAN ACTUARIAL JOURNAL,2012,10.1080/10920277.2012.10590647,5
The Social Mortality Gradient and Social Mobility: New Insights from Early Scottish Chartered Accountants,ACCOUNTING REVIEW,2024,10.2308/TAR-2018-0415,0
How Effective Is Foreign Aid at Improving Health Outcomes in Recipient Countries?,ATLANTIC ECONOMIC JOURNAL,2019,10.1007/s11293-019-09645-2,6
Does population ageing affect savings in Europe?,JOURNAL OF POLICY MODELING,2020,10.1016/j.jpolmod.2019.07.009,19
Late marriage as a contributor to the industrial revolution in England,ECONOMIC HISTORY REVIEW,2018,10.1111/ehr.12651,27
Modelling mortality: are we heading in the right direction?,APPLIED ECONOMICS,2017,10.1080/00036846.2016.1192278,3
Understanding preference for egalitarian policies in health: are age and sex determinants?,APPLIED ECONOMICS,2008,10.1080/00036840600993940,10
Distributional consequences of including survivor costs in economic evaluations distributional consequences of survivor costs in economic evaluations,HEALTH ECONOMICS,2021,10.1002/hec.4401,2
When should functional neuroimaging techniques be used in the diagnosis and management of Alzheimer's dementia? A decision analysis,VALUE IN HEALTH,2003,10.1046/j.1524-4733.2003.65248.x,14
Dynamic Versus Static Modeling of Mortality-Related Benefits of PM<sub>2.5</sub> Reductions in the USA and Chile: 1990 to 2050,JOURNAL OF BENEFIT-COST ANALYSIS,2022,10.1017/bca.2022.5,2
THE ABILITY OF OLDER WORKERS WITH IMPAIRMENTS TO ADAPT TO NEW JOBS: CHANGING THE AGE CRITERIA FOR SOCIAL SECURITY DISABILITY INSURANCE,JOURNAL OF POLICY ANALYSIS AND MANAGEMENT,2019,10.1002/pam.22134,1
"The burden of coronary, cerebrovascular and peripheral arterial disease",PHARMACOECONOMICS,2004,10.2165/00019053-200422004-00004,44
An Empirical Study on Stochastic Mortality Modelling under the Age-Period-Cohort Framework: The Case of Greece with Applications to Insurance Pricing,RISKS,2018,10.3390/risks6020044,11
The nexus of aging in family businesses Decision-making models on preferring a suitable successor,JOURNAL OF ORGANIZATIONAL CHANGE MANAGEMENT,2021,10.1108/JOCM-05-2019-0140,2
Identifying covariates of population health using extreme bound analysis,EUROPEAN JOURNAL OF HEALTH ECONOMICS,2014,10.1007/s10198-013-0492-1,11
IMPROVING HUMAN DEVELOPMENT: A LONG-RUN VIEW,JOURNAL OF ECONOMIC SURVEYS,2010,10.1111/j.1467-6419.2010.00639.x,21
Health Selection and the Effect of Smoking on Mortality,SCANDINAVIAN JOURNAL OF ECONOMICS,2013,10.1111/sjoe.12004,9
"Health, education, and life cycle savings in the development process",ECONOMIC INQUIRY,2007,10.1111/j.1465-7295.2007.00020.x,11
The influence of remittances on education and health outcomes: a cross country study,APPLIED ECONOMICS,2012,10.1080/00036846.2011.593499,84
Stratification: An Entropic View of Society's Structure,WORLD,2021,10.3390/world2020011,8
Bring technology home and stay healthy: The role of fourth industrial revolution and technology in improving the efficacy of health care spending,TECHNOLOGICAL FORECASTING AND SOCIAL CHANGE,2021,10.1016/j.techfore.2020.120556,2
"Urbanization, human capital, and cross-country productivity differences",ECONOMICS LETTERS,2012,10.1016/j.econlet.2012.04.072,42
TRENDS IN AUSTRALIAN LIVING STANDARDS SINCE 1890,AUSTRALIAN ECONOMIC HISTORY REVIEW,1992,10.1111/aehr.321002,8
Why the West got Rich Before Other Countries and Why China is Catching Up With the West Today? New Answer to the Old Question,ZHURNAL NOVAYA EKONOMICHESKAYA ASSOTSIATSIYA-JOURNAL OF THE NEW ECONOMIC,2012,,6
The Social Effects Of The Economic Transformation In India (An Attempt At Measurement and Evaluation),COMPARATIVE ECONOMIC RESEARCH-CENTRAL AND EASTERN EUROPE,2017,10.1515/cer-2017-0007,0
"Resource Rents, Human Development and Economic Growth in Sudan",ECONOMIES,2020,10.3390/economies8040099,38
Eliciting Subjective Survival Curves: Lessons from Partial Identification,JOURNAL OF BUSINESS & ECONOMIC STATISTICS,2018,10.1080/07350015.2016.1213635,5
The value of the rent control option,JOURNAL OF REAL ESTATE FINANCE AND ECONOMICS,2002,10.1023/A:1013982321571,0
Pension Policy and Population Ageing,ZHURNAL NOVAYA EKONOMICHESKAYA ASSOTSIATSIYA-JOURNAL OF THE NEW ECONOMIC,2019,10.31737/2221-2264-2019-42-2-10,1
Are We Finally Winning the War on Cancer?,JOURNAL OF ECONOMIC PERSPECTIVES,2008,10.1257/jep.22.4.3,73
"Aging, Pensions, and Growth",FINANZARCHIV,2017,10.1628/001522117X14877521353519,2
The effects of a continuous increase in lifetime on saving,REVIEW OF INCOME AND WEALTH,2003,,10
"Exporting, Abatement, and Firm-Level Emissions: Evidence from China's Accession to the WTO",REVIEW OF ECONOMICS AND STATISTICS,2024,10.1162/rest_a_01194,3
The Money's Worth of annuities in the UK between 2006 and 2014,JOURNAL OF THE ECONOMICS OF AGEING,2017,10.1016/j.jeoa.2016.10.002,5
Computing the internal rate of return of public mandatory pensions with a dynamic microsimulation model,REVUE ECONOMIQUE,2000,,1
Education and health in an effective-labour empirical growth model,ECONOMIC RECORD,1997,10.1111/j.1475-4932.1997.tb01005.x,68
THE ECONOMICS OF TREATING OBESITY,PHARMACOECONOMICS,1994,10.2165/00019053-199400051-00014,13
Smoking risks in Spain:: Part I -: Perception of risks to the smoker,JOURNAL OF RISK AND UNCERTAINTY,2000,10.1023/A:1007807323025,34
ORGANIZATIONAL AND ECONOMIC FUNDAMENTALS OF DEVELOPMENT OF SPORTS TOURISM IN THE SYSTEM OF MANAGEMENT OF SPORTS AND HEALTH ACTIVITIES,BALTIC JOURNAL OF ECONOMIC STUDIES,2019,10.30525/2256-0742/2019-5-5-79-83,5
Determinants Of Healthy Ageing For Older People In European Countries - A Spatio-Temporal Approach,COMPARATIVE ECONOMIC RESEARCH-CENTRAL AND EASTERN EUROPE,2016,10.1515/cer-2016-0043,5
Differential Returns by Year of Retirement under the Canada Pension Plan,CANADIAN PUBLIC POLICY-ANALYSE DE POLITIQUES,2014,10.3138/cpp.2012-096,1
Healthcare Costs and Obesity Prevention Drug Costs and Other Sector-Specific Consequences,PHARMACOECONOMICS,2009,10.2165/11319900-000000000-00000,12
Why do we postpone annuity purchases?,JOURNAL OF MATHEMATICAL ECONOMICS,2021,10.1016/j.jmateco.2021.102500,0
"Estimating Returns to Higher Education: A Survey of Models, Methods and Empirical Evidence",JOURNAL OF AFRICAN ECONOMIES,2011,10.1093/jae/ejr021,7
Adding Shocks to a Prospective Mortality Model,RISKS,2024,10.3390/risks12030057,0
"Automation, fertility, and labor share in an aging, overlapping generations economy",ECONOMICS BULLETIN,2022,,0
EFFECTS OF ENERGY USE ON SOCIOECONOMIC PREDICTORS IN AFRICA: SYNTHESIZING EVIDENCE,STUDIA UNIVERSITATIS VASILE GOLDIS ARAD SERIA STIINTE ECONOMICE,2019,10.2478/sues-2019-0016,9
LOOKING TOWARDS 2030: A NEW WORLD COMING INTO FOCUS,ECONOMIC AFFAIRS,2012,10.1111/j.1468-0270.2011.02123.x,4
Understanding the relationship between effectiveness and outcome indicators to improve quality in healthcare,TOTAL QUALITY MANAGEMENT & BUSINESS EXCELLENCE,2018,10.1080/14783363.2016.1253467,19
The time horizon matters: results of an exploratory study varying the timeframe in time trade-off and standard gamble utility elicitation,EUROPEAN JOURNAL OF HEALTH ECONOMICS,2016,10.1007/s10198-015-0740-7,18
Considerations on State Pension Age in the United Kingdom,BRITISH ACTUARIAL JOURNAL,2016,10.1017/S1357321715000069,7
Changing Dimensions of Women Status in Punjab,INDIAN JOURNAL OF ECONOMICS AND DEVELOPMENT,2018,10.5958/2322-0430.2018.00096.3,0
A semiparametric panel approach to mortality modeling,INSURANCE MATHEMATICS & ECONOMICS,2015,10.1016/j.insmatheco.2015.02.002,21
Poverty and green economy in South Africa: What is the nexus?,COGENT ECONOMICS & FINANCE,2019,10.1080/23322039.2019.1646847,18
'MENTAL HEALTH AND EMPLOYMENT OF THE ELDERLY IN TAIWAN: A SIMULTANEOUS EQUATION APPROACH,PACIFIC ECONOMIC REVIEW,2011,10.1111/j.1468-0106.2011.00560.x,7
Willingness to pay for mortality risk reductions: Does latency matter?,JOURNAL OF RISK AND UNCERTAINTY,2006,10.1007/s11166-006-9521-0,43
The life cycle of daily newspapers in the Netherlands: 1848-1997,ECONOMIST,1998,10.1023/A:1003295711540,3
The cardiovascular revolution and economic performance in the OECD countries,JOURNAL OF MACROECONOMICS,2016,10.1016/j.jmacro.2016.09.005,3
On the Watts multidimensional poverty index and its decomposition,WORLD DEVELOPMENT,2008,10.1016/j.worlddev.2007.10.003,41
"Education, Industry 4.0 and Earnings: Evidence from Provincial-Level Data of Vietnam",JOURNAL OF ASIAN FINANCE ECONOMICS AND BUSINESS,2021,10.13106/jafeb.2021.vol8.no2.0675,2
Altruism and four shades of family relationships,EURASIAN ECONOMIC REVIEW,2015,10.1007/s40822-015-0027-4,2
"LONGEVITY, WORKING LIVES, AND PUBLIC FINANCES",CONTEMPORARY ECONOMIC POLICY,2018,10.1111/coep.12262,4
Gender Issues in an Ageing Society,AUSTRALIAN ECONOMIC REVIEW,2016,10.1111/1467-8462.12188,5
Altruism and the demand for environmental quality,LAND ECONOMICS,2001,10.2307/3147128,41
COMPARING ECONOMIC WELL-BEING AMONG ELDERLY AMERICANS,REVIEW OF INCOME AND WEALTH,1993,,15
Does the elderly's private pension ownership intensify aggregate equity demand? Empirical evidence in the US,INVESTMENT ANALYSTS JOURNAL,2022,10.1080/10293523.2022.2073049,0
Migrant Age Profiles and Long-Run Living Standards in Australia,AUSTRALIAN ECONOMIC REVIEW,2020,10.1111/1467-8462.12356,2
On the resurgent population and food debate,AUSTRALIAN JOURNAL OF AGRICULTURAL AND RESOURCE ECONOMICS,1997,10.1111/1467-8489.00001,16
Contribution of Health to Economic Development: A Survey and Overview,ECONOMICS-THE OPEN ACCESS OPEN-ASSESSMENT E-JOURNAL,2010,,1
Human population dynamics revisited with the logistic model: How much can be modeled and predicted?,TECHNOLOGICAL FORECASTING AND SOCIAL CHANGE,1996,10.1016/0040-1625(96)00001-7,65
Mortality projections and unisex pricing of annuities in the UK,JOURNAL OF FINANCIAL REGULATION AND COMPLIANCE,2007,10.1108/13581980710744057,2
Estimating survival for cost-effectiveness analyses: A case study in atherothrombosis,VALUE IN HEALTH,2004,10.1111/j.1524-4733.2004.75013.x,35
Redistributive effects of different pension systems when longevity varies by socioeconomic status,JOURNAL OF THE ECONOMICS OF AGEING,2020,10.1016/j.jeoa.2020.100259,19
The vulnerability of social security when fertility is endogenous,JOURNAL OF INSTITUTIONAL AND THEORETICAL ECONOMICS-ZEITSCHRIFT FUR DIE,2002,10.1628/0932456022975178,1
Improvement indices of wellbeing,SOCIAL CHOICE AND WELFARE,1996,,9
A theoretical analysis of the duration of schooling,INVESTIGACIONES ECONOMICAS,2005,,0
Income Inequality and Health: Do the Equivalence Scales Matter?,ATLANTIC ECONOMIC JOURNAL,2005,10.1007/s11293-005-3769-7,4
US Social Security rules in the 1990s: a natural experiment in myopic and farsighted behaviour,APPLIED ECONOMICS LETTERS,2002,10.1080/13504850110118174,1
Effects of income inequality on population health: new evidence from the European Community Household Panel,APPLIED ECONOMICS,2005,10.1080/0003684042000291290,18
MORTALITY OF ELITE FOOTBALL PLAYERS IN PORTUGAL AND SPAIN,ANALES DEL INSTITUTO DE ACTUARIOS ESPANOLES,2020,10.26360/2020_6,0
GYRATIONS IN AFRICAN MORTALITY AND THEIR EFFECT ON ECONOMIC GROWTH,JOURNAL OF DEMOGRAPHIC ECONOMICS,2017,10.1017/dem.2016.23,3
MORTALITY PROJECTIONS FOR SOCIAL SECURITY PROGRAMS IN THE UNITED STATES,NORTH AMERICAN ACTUARIAL JOURNAL,2010,10.1080/10920277.2010.10597593,1
Retirement and Productive Activity in Later Life,JOURNAL OF FAMILY AND ECONOMIC ISSUES,2006,10.1007/s10834-006-9022-y,35
Tropics and economic development: An empirical investigation,WORLD DEVELOPMENT,1997,10.1016/S0305-750X(97)00044-2,19
The role of social capital in the Russian mortality crisis,WORLD DEVELOPMENT,1998,10.1016/S0305-750X(98)00094-1,133
"Intergenerational time transfer, retirement and public pensions",JOURNAL OF THE ECONOMICS OF AGEING,2024,10.1016/j.jeoa.2024.100502,0
Foreign Capital Flows and Human Development in Developing Countries: Does Institutional Quality Matter?,ZAGREB INTERNATIONAL REVIEW OF ECONOMICS & BUSINESS,2022,10.2478/zireb-2022-0001,3
Evaluating the regulatory scheme for internet finance in China: the case of peer-to-peer lending,CHINA ECONOMIC JOURNAL,2016,10.1080/17538963.2016.1214381,30
"Income, health, and well-being around the world: Evidence from the Gallup World Poll",JOURNAL OF ECONOMIC PERSPECTIVES,2008,10.1257/jep.22.2.53,803
How the death of a qualified plan beneficiary affects long-term deferral of income,JOURNAL OF TAXATION,1999,,0
Intragenerational redistribution in unfunded pension systems,IMF STAFF PAPERS,2000,,5
The rise and fall of Britain's Golden Cohort: how the remarkable generation of 1925-1934 had their lives cut short by austerity,REVIEW OF SOCIAL ECONOMY,2024,10.1080/00346764.2023.2300007,1
Longevity-induced vertical innovation and the tradeoff between life and growth,JOURNAL OF POPULATION ECONOMICS,2019,10.1007/s00148-018-0724-x,17
Between Religion and Environment. Mortality and its Causative Factors in Greater Poland in the 19th Century,HISTORICAL SOCIAL RESEARCH-HISTORISCHE SOZIALFORSCHUNG,2017,10.12759/hsr.42.2017.2.114-133,1
Measuring human development: a stochastic dominance approach,JOURNAL OF ECONOMIC GROWTH,2013,10.1007/s10887-012-9083-8,39
Effects of risk and time preference and expected longevity on demand for medical tests,JOURNAL OF RISK AND UNCERTAINTY,2004,10.1023/B:RISK.0000009435.11390.23,117
THE HUMAN-DEVELOPMENT INDEX - YET ANOTHER REDUNDANT COMPOSITE DEVELOPMENT INDICATOR,WORLD DEVELOPMENT,1991,10.1016/0305-750X(91)90088-Y,202
"Quality-Adjusted Life Expectancies in Patients with Rheumatoid Arthritis-Comparison of Index Scores from EQ-5D, 15D, and SF-6D",VALUE IN HEALTH,2012,10.1016/j.jval.2011.09.010,17
Impact of Pandemic COVID-19 on global economies (a seven-scenario analysis),MANAGERIAL AND DECISION ECONOMICS,2021,10.1002/mde.3337,19
"THE ECONOMICS OF URBAN SLAVEHOLDING IN SANTIAGO, CHILE, 1773-1810",REVISTA DE HISTORIA ECONOMICA,2021,10.1017/S0212610920000075,0
"Endogenous fertility, externalities, and efficiency in old-age pension systems",JOURNAL OF INSTITUTIONAL AND THEORETICAL ECONOMICS-ZEITSCHRIFT FUR DIE,2004,10.1628/0932456041438867,3
Financial inclusion and healthcare in Africa: Examining the moderating role of education,REVIEW OF DEVELOPMENT ECONOMICS,2024,10.1111/rode.13043,3
Longevity trend in Germany,EUROPEAN ACTUARIAL JOURNAL,2024,10.1007/s13385-023-00369-x,0
Equity Weights for Socioeconomic Position: Two Methods-Survey of Stated Preferences and Epidemiological Data,VALUE IN HEALTH,2019,10.1016/j.jval.2018.07.006,5
A quantile regression approach to panel data analysis of health-care expenditure in Organisation for Economic Co-operation and Development countries,HEALTH ECONOMICS,2018,10.1002/hec.3811,18
LONGEVITY-RELATED OPTIONS FOR SOCIAL SECURITY: A MICROSIMULATION APPROACH TO RETIREMENT AGE AND MORTALITY ADJUSTMENTS,JOURNAL OF POLICY ANALYSIS AND MANAGEMENT,2019,10.1002/pam.22103,4
POPULATION AGING IN A SMALL OPEN-ECONOMY WITH A PUBLIC PENSION SYSTEM,NATIONALOKONOMISK TIDSSKRIFT,1991,,1
Mortality Change among Less Educated Americans,AMERICAN ECONOMIC JOURNAL-APPLIED ECONOMICS,2022,10.1257/app.20190297,11
AIR POLLUTION AND MANUFACTURING FIRM PRODUCTIVITY: NATIONWIDE ESTIMATES FOR CHINA,ECONOMIC JOURNAL,2021,10.1093/ej/ueab033,183
Twenty Key Challenges in Environmental and Resource Economics,ENVIRONMENTAL & RESOURCE ECONOMICS,2020,10.1007/s10640-020-00516-y,30
ESTIMATION OF STOCHASTIC MORTALITY MODELS FOR CHILE,ANALES DEL INSTITUTO DE ACTUARIOS ESPANOLES,2020,10.26360/2020_9,1
AN ALTERNATIVE PENSION REFORM FOR SPAIN BASED ON OPTIMISATION TECHNIQUES,ANALES DEL INSTITUTO DE ACTUARIOS ESPANOLES,2015,,0
Fair Pension Policies with Occupation-Specific Ageing,ECONOMIC JOURNAL,2024,10.1093/ej/ueae038,1
Partial de-annuitization of public pensions vs. retirement age differentiation: Which is best to account for longevity differences?,JOURNAL OF PENSION ECONOMICS & FINANCE,2024,10.1017/S1474747222000257,2
Risk aversion and longevity in an overlapping generations model,JOURNAL OF MACROECONOMICS,2022,10.1016/j.jmacro.2022.103415,1
Equity and sustainability as objectives before the reform of the contributory pension system,HACIENDA PUBLICA ESPANOLA-REVIEW OF PUBLIC ECONOMICS,2012,,1
Foreign Capital Flows and the Efficiency of the HDI Dimensions,GLOBAL ECONOMY JOURNAL,2005,10.2202/1524-5861.1058,5
Healthy bodies and thick wallets: The dual relation between health and economic status,JOURNAL OF ECONOMIC PERSPECTIVES,1999,10.1257/jep.13.2.145,862
Outcomes-adjusted reimbursement in a health-care delivery system,MANAGEMENT SCIENCE,2001,10.1287/mnsc.47.6.735.9816,43
How Large Are Bequest Motives? Estimates Based on Health Shocks,REVIEW OF FINANCIAL STUDIES,2023,10.1093/rfs/hhac093,3
"Indeterminacy, intergenerational redistribution, endogenous longevity and human capital accumulation",JOURNAL OF ECONOMIC DYNAMICS & CONTROL,2007,10.1016/j.jedc.2005.12.005,1
Decomposing world health inequality,JOURNAL OF HEALTH ECONOMICS,2003,10.1016/S0167-6296(02)00123-6,111
Optimum and risk-class pricing of annuities,ECONOMIC JOURNAL,2007,10.1111/j.1468-0297.2007.02009.x,5
Your Money or Your Life: Green Growth Policies and Welfare in 2050,ENVIRONMENTAL & RESOURCE ECONOMICS,2016,10.1007/s10640-014-9849-x,4
Winners and losers under various approaches to slowing social security benefit growth,NATIONAL TAX JOURNAL,2005,10.17310/ntj.2005.3.14,2
Measuring Technology Readiness Index Level: Scale Adaption Study,JOURNAL OF MEHMET AKIF ERSOY UNIVERSITY ECONOMICS AND ADMINISTRATIVE,2024,10.30798/makuiibf.1097662,0
"Health, Human Capital, and Domestic Violence",JOURNAL OF HUMAN RESOURCES,2021,10.3368/jhr.56.4.1115-7543R5,7
The Lazarus drug: the impact of antiretroviral therapy on economic growth,JOURNAL OF DEVELOPMENT ECONOMICS,2020,10.1016/j.jdeveco.2019.102409,11
Optimum taxation of life annuities,SOCIAL CHOICE AND WELFARE,2008,10.1007/s00355-007-0232-5,5
Functional disability with systematic trends and uncertainty: a comparison between China and the US,ANNALS OF ACTUARIAL SCIENCE,2022,10.1017/S1748499521000233,7
The Conditioning Role of Institutions in Environment-Health Outcomes Nexus in Africa,INTERNATIONAL ECONOMIC JOURNAL,2020,10.1080/10168737.2020.1824007,7
Parametric mortality improvement rate modelling and projecting,INSURANCE MATHEMATICS & ECONOMICS,2012,10.1016/j.insmatheco.2011.11.005,69
Expanding Product Variety and Human Capital Formation in an Ageing Economy,ECONOMIC ISSUES,2007,,1
Equity Release Mortgages in the UK: Regional Characteristics of Demand and Supply,INTERNATIONAL REAL ESTATE REVIEW,2024,,0
Do Statins Reduce the Health and Health Care Costs of Obesity?,PHARMACOECONOMICS,2015,10.1007/s40273-014-0234-y,14
The Effect of Spousal Loss on the Cognitive Ability of the Elder,B E JOURNAL OF ECONOMIC ANALYSIS & POLICY,2022,10.1515/bejeap-2021-0201,1
Does health capital have differential effects on economic growth?,APPLIED ECONOMICS LETTERS,2013,10.1080/13504851.2012.690844,22
"A model of longevity, fertility and growth",JOURNAL OF ECONOMIC DYNAMICS & CONTROL,2002,10.1016/S0165-1889(00)00022-1,133
Old-age longevity and mortality-contingent claims,JOURNAL OF POLITICAL ECONOMY,1998,10.1086/250021,80
The baby boomers and the productivity slowdown,EUROPEAN ECONOMIC REVIEW,2021,10.1016/j.euroecorev.2020.103609,2
Compression of morbidity and the labour supply of older people,APPLIED ECONOMICS,2011,10.1080/00036840802599941,10
Impact of Environmental Quality on Health Outcomes in Saudi Arabia: Does Research and Development Matter?,JOURNAL OF THE KNOWLEDGE ECONOMY,2023,10.1007/s13132-022-01024-8,12
Abatement Technology and the Environment-Growth Nexus with Education,ENVIRONMENTAL & RESOURCE ECONOMICS,2015,10.1007/s10640-014-9793-9,5
"Institutional, Economic, and Socio-Economic Determinants of the Entrepreneurial Activity of Nations",ADMINISTRATIVE SCIENCES,2021,10.3390/admsci11010026,15
Improved survival for individuals with common chronic conditions in the Medicare population,HEALTH ECONOMICS,2021,10.1002/hec.4168,4
PAYG PENSIONS AND HUMAN CAPITAL ACCUMULATION: SOME UNPLEASANT ARITHMETIC,MANCHESTER SCHOOL,2012,10.1111/j.1467-9957.2011.02251.x,10
"Mortality inequality, spatial differences and health care access",HEALTH ECONOMICS,2023,10.1002/hec.4746,5
Strategic gerontocracy: why nondemocratic systems produce older leaders,PUBLIC CHOICE,2017,10.1007/s11127-017-0449-5,5
The Mortality and Medical Costs of Air Pollution: Evidence from Changes in Wind Direction,AMERICAN ECONOMIC REVIEW,2019,10.1257/aer.20180279,335
International evidence on the determinants of alcohol advertising restrictions,APPLIED ECONOMICS LETTERS,2011,10.1080/13504851.2010.537621,1
Subjective outcomes ineconomics,SOUTHERN ECONOMIC JOURNAL,2004,,34
Education and Mortality: Evidence from a Social Experiment,AMERICAN ECONOMIC JOURNAL-APPLIED ECONOMICS,2018,10.1257/app.20150365,60
Reply to: Econometric issues in testing the age neutrality of health care expenditure,HEALTH ECONOMICS,2001,10.1002/hec.637,4
"To be, or not to be, that is the question: An empirical study of the WTP for an increased life expectancy at an advanced age",JOURNAL OF RISK AND UNCERTAINTY,1996,10.1007/BF00057866,51
Air quality in welfare accounting,MACROECONOMIC DYNAMICS,2023,10.1017/S1365100522000074,0
Smoking risks in Spain:: Part III -: Determinants of smoking behavior,JOURNAL OF RISK AND UNCERTAINTY,2000,10.1023/A:1007811423934,21
The 15-Hour Week: Keynes's Prediction Revisited,ECONOMICA,2022,10.1111/ecca.12439,3
Education and income gradients in longevity: The role of policy,CANADIAN JOURNAL OF ECONOMICS-REVUE CANADIENNE D ECONOMIQUE,2022,10.1111/caje.12582,9
"Old-age provision: past, present, future",EUROPEAN ACTUARIAL JOURNAL,2016,10.1007/s13385-016-0136-9,11
Multivariate risk preferences in the quality-adjusted life year model,HEALTH ECONOMICS,2022,10.1002/hec.4456,4
"Aggregation bias-correcting approach to the health-income relationship: Life expectancy and GDP per capita in 148 countries, 1970-2010",ECONOMIC MODELLING,2017,10.1016/j.econmod.2016.12.001,22
Growth and welfare effects of health care in knowledge-based economies,JOURNAL OF HEALTH ECONOMICS,2016,10.1016/j.jhealeco.2016.01.009,34
OPTIMAL AGING AND DEATH: UNDERSTANDING THE PRESTON CURVE,JOURNAL OF THE EUROPEAN ECONOMIC ASSOCIATION,2014,10.1111/jeea.12071,88
Economic development: Evidence from directed acyclic graphs,MANCHESTER SCHOOL,2001,10.1111/1467-9957.00258,13
Endogenous Lifetime in an Overlapping-Generations Small Open Economy,FINANZARCHIV,2012,10.1628/001522112X639945,3
Consumer Preferences for Health and Nonhealth Outcomes of Health Promotion: Results from a Discrete Choice Experiment,VALUE IN HEALTH,2013,10.1016/j.jval.2012.08.2211,23
Accounting for Uncertainty in Decision Analytic Models Using Rank Preserving Structural Failure Time Modeling: Application to Parametric Survival Models.,VALUE IN HEALTH,2018,10.1016/j.jval.2017.07.008,4
Is there additional value attached to health gains at the end of life? A revisit,HEALTH ECONOMICS,2018,10.1002/hec.3534,9
Reaping what you sow: Historical rice farming and contemporary cooperative behavior in China,JOURNAL OF ECONOMIC BEHAVIOR & ORGANIZATION,2024,10.1016/j.jebo.2023.11.021,2
Benefit-Retirement Age Schedules and Redistribution in Public Pension Systems,FINANCE A UVER-CZECH JOURNAL OF ECONOMICS AND FINANCE,2015,,1
Do the Models of Institutional Quality Differ According to the Income Level of the Countries? The Case of the Low-Income Countries,HACIENDA PUBLICA ESPANOLA-REVIEW OF PUBLIC ECONOMICS,2013,10.7866/HPE-RPE.13.3.1,3
Urbanization and mortality decline,JOURNAL OF REGIONAL SCIENCE,2018,10.1111/jors.12375,12
Malthus in Sweden,SCANDINAVIAN JOURNAL OF ECONOMICS,2015,10.1111/sjoe.12119,16
EDUCATION AND THE PROGRESSIVITY OF PENSION SYSTEMS. WHEN THE LIFE EXPECTANCY DIFFERENTIAL MATTERS,REVUE ECONOMIQUE,2010,10.3917/reco.614.0751,0
The Health Inequality Impact of a New Cancer Therapy Given Treatment and Disease Characteristics,VALUE IN HEALTH,2024,10.1016/j.jval.2023.11.001,1
Should we adjust health expenditure for age structure on health systems efficiency? A worldwide analysis,HEALTH ECONOMICS REVIEW,2023,10.1186/s13561-023-00421-2,5
A contribution to the theory of economic development and the demographic transition: fertility reversal under the HIV epidemic,JOURNAL OF DEMOGRAPHIC ECONOMICS,2020,10.1017/dem.2019.21,9
New engines of economic growth: How digital currencies lead the way to growth in the era of digital economy,ECONOMIC ANALYSIS AND POLICY,2023,10.1016/j.eap.2023.10.028,4
Cost-effectiveness of bariatric surgical procedures for the treatment of severe obesity,EUROPEAN JOURNAL OF HEALTH ECONOMICS,2014,10.1007/s10198-013-0472-5,34
"Waste not, want not: The efficiency of health expenditure in emerging and developing economies",REVIEW OF DEVELOPMENT ECONOMICS,2018,10.1111/rode.12346,30
"ENVIRONMENTAL DYNAMICS AND THE LINKS BETWEEN GROWTH, VOLATILITY AND MORTALITY",BULLETIN OF ECONOMIC RESEARCH,2013,10.1111/j.1467-8586.2011.00410.x,7
A spatial analysis of the health and longevity of Taiwanese people,GENEVA PAPERS ON RISK AND INSURANCE-ISSUES AND PRACTICE,2024,10.1057/s41288-024-00322-3,0
Welfare impact of organic cotton adoption in Benin,ECONOMICS BULLETIN,2023,,0
Malaria and Chinese economic activities in Africa,JOURNAL OF DEVELOPMENT ECONOMICS,2022,10.1016/j.jdeveco.2021.102739,5
Long-run pollution exposure and mortality: Evidence from the Acid Rain Program,JOURNAL OF PUBLIC ECONOMICS,2021,10.1016/j.jpubeco.2021.104440,28
Predictive Modeling of Threshold Life Tables,NORTH AMERICAN ACTUARIAL JOURNAL,2020,10.1080/10920277.2019.1633929,0
The Challenge of Organizing Elderly Care Programmes: Optimal Policy Design under Complete and Asymmetric Information,B E JOURNAL OF ECONOMIC ANALYSIS & POLICY,2020,10.1515/bejeap-2019-0194,2
TRANSITION AND MORTALITY IMPACT IN POST-COMMUNIST ROMANIA,TRANSFORMATIONS IN BUSINESS & ECONOMICS,2018,,2
IS INDEPENDENCE GOOD OR BAD FOR DEVELOPMENT IN SMALL ISLAND ECONOMIES? A LONG-RUN ANALYSIS,REGION ET DEVELOPPEMENT,2015,,11
"Economic, demographic, and institutional determinants of life insurance consumption across countries",WORLD BANK ECONOMIC REVIEW,2003,10.1093/wber/lhg011,285
THE CONTRIBUTION OF FEMALE HEALTH TO ECONOMIC DEVELOPMENT,ECONOMIC JOURNAL,2020,10.1093/ej/ueaa061,26
The effect of air pollution on mortality in China: Evidence from the 2008 Beijing Olympic Games,JOURNAL OF ENVIRONMENTAL ECONOMICS AND MANAGEMENT,2016,10.1016/j.jeem.2016.04.004,278
Human capital convergence: A joint estimation approach,IMF STAFF PAPERS,2002,,17
THE RETIREMENT IN SPAIN: OPTIMAL AGE AND ACTUARIAL EQUITY,ANALES DEL INSTITUTO DE ACTUARIOS ESPANOLES,2019,10.26360/2019_1,0
Mining away the Preston curve,WORLD DEVELOPMENT,2016,10.1016/j.worlddev.2015.10.013,34
"Childhood economic conditions and length of life: Evidence from the UK Boyd Orr cohort, 1937-2005",JOURNAL OF HEALTH ECONOMICS,2010,10.1016/j.jhealeco.2009.10.004,27
Life expectancy and trade openness: causality in Latin America,INTERNATIONAL JOURNAL OF SOCIAL ECONOMICS,2020,10.1108/IJSE-01-2020-0013,0
Has mortality risen disproportionately for the least educated?,JOURNAL OF HEALTH ECONOMICS,2021,10.1016/j.jhealeco.2021.102494,8
Endogenous lifetime and economic growth,JOURNAL OF ECONOMIC THEORY,2004,10.1016/j.jet.2003.07.005,217
Comparison of Modes of Administration and Alternative Formats for Eliciting Societal Preferences for Burden of Illness,APPLIED HEALTH ECONOMICS AND HEALTH POLICY,2016,10.1007/s40258-015-0197-y,26
Macroeconomic consequences of the Russian mortality crisis,WORLD DEVELOPMENT,1998,10.1016/S0305-750X(98)00098-9,27
A SIMPLE THEORY OF THE EFFECTS OF INDUSTRIALIZATION,MACROECONOMIC DYNAMICS,2017,10.1017/S1365100515000401,1
"Less labor, longer lives: Time to share",TECHNOLOGY ANALYSIS & STRATEGIC MANAGEMENT,1996,10.1080/09537329608524254,0
Appropriate Categorization of Inequality to Inform Policy Decisions: Estimating Distribution of Lifetime Health Using Alternative Approaches to Socioeconomic Stratification,VALUE IN HEALTH,2024,10.1016/j.jval.2023.10.001,0
Optimal Expectations and Limited Medical Testing: Evidence from Huntington Disease,AMERICAN ECONOMIC REVIEW,2013,10.1257/aer.103.2.804,128
Coping with Spain's aging: retirement rules and incentives,JOURNAL OF PENSION ECONOMICS & FINANCE,2010,10.1017/S1474747209990308,4
Optimism and economic choice,JOURNAL OF FINANCIAL ECONOMICS,2007,10.1016/j.jfineco.2006.09.003,408
CLUSTER-ANALYSIS FOR MEASURING WELFARE AND QUALITY-OF-LIFE ACROSS COUNTRIES,JOURNAL OF ECONOMETRICS,1991,10.1016/0304-4076(91)90093-S,53
Empirical determinants of intertemporal choice,JOURNAL OF FINANCIAL ECONOMICS,2015,10.1016/j.jfineco.2015.04.004,23
Public and private expenditures on health in a growth model,JOURNAL OF ECONOMIC DYNAMICS & CONTROL,2007,10.1016/j.jedc.2006.07.007,59
The Human Development Index and changes in standards of living: Some historical comparisons,EUROPEAN REVIEW OF ECONOMIC HISTORY,1997,10.1017/S1361491697000142,72
"Mortality recovery and stabilization in Kazakhstan, 1995-2001",ECONOMICS & HUMAN BIOLOGY,2005,10.1016/j.ehb.2004.12.003,15
The effects of fuel standards on air pollution: Evidence from China,JOURNAL OF DEVELOPMENT ECONOMICS,2020,10.1016/j.jdeveco.2020.102488,80
A Financial Protection Strategy for Families That Have a Child With Down Syndrome,JOURNAL OF FINANCIAL COUNSELING AND PLANNING,2018,10.1891/1052-3073.29.1.91,1
Risk beliefs and smoking behavior,ECONOMIC INQUIRY,2008,10.1111/j.1465-7295.2007.00079.x,31
To buy or not to buy: household risk hedging of housing costs,ACCOUNTING AND FINANCE,2017,10.1111/acfi.12333,2
The value of health and longevity,JOURNAL OF POLITICAL ECONOMY,2006,10.1086/508033,426
Health and economic development-evidence from the introduction of public health care,JOURNAL OF POPULATION ECONOMICS,2013,10.1007/s00148-012-0450-8,34
"OPTIMAL INVESTMENT, EDUCATION, AND CONSUMPTION UNDER DEMOGRAPHIC CHANGES FOR A SMALL-OPEN ECONOMY",SINGAPORE ECONOMIC REVIEW,2009,,1
The role of technology in the non-renewable energy consumption-quality of life nexus: insights from sub-Saharan African countries,ECONOMIC CHANGE AND RESTRUCTURING,2022,10.1007/s10644-020-09312-6,48
The Impact of Funding Inpatient Treatments for COVID-19 on Health Equity in the United States: A Distributional Cost-Effectiveness Analysis,VALUE IN HEALTH,2023,10.1016/j.jval.2022.08.010,11
Key Factors Affecting Valuation for Senior Apartments,JOURNAL OF REAL ESTATE RESEARCH,2012,,8
Potential Bias Associated with Modeling the Effectiveness of Healthcare Interventions in Reducing Mortality Using an Overall Hazard Ratio,PHARMACOECONOMICS,2020,10.1007/s40273-019-00859-5,4
The junctions of pension reforms: Russian and international experience,VOPROSY EKONOMIKI,2019,10.32609/0042-8736-2019-9-5-39,3
Subjective expectations regarding ageing: a cross-sectional online population survey in Hungary,EUROPEAN JOURNAL OF HEALTH ECONOMICS,2019,10.1007/s10198-019-01059-w,11
The Clinical and Economic Burden of Nonadherence with Antihypertensive and Lipid-Lowering Therapy in Hypertensive Patients,VALUE IN HEALTH,2009,10.1111/j.1524-4733.2008.00447.x,71
"Cost Effectiveness of Facility-Based Care, Home-Based Care and Mobile Clinics for Provision of Antiretroviral Therapy in Uganda",PHARMACOECONOMICS,2009,10.2165/11318230-000000000-00000,32
Cost-effectiveness of HIV screening of blood donations in Accra (Ghana),VALUE IN HEALTH,2008,10.1111/j.1524-4733.2008.00337.x,18
"Cost-effectiveness of interferon beta-1a, interferon beta-1b, and glatiramer acetate in newly diagnosed non-primary progressive multiple sclerosis",VALUE IN HEALTH,2004,10.1111/j.1524-4733.2004.75007.x,61
The budget impact and cost-effectiveness of defibrotide for treatment of veno-occlusive disease with multi-organ dysfunction in patients post-hematopoietic stem cell transplant,JOURNAL OF MEDICAL ECONOMICS,2017,10.1080/13696998.2016.1275652,7
COST EFFECTIVENESS OF THE HEALTH SYSTEM,TERRA ECONOMICUS,2013,,2
MODELING AND FORECASTING UNITED-STATES SEX DIFFERENTIALS IN MORTALITY,INTERNATIONAL JOURNAL OF FORECASTING,1992,10.1016/0169-2070(92)90055-E,93
Burden of suicide in Poland in 2012: how could it be measured and how big is it?,EUROPEAN JOURNAL OF HEALTH ECONOMICS,2018,10.1007/s10198-017-0892-8,9
Human development and inequalities: The importance of social public spending,STRUCTURAL CHANGE AND ECONOMIC DYNAMICS,2024,10.1016/j.strueco.2023.12.008,0
Appraising the trend of policy on poverty alleviation programmes in Nigeria with emphasis on a National Poverty Eradication Programme (NAPEP),AFRICAN JOURNAL OF BUSINESS MANAGEMENT,2009,,9
Cancer premiums and latency effects: A risk tradeoff approach for valuing reductions in fatal cancer risks,JOURNAL OF RISK AND UNCERTAINTY,2008,10.1007/s11166-008-9032-2,41
Waste import and air pollution: Evidence from China's waste import ban,JOURNAL OF ENVIRONMENTAL ECONOMICS AND MANAGEMENT,2023,10.1016/j.jeem.2023.102837,8
Growth and Welfare under Endogenous Lifetimes*,SCANDINAVIAN JOURNAL OF ECONOMICS,2021,10.1111/sjoe.12455,3
Non-spatial and spatial econometric analysis of tourism demand in a panel of countries around the world,SPATIAL ECONOMIC ANALYSIS,2022,10.1080/17421772.2021.1940256,11
Does When You Die Depend on Where You Live? Evidence from Hurricane Katrina,AMERICAN ECONOMIC REVIEW,2020,10.1257/aer.20181026,51
Population Health and Economic Growth in Sub-Saharan Africa: A Panel Cointegration Analysis,JOURNAL OF AFRICAN BUSINESS,2014,10.1080/15228916.2014.881227,9
Trends in local and small area mortality and morbidity in Yorkshire and the Humber: Monitoring health inequalities,REGIONAL STUDIES,2006,10.1080/00343400600757395,11
The predictive validity of subjective probabilities of survival,ECONOMIC JOURNAL,2002,10.1111/1468-0297.00065,215
The effects of education on mortality: Evidence using college expansions,HEALTH ECONOMICS,2024,10.1002/hec.4787,3
Cheap children and the persistence of poverty,ECONOMIC JOURNAL,2005,10.1111/j.1468-0297.2004.00961.x,161
Challenges facing Malaysia pension scheme in an era of ageing population,FINANCE RESEARCH LETTERS,2019,10.1016/j.frl.2018.10.017,11
A suicidal Kuznets curve?,ECONOMICS LETTERS,2018,10.1016/j.econlet.2018.02.013,13
THE QALY - A MEASURE OF SOCIAL VALUE RATHER THAN INDIVIDUAL UTILITY,HEALTH ECONOMICS,1994,10.1002/hec.4730030205,40
Determinants of life insurance consumption in Africa,RESEARCH IN INTERNATIONAL BUSINESS AND FINANCE,2016,10.1016/j.ribaf.2015.10.016,59
Does longevity cause growth? A theoretical critique,JOURNAL OF ECONOMIC GROWTH,2006,10.1007/s10887-006-9008-5,76
Human Development in Russia: Major Achievements and Threats,REGIONOLOGIYA-REGIONOLOGY RUSSIAN JOURNAL OF REGIONAL STUDIES,2019,10.15507/2413-1407.106.027.201902.310-329,1
Cost-Effectiveness of Maraviroc for Antiretroviral Treatment-Experienced HIV-infected Individuals in Mexico,VALUE IN HEALTH,2010,10.1111/j.1524-4733.2010.00798.x,7
"An Asian regional analysis of cost-effectiveness of early irbesartan treatment versus conventional antihypertensive, late amlodipine, and late irbesartan treatments in patients with type 2 diabetes, hypertension, and nephropathy",VALUE IN HEALTH,2008,10.1111/j.1524-4733.2007.00250.x,15
Redistributive Capacity and International Trade: A Cross-Country Analysis,GLOBAL ECONOMIC REVIEW,2023,10.1080/1226508X.2023.2215786,0
"Role of Financial Inclusion in Human Development: Evidence from Bangladesh, India and Pakistan",JOURNAL OF THE KNOWLEDGE ECONOMY,2024,10.1007/s13132-023-01366-x,13
IS CHINA'S POLLUTION THE CULPRIT FOR THE CHOKING OF SOUTH KOREA? EVIDENCE FROM THE ASIAN DUST,ECONOMIC JOURNAL,2019,10.1093/ej/uez021,32
The long run health consequences of rural-urban migration,QUANTITATIVE ECONOMICS,2019,10.3982/QE962,20
Quality of the Population of the Penza Region as a Most Important Socio-Economic Indicator of Regional Development,REGIONOLOGIYA-REGIONOLOGY RUSSIAN JOURNAL OF REGIONAL STUDIES,2020,10.15507/2413-1407.113.028.202004.754-777,0
Public education and social security: a political economy approach,ECONOMICS OF GOVERNANCE,2015,10.1007/s10101-014-0149-2,5
Development Consequences of Armed Conflict,WORLD DEVELOPMENT,2012,10.1016/j.worlddev.2012.04.031,221
Cultural practices and life insurance consumption: An international analysis using GLOBE scores,JOURNAL OF MULTINATIONAL FINANCIAL MANAGEMENT,2009,10.1016/j.mulfin.2009.02.001,38
Social network utility and the economics of risk: the case of HIV,JOURNAL OF ECONOMIC BEHAVIOR & ORGANIZATION,1998,10.1016/S0167-2681(97)00091-7,2
"A POPULATION PROJECTION FOR INDONESIA, 2010-2035",BULLETIN OF INDONESIAN ECONOMIC STUDIES,2014,10.1080/00074918.2014.896240,9
International Comparisons of Living Standards by Equivalent Incomes,SCANDINAVIAN JOURNAL OF ECONOMICS,2009,10.1111/j.1467-9442.2009.01578.x,57
"LONG-TERM DETERMINANTS OF THE DEMOGRAPHIC TRANSITION, 1870-2000",REVIEW OF ECONOMICS AND STATISTICS,2013,10.1162/REST_a_00302,70
Market evidence of misperceived mortality risk,JOURNAL OF ECONOMIC BEHAVIOR & ORGANIZATION,2009,10.1016/j.jebo.2008.10.014,7
The effect of longevity on schooling and fertility: evidence from the Brazilian Demographic and Health Survey,JOURNAL OF POPULATION ECONOMICS,2006,10.1007/s00148-005-0018-y,28
Financial Planning for Retirement: The Mediating Role of Culture,RISKS,2022,10.3390/risks10050104,4
Periodic or generational actuarial tables: which one to choose?,EUROPEAN ACTUARIAL JOURNAL,2019,10.1007/s13385-019-00198-x,1
Pandemics and regional economic growth: evidence from the Great Influenza in Italy,EUROPEAN REVIEW OF ECONOMIC HISTORY,2022,10.1093/erehj/heab009,8
"MYOPIC MISERY: MATERNAL DEPRESSION, CHILD INVESTMENTS, AND THE NEUROBIOLOGICAL POVERTY TRAP",MACROECONOMIC DYNAMICS,2019,10.1017/S1365100516001243,1
Labor and consumption across the lifecycle,JOURNAL OF THE ECONOMICS OF AGEING,2013,10.1016/j.jeoa.2013.06.002,12
Elites and health infrastructure improvements in industrializing regimes,JOURNAL OF ECONOMIC GROWTH,2024,10.1007/s10887-023-09237-5,0
Infrastructure and Development in Rural India,MARGIN-JOURNAL OF APPLIED ECONOMIC RESEARCH,2017,10.1177/0973801017703499,23
"The assessment: The twentieth century - Achievements, failures, lessons",OXFORD REVIEW OF ECONOMIC POLICY,1999,10.1093/oxrep/15.4.1,30
Military spending and sustainable development,REVIEW OF DEVELOPMENT ECONOMICS,2022,10.1111/rode.12893,6
Different demographic changes and patterns of trade in a Heckscher-Ohlin setting,JOURNAL OF POPULATION ECONOMICS,2012,10.1007/s00148-011-0363-y,15
"Mortality, Family and Lifestyles",JOURNAL OF FAMILY AND ECONOMIC ISSUES,2011,10.1007/s10834-010-9229-9,15
HETEROGENEITY IN MARGINAL NON-MONETARY RETURNS TO HIGHER EDUCATION,JOURNAL OF THE EUROPEAN ECONOMIC ASSOCIATION,2019,10.1093/jeea/jvx058,21
"Education, Information, and Smoking Decisions Evidence from Smoking Histories in the United States, 1940-2000",JOURNAL OF HUMAN RESOURCES,2010,10.1353/jhr.2010.0009,62
"COGNITION, OPTIMISM, AND THE FORMATION OF AGE-DEPENDENT SURVIVAL BELIEFS",INTERNATIONAL ECONOMIC REVIEW,2021,10.1111/iere.12497,10
BISMARCK'S HEALTH INSURANCE AND THE MORTALITY DECLINE,JOURNAL OF THE EUROPEAN ECONOMIC ASSOCIATION,2020,10.1093/jeea/jvz052,12
Indexing Public Pensions in Progress to Wages or Prices,CENTRAL EUROPEAN JOURNAL OF ECONOMIC MODELLING AND ECONOMETRICS,2020,10.24425/cejeme.2020.133720,3
How the Ageing Population Contributes to UK Economic Activity: A Microsimulation Analysis,SCOTTISH JOURNAL OF POLITICAL ECONOMY,2016,10.1111/sjpe.12106,3
Willingness to Pay for Clean Air: Evidence from Air Purifier Markets in China,JOURNAL OF POLITICAL ECONOMY,2020,10.1086/705554,236
VOG: USING VOLCANIC ERUPTIONS TO ESTIMATE THE HEALTH COSTS OF PARTICULATES,ECONOMIC JOURNAL,2019,10.1111/ecoj.12609,20
"Aging, social security design, and capital accumulation",JOURNAL OF THE ECONOMICS OF AGEING,2017,10.1016/j.jeoa.2016.10.003,13
A Human Development Index by Income Groups,WORLD DEVELOPMENT,2008,10.1016/j.worlddev.2007.12.001,71
The Effects of Foreign Aid in Sub-Saharan Africa,ECONOMIC AND SOCIAL REVIEW,2016,,8
Women farmers and community well-being under modeling uncertainty,APPLIED ECONOMIC PERSPECTIVES AND POLICY,2024,10.1002/aepp.13406,2
Socio-economic Determinants of Retirement Age: Literature Review,EKONOMIKA I MATEMATICESKIE METODY-ECONOMICS AND MATHEMATICAL METHODS,2017,,0
Is health expenditure effective for achieving healthcare goals? Empirical evidence from South-East Asia Region,ASIA-PACIFIC JOURNAL OF REGIONAL SCIENCE,2020,10.1007/s41685-020-00158-4,37
Shaping the Population and Labor Resources in the Russian Far East,ECONOMIC AND SOCIAL CHANGES-FACTS TRENDS FORECAST,2019,10.15838/esc.2019.1.61.3,2
"Pension expenses, risk, and implications for stock returns",FINANCE RESEARCH LETTERS,2024,10.1016/j.frl.2024.105016,3
Impact of air pollution on labor productivity: Evidence from prison factory data,CHINA ECONOMIC QUARTERLY INTERNATIONAL,2021,10.1016/j.ceqi.2021.04.004,26
Social Security System's Demographic Structure: Metamorphosis in Turkey Pension System,MALIYE DERGISI,2008,,0
Evaluating Extensions to Coherent Mortality Forecasting Models,RISKS,2017,10.3390/risks5010016,8
HUMAN SURVIVAL AT OLDER AGES AND THE IMPLICATIONS FOR LONGEVITY BOND PRICING,NORTH AMERICAN ACTUARIAL JOURNAL,2011,10.1080/10920277.2011.10597620,13
"ESTIMATES OF THE INCIDENCE, PREVALENCE, DURATION, INTENSITY, AND COST OF CHRONIC DISABILITY AMONG THE U.S. ELDERLY",NORTH AMERICAN ACTUARIAL JOURNAL,2011,10.1080/10920277.2011.10597608,16
Violence and Human Capital Investments,JOURNAL OF LABOR ECONOMICS,2021,10.1086/711001,16
Subjective mortality expectations and consumption and saving behaviours among the elderly,CANADIAN JOURNAL OF ECONOMICS-REVUE CANADIENNE D ECONOMIQUE,2010,10.1111/j.1540-5982.2010.01605.x,46
Adverse selection in the annuity market when payoffs vary over the time of retirement,JOURNAL OF INSTITUTIONAL AND THEORETICAL ECONOMICS-ZEITSCHRIFT FUR DIE,2005,10.1628/0932456054254498,7
The retirement puzzle,AUSTRALIAN JOURNAL OF MANAGEMENT,2022,10.1177/03128962211014577,3
Respiratory tuberculosis and standards of living in postwar Europe,EUROPEAN REVIEW OF ECONOMIC HISTORY,2014,10.1093/ereh/het018,3
Cost-Effective Prevention of Hip Fractures,INTERNATIONAL ADVANCES IN ECONOMIC RESEARCH,2005,10.1007/s11294-004-7493-x,2
HOW DO ENVIRONMENTAL PROTECTION EXPENDITURES AFFECT HEALTH STATUS? EVIDENCE FROM PANEL QUANTILE REGRESSION1,KAFKAS UNIVERSITESI IKTISADI VE IDARI BILIMLER FAKULTESI DERGISI,2022,10.36543/kauiibfd.2022.043,2
South-western vector: Climate factor in socio-economic development of Russia,VOPROSY EKONOMIKI,2019,10.32609/0042-8736-2019-5-122-135,5
Identification of common factors in panel data growth model,ECONOMICS LETTERS,2018,10.1016/j.econlet.2018.04.021,4
A Multivariate Model of Strategic Asset Allocation with Longevity Risk,JOURNAL OF FINANCIAL AND QUANTITATIVE ANALYSIS,2017,10.1017/S0022109017000692,4
"Live longer, work longer? An investigation of the health capacity to work at older ages in Denmark using combined register and survey data",JOURNAL FOR LABOUR MARKET RESEARCH,2024,10.1186/s12651-024-00360-3,0
Cost-Effectiveness of Switching Patients with Type 2 Diabetes from Insulin Glargine to Insulin Detemir in Chinese Setting: A Health Economic Model Based on the PREDICTIVE Study,VALUE IN HEALTH,2012,10.1016/j.jval.2011.11.018,18
Ancient and early modern mortality: experience and understanding,ECONOMIC HISTORY REVIEW,2007,10.1111/j.1468-0289.2006.00367.x,53
Proposals to restructure social security,JOURNAL OF ECONOMIC PERSPECTIVES,1996,10.1257/jep.10.3.67,26
The long road to achieving equity: Job accessibility restrictions and overlapping inequalities in the city of Sao Paulo,JOURNAL OF TRANSPORT GEOGRAPHY,2019,10.1016/j.jtrangeo.2019.06.003,52
Human capital and fertility: child vs adult survival,ECONOMICS BULLETIN,2017,,0
MORTALITY COMPRESSION AND LONGEVITY RISK,NORTH AMERICAN ACTUARIAL JOURNAL,2012,10.1080/10920277.2012.10597641,6
"Longevity, genes and efforts: An optimal taxation approach to prevention",JOURNAL OF HEALTH ECONOMICS,2011,10.1016/j.jhealeco.2010.10.003,12
"Health, Human Capital, and Development","ANNUAL REVIEW OF ECONOMICS, VOL 2",2010,10.1146/annurev.economics.102308.124436,154
The Risk of Imbalances in the Financing of Social Protection in the Context of Demographic Ageing,CONTEMPORARY ECONOMICS,2008,,0
Pay-As-You-Go versus Funded Systems. Some Critical Considerations,REVIEW OF POLITICAL ECONOMY,2006,10.1080/09538250600797792,5
External imbalances between China and the United States: A dynamic analysis with a life-cycle model,JOURNAL OF INTERNATIONAL ECONOMICS,2021,10.1016/j.jinteco.2021.103493,3
Human development and cross-border acquisitions,JOURNAL OF EMPIRICAL FINANCE,2010,10.1016/j.jempfin.2010.03.004,10
The Cost-Effectiveness of Oral Nutrition Supplementation for Malnourished Older Hospital Patients,APPLIED HEALTH ECONOMICS AND HEALTH POLICY,2017,10.1007/s40258-016-0269-7,46
Demographic obstacles to European growth,EUROPEAN ECONOMIC REVIEW,2024,10.1016/j.euroecorev.2024.104829,0
Cooking fuel choice and child mortality in India<i> </i>,JOURNAL OF ECONOMIC BEHAVIOR & ORGANIZATION,2024,10.1016/j.jebo.2024.04.006,3
Air pollution and noncognitive traits among Chinese adolescents,HEALTH ECONOMICS,2021,10.1002/hec.4193,7
How does mortality affect innovative activity in the long run?,WORLD DEVELOPMENT,2020,10.1016/j.worlddev.2019.104688,7
"Air Pollution, Student Health, and School Absences: Evidence from China",JOURNAL OF ENVIRONMENTAL ECONOMICS AND MANAGEMENT,2018,10.1016/j.jeem.2018.10.002,125
Discourses of Retirement in the United States,WORK AGING AND RETIREMENT,2018,10.1093/workar/way008,16
Does past unemployment experience explain the transition happiness gap?,JOURNAL OF COMPARATIVE ECONOMICS,2018,10.1016/j.jce.2018.07.005,4
"Received wisdom versus reality: height, nutrition, and urbanization in mid-nineteenth-century France",CLIOMETRICA,2014,10.1007/s11698-013-0095-1,16
Trade in health products and population health: A long-run relation,WORLD ECONOMY,2023,10.1111/twec.13313,1
Eliciting the Level of Health Inequality Aversion in England,HEALTH ECONOMICS,2017,10.1002/hec.3430,49
The Potential Clinical and Economic Outcomes of Pharmacogenomic Approaches to EGFR-Tyrosine Kinase Inhibitor Therapy in Non-Small-Cell Lung Cancer,VALUE IN HEALTH,2009,10.1111/j.1524-4733.2008.00415.x,61
"Australian Utility Weights for the EORTC QLU-C10D, a Multi-Attribute Utility Instrument Derived from the Cancer-Specific Quality of Life Questionnaire, EORTC QLQ-C30",PHARMACOECONOMICS,2018,10.1007/s40273-017-0582-5,88
When saving is not enough - wealth decumulation in retirement,JOURNAL OF PENSION ECONOMICS & FINANCE,2022,10.1017/S1474747221000196,2
Mortality Inequality in Canada and the United States: Divergent or Convergent Trends?,JOURNAL OF LABOR ECONOMICS,2019,10.1086/703259,14
The Effect of Education on Adult Mortality and Health: Evidence from Britain,AMERICAN ECONOMIC REVIEW,2013,10.1257/aer.103.6.2087,273
Reassessing the Relationship between Economic Growth and Inequality,ECONOMIC PAPERS,2011,10.1111/j.1759-3441.2011.00107.x,2
Pension reform with variable retirement age: a simulation analysis for Germany,JOURNAL OF PENSION ECONOMICS & FINANCE,2012,10.1017/S1474747211000643,36
National and International Tests of the New Drug Cost Offset Theory,SOUTHERN ECONOMIC JOURNAL,2011,10.4284/0038-4038-77.4.1033,6
"Individual Risk Aversion, Inheritance Expectation and Household Annuity Ownership",JOURNAL OF FINANCIAL COUNSELING AND PLANNING,2022,10.1891/JFCP-2021-0075,2
On the Failure (Success) of the Markets for Longevity Risk Transfer,JOURNAL OF RISK AND INSURANCE,2017,10.1111/jori.12205,11
Air Pollution and Health in Africa: The Burden Falls on Children,ECONOMIES,2023,10.3390/economies11070196,3
Health Years in Total: A New Health Objective Function for Cost-Effectiveness Analysis,VALUE IN HEALTH,2020,10.1016/j.jval.2019.10.014,38
HOW FUNCTIONAL DATA CAN ENHANCE THE ESTIMATION OF HEALTII EXPECTANCY: THE CASE OF DISABLED SPANISH POPULATION,ASTIN BULLETIN-THE JOURNAL OF THE INTERNATIONAL ACTUARIAL ASSOCIATION,2019,10.1017/asb.2018.34,5
Disguised pollution: Industrial activities in the dark,JOURNAL OF PUBLIC ECONOMICS,2023,10.1016/j.jpubeco.2023.104904,13
"Aging Population, Retirement, and Risk Taking",MANAGEMENT SCIENCE,2016,10.1287/mnsc.2015.2184,19
Modern Medicine and the Twentieth Century Decline in Mortality: Evidence on the Impact of Sulfa Drugs,AMERICAN ECONOMIC JOURNAL-APPLIED ECONOMICS,2010,10.1257/app.2.2.118,88
Long-term cost-effectiveness analysis shows that IDegLira is associated with improved outcomes and lower costs compared with insulin glargine U100 plus insulin aspart in the US,JOURNAL OF MEDICAL ECONOMICS,2018,10.1080/13696998.2018.1513406,7
Hepatitis C - Cost of illness and considerations for the economic evaluation of antiviral therapies,PHARMACOECONOMICS,2006,10.2165/00019053-200624070-00005,51
"Three Pillars of Urbanization: Migration, Aging, and Growth",ECONOMIST-NETHERLANDS,2020,10.1007/s10645-020-09356-z,5
Evaluation of the Winter Pollution Mitigation Policy in China,ECONOMICS OF ENERGY & ENVIRONMENTAL POLICY,2024,10.5547/2160-5890.13.2.mren,0
Does the Construction of Transportation Infrastructure Enhance Regional Innovation Capabilities: Evidence from China,JOURNAL OF THE KNOWLEDGE ECONOMY,2023,10.1007/s13132-022-01005-x,5
The lifetime costs and benefits of medical technology,JOURNAL OF HEALTH ECONOMICS,2007,10.1016/j.jhealeco.2007.09.003,77
Social security reform with a focus on the Netherlands,ECONOMIST,2001,,2
Understanding DALYs,JOURNAL OF HEALTH ECONOMICS,1997,10.1016/S0167-6296(97)00004-0,394
Is technology still a major driver of health expenditure in the United States? Evidence from cointegration analysis with multiple structural breaks,INTERNATIONAL JOURNAL OF HEALTH ECONOMICS AND MANAGEMENT,2017,10.1007/s10754-016-9196-2,26
Do red herrings swim in circles? Controlling for the endogeneity of time to death,JOURNAL OF HEALTH ECONOMICS,2010,10.1016/j.jhealeco.2009.11.014,55
Brain drain phenomena in Romania - Possibilities of econometrical modelling,ECONOMIC COMPUTATION AND ECONOMIC CYBERNETICS STUDIES AND RESEARCH,2007,,4
IT SUCKS TO BE SINGLE! MARITAL STATUS AND REDISTRIBUTION OF SOCIAL SECURITY,ECONOMIC JOURNAL,2021,10.1093/ej/ueaa078,11
"Trade, Institutions, Income and Human Development in African Countries",JOURNAL OF AFRICAN ECONOMIES,2013,10.1093/jae/ejs037,2
Do People Save or Spend Their Inheritances? Understanding What Happens to Inherited Wealth,JOURNAL OF FAMILY AND ECONOMIC ISSUES,2013,10.1007/s10834-012-9299-y,16
"Life expectancy, fertility, and educational investment",JOURNAL OF POPULATION ECONOMICS,2010,10.1007/s00148-008-0202-y,18
Health care spending as determinants of health outcomes,HEALTH ECONOMICS,1999,10.1002/(SICI)1099-1050(199911)8:7<627::AID-HEC474>3.0.CO;2-8,161
Long-term health economic benefits of sensor-augmented pump therapy vs continuous subcutaneous insulin infusion alone in type 1 diabetes: a UK perspective,JOURNAL OF MEDICAL ECONOMICS,2016,10.3111/13696998.2015.1113979,31
Modelling the cost effectiveness of lamivudine/zidovudine combination therapy in HIV infection,PHARMACOECONOMICS,1997,10.2165/00019053-199712010-00006,50
Inclusive Growth in India: Some Realities,INDIAN JOURNAL OF ECONOMICS AND DEVELOPMENT,2019,10.5958/2322-0430.2019.00051.9,0
Pollution effects on preferences: A unified approach,JOURNAL OF PUBLIC ECONOMIC THEORY,2019,10.1111/jpet.12348,5
"Health, longevity and retirement reform",JOURNAL OF ECONOMIC DYNAMICS & CONTROL,2019,10.1016/j.jedc.2019.03.004,20
Subjective mortality risk and bequests,JOURNAL OF ECONOMETRICS,2015,10.1016/j.jeconom.2015.03.015,25
"Ageing, government budgets, retirement, and growth",EUROPEAN ECONOMIC REVIEW,2012,10.1016/j.euroecorev.2011.05.007,63
Reconsidering the impact of the environment on long-run growth when pollution influences health and agents have a finite-lifetime,ENVIRONMENTAL & RESOURCE ECONOMICS,2008,10.1007/s10640-007-9139-y,42
DISEASE AND HUMAN CAPITAL ACCUMULATION: EVIDENCE FROM THE ROLL BACK MALARIA PARTNERSHIP IN AFRICA,ECONOMIC JOURNAL,2021,10.1093/ej/ueaa134,7
Quantile Regression: 40 Years On,"ANNUAL REVIEW OF ECONOMICS, VOL 9",2017,10.1146/annurev-economics-063016-103651,170
Socialized medicine and mortality,INTERNATIONAL JOURNAL OF HEALTH CARE FINANCE & ECONOMICS,2014,10.1007/s10754-014-9151-z,1
Social policy and mortality decline in East Asia and Latin America,WORLD DEVELOPMENT,2001,10.1016/S0305-750X(01)00062-6,26
Partisan Effects of Information Campaigns in Competitive Authoritarian Elections: Evidence from Bangladesh,ECONOMIC JOURNAL,2024,10.1093/ej/uead115,0
"Eat, drink, entertain, travel? The impact of air pollution on excess perks - natural experiment evidence from COVID-19",FINANCE RESEARCH LETTERS,2024,10.1016/j.frl.2024.105102,1
"Growth, intergenerational welfare, and environmental policies in an overlapping generations economy",REVIEW OF DEVELOPMENT ECONOMICS,2018,10.1111/rode.12371,0
Recent policy changes in the Universal Child Benefit in Japan,LOCAL ECONOMY,2012,10.1177/0269094212448771,4
Patient Expectations About Palliative Treatment for Symptomatic Spinal Metastases: A Qualitative Study,VALUE IN HEALTH,2023,10.1016/j.jval.2022.05.001,2
Testing Malthusian's and Kremer's population theories in developing economy,INTERNATIONAL JOURNAL OF SOCIAL ECONOMICS,2020,10.1108/IJSE-08-2019-0496,10
Examining an Alcohol consumption Kuznets Curve for developed countries,APPLIED ECONOMICS LETTERS,2019,10.1080/13504851.2019.1581901,3
MODELLING SOCIO-ECONOMIC DIFFERENCES IN MORTALITY USING A NEW AFFLUENCE INDEX,ASTIN BULLETIN,2019,10.1017/asb.2019.14,26
Aging and Wealth Inequality in a Neoclassical Growth Model,FEDERAL RESERVE BANK OF ST LOUIS REVIEW,2016,,2
Blowin' in the wind: Long-term downwind exposure to air pollution from power plants and adult mortality,JOURNAL OF ENVIRONMENTAL ECONOMICS AND MANAGEMENT,2024,10.1016/j.jeem.2024.103072,1
Longevity bias in cost-effectiveness analysis,HEALTH ECONOMICS,2008,10.1002/hec.1309,4
The impact of bequest taxation on savings and transfers,EQUILIBRIUM-QUARTERLY JOURNAL OF ECONOMICS AND ECONOMIC POLICY,2023,10.24136/eq.2023.010,2
"Key Drivers of Long-Term Rates of Mortality Improvements in the United States: Period, Cohort, and Cause of Death Analysis, 1959-2016",NORTH AMERICAN ACTUARIAL JOURNAL,2024,10.1080/10920277.2023.2167834,1
Macroeconomic Indicators and Subjective Well-Being: Evidence from the European Union,STATISTIKA-STATISTICS AND ECONOMY JOURNAL,2022,10.54694/stat.2022.19,2
Evaluation of the long-term cost-effectiveness of liraglutide therapy for patients with type 2 diabetes in France,JOURNAL OF MEDICAL ECONOMICS,2016,10.3111/13696998.2015.1100998,17
Inferring the economic standard of living and health from cohort height: Evidence from modern populations in developing countries,ECONOMICS & HUMAN BIOLOGY,2015,10.1016/j.ehb.2015.08.005,25
Self-protection investment exacerbates air pollution exposure inequality in urban China,ECOLOGICAL ECONOMICS,2017,10.1016/j.ecolecon.2016.06.030,176
Generational Impacts of Demographic Changes in Pay-as-you-go Pension Schemes: Measurement and Application to the Netherlands,ECONOMIST-NETHERLANDS,2012,10.1007/s10645-011-9178-1,6
A COMPARISON OF LIVING STANDARDS ACROSS THE UNITED STATES OF AMERICA,INTERNATIONAL ECONOMIC REVIEW,2023,10.1111/iere.12604,0
CAPITAL- AND LABOR-SAVING TECHNICAL CHANGE IN AN AGING ECONOMY,INTERNATIONAL ECONOMIC REVIEW,2017,10.1111/iere.12216,20
A matter of life and death: innovation and firm survival,INDUSTRIAL AND CORPORATE CHANGE,2005,10.1093/icc/dth081,277
Wealthier is healthier,JOURNAL OF HUMAN RESOURCES,1996,10.2307/146149,628
THE POPULATION OF CUBA - THE GROWTH AND CHARACTERISTICS OF ITS LABOR-FORCE,COLUMBIA JOURNAL OF WORLD BUSINESS,1995,10.1016/0022-5428(95)90036-5,0
Dynamic impact of uncertainty on R & D cooperation formation and research performance: Evidence from the bio-pharmaceutical industry,RESEARCH POLICY,2017,10.1016/j.respol.2017.05.009,51
The influence of the healthcare system on optimal economic growth,ECONOMIC MODELLING,2013,10.1016/j.econmod.2013.08.023,1
On age-period-cohort parametric mortality rate projections,INSURANCE MATHEMATICS & ECONOMICS,2009,10.1016/j.insmatheco.2009.07.006,61
"The impact of income inequality on individual and societal health: Absolute income, relative income and statistical artefacts",HEALTH ECONOMICS,2001,10.1002/hec.613,24
Does clean air increase the demand for the consumer city? Evidence from Beijing,JOURNAL OF REGIONAL SCIENCE,2019,10.1111/jors.12443,37
Flexible pension take-up in social security,INTERNATIONAL TAX AND PUBLIC FINANCE,2016,10.1007/s10797-015-9354-3,1
When more is less: Do information and communication technologies (ICTs) improve health outcomes? An empirical investigation in a non-linear framework,SOCIO-ECONOMIC PLANNING SCIENCES,2022,10.1016/j.seps.2021.101218,8
Determinants of Female Labour Force Participation in Urban India: Does Outdoor Air Pollution Matter?,INDIAN JOURNAL OF LABOUR ECONOMICS,2023,10.1007/s41027-023-00451-8,0
Which factors affect the sustainability of pension schemes?,ECONOMIC AFFAIRS,2023,10.1111/ecaf.12569,1
Health capital provision and human capital accumulation,OXFORD ECONOMIC PAPERS-NEW SERIES,2020,10.1093/oep/gpaa004,15
Preferences for life-expectancy gains: Sooner or later?,JOURNAL OF RISK AND UNCERTAINTY,2015,10.1007/s11166-015-9217-4,13
Conjugal bereavement effects on health and mortality at advanced ages,JOURNAL OF HEALTH ECONOMICS,2011,10.1016/j.jhealeco.2011.05.011,50
Causation between health and income: a need to panic,EMPIRICAL ECONOMICS,2012,10.1007/s00181-011-0541-5,21
How Deep Is the Annuity Market Participation Puzzle?,REVIEW OF FINANCIAL STUDIES,2011,10.1093/rfs/hhq080,121
THE VANISHING EFFECT OF FINANCE ON ECONOMIC DEVELOPMENT,MACROECONOMIC DYNAMICS,2021,10.1017/S1365100519000312,3
"Barriers to Prosperity: Parasitic and Infectious Diseases, IQ, and Economic Development",WORLD DEVELOPMENT,2016,10.1016/j.worlddev.2015.10.032,15
Will the Institute for Clinical and Economic Review's Shared Savings Approach Decrease Value-Based Prices Most for the Most Severe Diseases?,VALUE IN HEALTH,2024,10.1016/j.jval.2024.09.002,1
Informing Shared Decisions about Advance Directives for Patients with Severe Chronic Obstructive Pulmonary Disease: A Modeling Approach,VALUE IN HEALTH,2012,10.1016/j.jval.2011.10.015,5
Run for your life? The effect of close elections on the life expectancy of politicians,JOURNAL OF ECONOMIC BEHAVIOR & ORGANIZATION,2019,10.1016/j.jebo.2019.09.003,7
AN ODDITY IN THE HUMAN DEVELOPMENT INDEX,INVESTIGACION ECONOMICA,2024,10.22201/fe.01851667p.2024.327.85909,1
"Harsh occupations, life expectancy and social security",ECONOMIC MODELLING,2016,10.1016/j.econmod.2016.05.030,18
Health and economic growth: Reconciling the micro and macro evidence,WORLD DEVELOPMENT,2024,10.1016/j.worlddev.2024.106575,7
Resilience in a time of crisis: how COVID-19 pandemic insights are supporting a vibrant longevity risk transfer market,JOURNAL OF DEMOGRAPHIC ECONOMICS,2023,10.1017/dem.2023.5,0
The medium-term impact of non-pharmaceutical interventions. The case of the 1918 influenza in US cities,ECONOMIC POLICY,2022,10.1093/epolic/eiac003,2
What makes annuitization more appealing?,JOURNAL OF PUBLIC ECONOMICS,2014,10.1016/j.jpubeco.2013.05.007,60
On the Importance of Taking End-of-Life Expenditures into Account when Projecting Health-Care Spending,CANADIAN PUBLIC POLICY-ANALYSE DE POLITIQUES,2014,10.3138/cpp.2012-096a,3
From cradle to grave: How to loot a 401(k) plan,JOURNAL OF FINANCIAL ECONOMICS,2000,10.1016/S0304-405X(00)00048-9,5
Dynamic inference of healthcare expenditure on economic growth in Sub-Saharan Africa: a dynamic heterogenous panel data analysis,JOURNAL OF ECONOMIC AND ADMINISTRATIVE SCIENCES,2024,10.1108/JEAS-03-2021-0049,3
Effect of foreign direct investment on population health in Africa: Is there any threshold role of governance?,ECONOMICS BULLETIN,2023,,0
Impact of Longevity Risks on the Korean Government: Proposing a New Mortality Forecasting Model,KOREAN ECONOMIC REVIEW,2020,,0
Deep and Proximate Determinants of the World Income Distribution,REVIEW OF INCOME AND WEALTH,2020,10.1111/roiw.12418,5
Global Care Chains: Transnational Migrant CareWorkers,INTERNATIONAL JOURNAL OF COMPARATIVE LABOUR LAW AND INDUSTRIAL RELATIONS,2012,,15
Do consumers try to solve the air pollution problem themselves? the effects of air pollution on purchase of hybrid and electric cars,JOURNAL OF ECONOMIC BEHAVIOR & ORGANIZATION,2024,10.1016/j.jebo.2024.03.006,1
Preventing a new baby: Impact of air pollution on fertility intention,JOURNAL OF ASIAN ECONOMICS,2023,10.1016/j.asieco.2023.101666,3
Target benefit pension plan with longevity risk and intergenerational equity,ASTIN BULLETIN-THE JOURNAL OF THE INTERNATIONAL ACTUARIAL ASSOCIATION,2023,10.1017/asb.2022.27,6
Human development and decentralization: The importance of public health expenditure,ANNALS OF PUBLIC AND COOPERATIVE ECONOMICS,2023,10.1111/apce.12373,11
Air pollution and brain drain: Evidence from college graduates in China,CHINA ECONOMIC REVIEW,2021,10.1016/j.chieco.2021.101624,54
"Aging society, health and the environment",JOURNAL OF POPULATION ECONOMICS,2012,10.1007/s00148-011-0380-x,23
On the Fairness of Early-Retirement Provisions,GERMAN ECONOMIC REVIEW,2010,10.1111/j.1468-0475.2009.00464.x,13
Does 'early purchase' improve the willingness to pay for long-term care insurance?,APPLIED ECONOMICS LETTERS,2009,10.1080/13504850701720171,8
Ethnic inequality and public health,HEALTH ECONOMICS,2024,10.1002/hec.4759,0
Externalities of human capital,MATHEMATICAL SOCIAL SCIENCES,2021,10.1016/j.mathsocsci.2021.03.013,6
Analyse of selected indicators of public health in view of sustainable development strategy in the EU countries,PROBLEMY ZARZADZANIA-MANAGEMENT ISSUES,2013,10.7172/1644-9584.41.4,0
A comparative study of parametric mortality projection models,INSURANCE MATHEMATICS & ECONOMICS,2011,10.1016/j.insmatheco.2010.09.003,121
"Terrorism, Media Coverage, and Education: Evidence from Al-Shabaab Attacks in Kenya",JOURNAL OF THE EUROPEAN ECONOMIC ASSOCIATION,2023,10.1093/jeea/jvac054,2
What can China Expect from an Increase of the Mandatory Retirement Age?,ANNALS OF ECONOMICS AND FINANCE,2018,,9
"Mortality, human capital and persistent inequality",JOURNAL OF ECONOMIC GROWTH,2005,10.1007/s10887-005-1670-5,73
Minimum working age and the gender mortality gap,JOURNAL OF POPULATION ECONOMICS,2022,10.1007/s00148-021-00858-x,6
"Active aging, preventive health and dependency: Heterogeneous workers, differential behavior",JOURNAL OF ECONOMIC BEHAVIOR & ORGANIZATION,2015,10.1016/j.jebo.2015.06.001,9
HEALTH INVESTMENT AND ECONOMIC OUTPUT IN REGIONAL CHINA,CONTEMPORARY ECONOMIC POLICY,2014,10.1111/coep.12022,9
HUMAN WELL-BEING EFFECTS OF INSTITUTIONS AND SOCIAL CAPITAL,CONTEMPORARY ECONOMIC POLICY,2009,10.1111/j.1465-7287.2008.00096.x,13
Ageing and public capital accumulation,INTERNATIONAL TAX AND PUBLIC FINANCE,2008,10.1007/s10797-007-9041-0,14
Does the creation of a reserve fund for the PAYG pension system increase welfare?,REVUE D ECONOMIE POLITIQUE,2006,10.3917/redp.163.0327,0
Old age support for private sector employees in Malaysia: Can the employees provident fund do better?,HITOTSUBASHI JOURNAL OF ECONOMICS,2002,10.15057/7688,5
Ambiguous life expectancy and the demand for annuities,THEORY AND DECISION,2018,10.1007/s11238-018-9658-8,7
Immigrant Entrepreneurship and Business Survival during Recession: Evidence from a Local Economy,JOURNAL OF ENTREPRENEURSHIP,2018,10.1177/0971355718781248,7
UNIVERSITY STUDENTS AND TAX LITERACY: OPPORTUNITIES AND LESSONS FOR TAX TEACHING,JOURNAL OF THE AUSTRALASIAN TAX TEACHERS ASSOCIATION,2016,,5
The role of marriage in the causal pathway from economic conditions early in life to mortality,JOURNAL OF HEALTH ECONOMICS,2015,10.1016/j.jhealeco.2014.02.004,29
Environmental monitoring and enforcement in China: an economic perspective review,CHINA ECONOMIC JOURNAL,2024,10.1080/17538963.2023.2300863,4
The risk of inappropriateness: An analysis of the hospitalisations in the Italian geriatric wards,SOCIO-ECONOMIC PLANNING SCIENCES,2021,10.1016/j.seps.2020.100866,2
A longitudinal study of the effects of age and time to death on hospital costs,JOURNAL OF HEALTH ECONOMICS,2004,10.1016/j.jhealeco.2003.08.004,165
Treatment cost and life expectancy of diffuse large B-cell lymphoma (DLBCL): a discrete event simulation model on a UK population-based observational cohort,EUROPEAN JOURNAL OF HEALTH ECONOMICS,2017,10.1007/s10198-016-0775-4,16
COAL SMOKE AND MORTALITY IN AN EARLY INDUSTRIAL ECONOMY,ECONOMIC JOURNAL,2018,10.1111/ecoj.12522,47
World inequality and globalization,OXFORD REVIEW OF ECONOMIC POLICY,2004,10.1093/oxrep/grh002,46
Long-term Sustainability of Pension Systems of European Union Countries,POLITICKA EKONOMIE,2021,10.18267/j.polek.1307,0
Equilibrium Health Spending and Population Aging in a Model of Endogenous Growth: Will the GDP Share of Health Spending Keep Rising?,JOURNAL OF HUMAN CAPITAL,2013,10.1086/675640,30
Rising educational gradients in mortality: The role of behavioral risk factors,JOURNAL OF HEALTH ECONOMICS,2011,10.1016/j.jhealeco.2011.06.009,80
Evaluating and extending the Lee-Carter model for mortality forecasting: Bootstrap confidence interval,INSURANCE MATHEMATICS & ECONOMICS,2006,10.1016/j.insmatheco.2005.06.008,134
The optimal timing of living-donor liver transplantation,MANAGEMENT SCIENCE,2004,10.1287/mnsc.1040.0287,127
Climate and the Emergence of Global Income Differences,REVIEW OF ECONOMIC STUDIES,2016,10.1093/restud/rdw006,40
Optimal Allocation of Retirement Portfolios,JOURNAL OF RISK AND FINANCIAL MANAGEMENT,2022,10.3390/jrfm15020065,0
Early Pension Claiming and Expected Longevity: A Register-Based Study on the Take-up of the Partial Old-Age Pension in Finland,WORK AGING AND RETIREMENT,2022,10.1093/workar/waab011,2
The role of governance in the health expenditure-health outcomes nexus: insights from West Africa,INTERNATIONAL JOURNAL OF SOCIAL ECONOMICS,2021,10.1108/IJSE-06-2020-0404,13
"Air pollution, behavioral bias, and the disposition effect in China",JOURNAL OF FINANCIAL ECONOMICS,2021,10.1016/j.jfineco.2019.09.003,112
The effects of the entries by bike-sharing platforms on urban air quality,CHINA ECONOMIC QUARTERLY INTERNATIONAL,2023,10.1016/j.ceqi.2023.09.003,0
"Mass media, air quality, and management turnover",JOURNAL OF INTERNATIONAL FINANCIAL MARKETS INSTITUTIONS & MONEY,2022,10.1016/j.intfin.2022.101688,3
"Disease Eradication, Infant Mortality, and Fertility Response: Evidence from Malaria Eradication in India",JOURNAL OF DEVELOPMENT STUDIES,2022,10.1080/00220388.2022.2130053,1
British economic growth since 1270: the role of education,JOURNAL OF ECONOMIC GROWTH,2017,10.1007/s10887-017-9145-z,30
"Mortality decline, human capital investment, and economic growth",JOURNAL OF DEVELOPMENT ECONOMICS,2000,10.1016/S0304-3878(00)00073-0,224
Microdata analysis about the effects of health status and bequest motive on the elderly household assets in Japan,INTERNATIONAL JOURNAL OF ECONOMIC POLICY STUDIES,2022,10.1007/s42495-021-00067-0,0
"Demographics, immigration, and market size",JAPANESE ECONOMIC REVIEW,2020,10.1007/s42973-019-00023-w,1
Human Capital Choice and the Wage Gap: The Role of Worklife Expectancy and Statistical Discrimination,JOURNAL OF LABOR RESEARCH,2015,10.1007/s12122-015-9200-5,2
Toward generation XL: Anthropometrics of longevity in late 20th-century United States,ECONOMICS & HUMAN BIOLOGY,2005,10.1016/j.ehb.2005.04.006,13
"A ""new"" general theory of population ageing",GENEVA PAPERS ON RISK AND INSURANCE-ISSUES AND PRACTICE,2004,10.1111/j.1468-0440.2004.00309.x,16
"Mortality Risk Information, Survival Expectations and Sexual Behaviours",ECONOMIC JOURNAL,2024,10.1093/ej/uead116,1
Respecting equality in economic option appraisal: valuing the time of your life,ECONOMICS AND PHILOSOPHY,2022,10.1017/S0266267122000128,1
YOLO: Mortality Beliefs and Household Finance Puzzles,JOURNAL OF FINANCE,2019,10.1111/jofi.12828,72
A Life Course Perspective on Gender Differences in Cognitive Functioning in India,JOURNAL OF HUMAN CAPITAL,2016,10.1086/688898,12
Does education affect smoking behaviors? Evidence using the Vietnam draft as an instrument for college education,JOURNAL OF HEALTH ECONOMICS,2007,10.1016/j.jhealeco.2006.12.005,171
"China, economic development and mortality decline",WORLD DEVELOPMENT,2005,10.1016/j.worlddev.2004.09.003,40
Does Globalization improve Health in Sub-Saharan African countries?,ECONOMICS BULLETIN,2020,,8
"The Economic and Demographic Transition, Mortality, and Comparative Development",AMERICAN ECONOMIC JOURNAL-MACROECONOMICS,2015,10.1257/mac.20130170,52
Adverse selection in the annuity market with sequential and simultaneous insurance demand,GENEVA RISK AND INSURANCE REVIEW,2006,10.1007/s10713-006-0558-4,2
Pension reform during the demographic transition,SCANDINAVIAN JOURNAL OF ECONOMICS,2000,10.1111/1467-9442.03206,42
"""Demographic Winter"": Does it Have an Impact on Indonesia? Population Economic Records",ETIKONOMI,2023,10.15408/etk.v22i2.31264,0
Environmental regulation and outward foreign direct investment: Evidence from China,CHINA ECONOMIC REVIEW,2022,10.1016/j.chieco.2022.101877,13
"Pollution, children's health and the evolution of human capital inequality",MATHEMATICAL SOCIAL SCIENCES,2021,10.1016/j.mathsocsci.2021.03.009,4
Education and health: The role of cognitive ability,JOURNAL OF HEALTH ECONOMICS,2015,10.1016/j.jhealeco.2015.03.003,42
Age of machinery and equipment in the Czech agriculture,AGRICULTURAL ECONOMICS-ZEMEDELSKA EKONOMIKA,2015,10.17221/238/2014-AGRICECON,5
On the integration of deterministic opinions into mortality smoothing and forecasting,ANNALS OF ACTUARIAL SCIENCE,2022,10.1017/S1748499521000282,3
Managing the delivery of dialysis therapy: A multiclass fluid model analysis,MANAGEMENT SCIENCE,2000,10.1287/mnsc.46.10.1317.12271,4
Quality of life and the WTP for an increased life expectancy at an advanced age,JOURNAL OF PUBLIC ECONOMICS,1997,10.1016/S0047-2727(97)00014-5,50
Why Do the Elderly Save? The Role of Medical Expenses,JOURNAL OF POLITICAL ECONOMY,2010,10.1086/651674,371
Choosing longevity with overlapping generations: To be or not to be in Diamond's model,B E JOURNAL OF MACROECONOMICS,2008,,5
"Pauvrete, Egalite, Mortalite: mortality (in)equality in France and the United States",JOURNAL OF POPULATION ECONOMICS,2020,10.1007/s00148-019-00736-7,12
Causes of the Russian mortality crisis:: Evidence and interpretations,WORLD DEVELOPMENT,1998,10.1016/S0305-750X(98)00102-8,122
Cost-effectiveness analysis of lamivudine for the treatment of chronic hepatitis B,PHARMACOECONOMICS,2000,10.2165/00019053-200017050-00001,36
ANALYSIS OF RELATIVE PROSPERITY IN ROMANIA AND SLOVENIA USING THE BEING-LOVING-HAVING MODEL,AMFITEATRU ECONOMIC,2017,,4
"Elderly empowerment, fertility, and public pensions",INTERNATIONAL TAX AND PUBLIC FINANCE,2021,10.1007/s10797-020-09644-z,6
RECTANGULARIZATION AND THE RISE IN LIMIT-LONGEVITY IN A SIMPLE OVERLAPPING GENERATIONS MODEL,MANCHESTER SCHOOL,2009,10.1111/j.1467-9957.2008.02085.x,5
<i>Killer cities</i> and <i>industrious cities</i>? New data and evidence on 250 years of urban growth,JOURNAL OF ECONOMIC GEOGRAPHY,2023,10.1093/jeg/lbac015,2
"Impact of mass media on public awareness: The ""Under the Dome"" effect in China",TECHNOLOGICAL FORECASTING AND SOCIAL CHANGE,2021,10.1016/j.techfore.2021.121145,13
"Missed opportunities? Human welfare in Western Europe and the United States, 1913-1950",EXPLORATIONS IN ECONOMIC HISTORY,2019,10.1016/j.eeh.2018.11.004,9
WHAT DO WE KNOW ABOUT ANNUITIZATION DECISIONS?,RISK MANAGEMENT AND INSURANCE REVIEW,2019,10.1111/rmir.12115,23
Institutional deficit and health outcomes in post-communist states,ECONOMIC SYSTEMS,2018,10.1016/j.ecosys.2017.05.006,2
A CALL FOR ESTABLISHING A PUBLIC POLICY FOR MITIGATING THE EFFECTS OF DEMENTIA ON MODERN WORKPLACES,ECONOMICS & SOCIOLOGY,2018,10.14254/2071-789X.2018/11-1/11,6
ACHIEVEMENTS AND CHALLENGES FOR HEALTH IN AFRICA: THE IMPORTANCE OF NATIONAL HEALTH SYSTEMS FOR MDGs,REVISTA DE ECONOMIA MUNDIAL,2011,,0
THE FISCAL CONSEQUENCES OF TRENDS IN POPULATION HEALTH,NATIONAL TAX JOURNAL,2010,10.17310/ntj.2010.2.07,22
Time spent on waiting lists for medical care: an insurance approach,JOURNAL OF HEALTH ECONOMICS,1998,10.1016/S0167-6296(97)00044-1,28
Welfare comparisons within countries beyond GDP: An application to Nigeria,ECONOMIC MODELLING,2024,10.1016/j.econmod.2024.106831,0
Societal Ageing in the Netherlands: A Robust System Dynamics Approach,SYSTEMS RESEARCH AND BEHAVIORAL SCIENCE,2015,10.1002/sres.2340,23
Demand Changes and Real Exchange Rate Dynamics in a Finite-Horizon Model with Sectoral Adjustment Costs,SOUTHERN ECONOMIC JOURNAL,2009,,4
Pension challenges and pension reforms in OECD countries,OXFORD REVIEW OF ECONOMIC POLICY,2006,10.1093/oxrep/grj006,67
Economic evaluation of orlistat in overweight and obese patients with type 2 diabetes mellitus,PHARMACOECONOMICS,2003,10.2165/00019053-200321070-00005,26
"The Cost of Pollution on Longevity, Welfare and Economic Stability",ENVIRONMENTAL & RESOURCE ECONOMICS,2017,10.1007/s10640-016-0041-3,10
THE EVOLUTION OF EDUCATION: A MACROECONOMIC ANALYSIS,INTERNATIONAL ECONOMIC REVIEW,2013,10.1111/iere.12022,22
Conditional investment policy under uncertainty and irreversibility,EUROPEAN JOURNAL OF OPERATIONAL RESEARCH,2001,10.1016/S0377-2217(00)00172-7,4
ASYMPTOTIC AGE STRUCTURES AND INTERGENERATIONAL TRADE,METROECONOMICA,2011,10.1111/j.1467-999X.2010.04105.x,2
Malaria Eradication and Educational Attainment: Evidence from Paraguay and Sri Lanka,AMERICAN ECONOMIC JOURNAL-APPLIED ECONOMICS,2010,10.1257/app.2.2.46,127
Alive but not well: The neglected cost of air pollution,HEALTH ECONOMICS,2023,10.1002/hec.4743,0
Case study of a healthcare virtual community model,TECHNOLOGICAL FORECASTING AND SOCIAL CHANGE,2023,10.1016/j.techfore.2022.122281,3
R&D Strategic Alliances in Embrapa and the Generation of Agricultural Innovations,REVISTA BRASILEIRA DE INOVACAO,2021,10.20396/rbi.v20i00.8654230,0
Beyond GDP: Is there a law of one shadow price?,EUROPEAN ECONOMIC REVIEW,2017,10.1016/j.euroecorev.2017.09.001,6
"HIV testing, subjective beliefs and economic behavior",JOURNAL OF DEVELOPMENT ECONOMICS,2012,10.1016/j.jdeveco.2012.03.001,15
The Cost of Cyclical Mortality,B E JOURNAL OF MACROECONOMICS,2009,,4
Analysis of physicians' perspectives versus patients' preferences: direct assessment and discrete choice experiments in the therapy of multiple myeloma,EUROPEAN JOURNAL OF HEALTH ECONOMICS,2011,10.1007/s10198-010-0218-6,59
Lessons learned from the history of postgraduate medical training in Japan: from disease-centred care to patient-centred care in an aging society,HUMAN RESOURCES FOR HEALTH,2022,10.1186/s12960-022-00752-x,7
Public goods and diversity in democracies and non-democracies,KYKLOS,2024,10.1111/kykl.12374,1
Health benefits of local government sustainability efforts: A social cognitive perspective,ECOLOGICAL ECONOMICS,2021,10.1016/j.ecolecon.2021.107207,1
Demographic change and real house prices: a general equilibrium perspective,JOURNAL OF ECONOMICS,2020,10.1007/s00712-019-00670-y,1
Growth effects of environmental policy when pollution affects health,ECONOMIC MODELLING,2011,10.1016/j.econmod.2011.02.035,28
COVID-19 and Air Quality: Evidence from China,EMERGING MARKETS FINANCE AND TRADE,2020,10.1080/1540496X.2020.1790353,85
Life Expectancy and Claiming Behavior in a Flexible Pension System,SCANDINAVIAN JOURNAL OF ECONOMICS,2018,10.1111/sjoe.12271,3
When trade liberalization is self-fulfilling: Population aging and uncertainty,ECONOMICS & POLITICS,2018,10.1111/ecpo.12108,1
Subjective life horizon and portfolio choice,JOURNAL OF ECONOMIC BEHAVIOR & ORGANIZATION,2015,10.1016/j.jebo.2015.04.006,29
The evolution of the disability-adjusted life year (DALY),SOCIO-ECONOMIC PLANNING SCIENCES,2015,10.1016/j.seps.2014.12.002,55
"Longevity risk, retirement savings, and financial innovation",JOURNAL OF FINANCIAL ECONOMICS,2012,10.1016/j.jfineco.2011.10.002,83
Aging Population and Economic Growth in Developing Countries: A Quantile Regression Approach,EMERGING MARKETS FINANCE AND TRADE,2021,10.1080/1540496X.2019.1698418,23
Measuring the efficiency of health systems of OECD countries by data envelopment analysis,APPLIED ECONOMICS,2016,10.1080/00036846.2016.1139682,46
"Smoking, health, risk, and perception",JOURNAL OF HEALTH ECONOMICS,2005,10.1016/j.jhealeco.2004.11.001,33
Modeling the effects of health on economic growth,JOURNAL OF HEALTH ECONOMICS,2001,10.1016/S0167-6296(01)00073-X,280
Treating Type 1 Diabetes Mellitus with a Rapid-Acting Analog Insulin Regimen vs. Regular Human Insulin in Germany: A Long-Term Cost-Effectiveness Evaluation,APPLIED HEALTH ECONOMICS AND HEALTH POLICY,2018,10.1007/s40258-018-0379-5,6
Longevity hedge effectiveness using socioeconomic indices,INSURANCE MATHEMATICS & ECONOMICS,2024,10.1016/j.insmatheco.2023.11.008,0
On the interaction between education and social security,REVIEW OF ECONOMIC DYNAMICS,2004,10.1016/j.red.2004.04.003,3
Valuation of Pools of Senior Life Settlements during the COVID-19 Pandemic and the Death Multiplier Factor,JOURNAL OF ALTERNATIVE INVESTMENTS,2024,,0
Economic and Social Convergence in Colombia,REGIONAL STUDIES,2015,10.1080/00343404.2012.762086,44
A parsimonious model of subjective life expectancy,THEORY AND DECISION,2013,10.1007/s11238-013-9355-6,23
Health Capacity to Work among Older Adults in Viet Nam,ASIAN DEVELOPMENT REVIEW,2024,10.1142/S0116110524400080,1
Can environmental tax curb air pollution: evidence from China,APPLIED ECONOMICS LETTERS,2023,10.1080/13504851.2022.2061703,4
Do International Sanctions Reduce Household and Government Consumption in Developing Countries?,SOUTH AFRICAN JOURNAL OF ECONOMICS,2021,10.1111/saje.12281,3
"The state of the management process of microenterprises in the south Isthmus of Tehuantepec, Mexico",FAEDPYME INTERNATIONAL REVIEW-FIR,2016,,0
"The empirical assessment of multidimensional welfare, inequality and poverty: Sample weighted multivariate generalizations of the Kolmogorov-Smirnov two sample tests for stochastic dominance",JOURNAL OF ECONOMIC INEQUALITY,2008,10.1007/s10888-006-9048-2,14
Demographic effects on personal saving in the future,SOUTHERN ECONOMIC JOURNAL,2003,10.2307/1061693,3
The limited power of socioeconomic status to predict lifespan: Implications for pension policy,JOURNAL OF THE ECONOMICS OF AGEING,2021,10.1016/j.jeoa.2021.100339,4
Capital flight and public health outcomes in Africa,HEALTH ECONOMICS,2024,10.1002/hec.4789,2
The health gap and its effect on economic outcomes,JOURNAL OF MACROECONOMICS,2022,10.1016/j.jmacro.2022.103461,0
"Inequality, social protection policy, and inclusion: pertinent theories and empirical evidence",JOURNAL OF SOCIAL AND ECONOMIC DEVELOPMENT,2022,10.1007/s40847-022-00185-1,4
Health and Economic Development from Cross-Country Perspectives,FEDERAL RESERVE BANK OF ST LOUIS REVIEW,2020,10.20955/r.102.79-98,0
"Transition to modern growth in Great Britain: The role of technological progress, adult mortality and factor accumulation",STRUCTURAL CHANGE AND ECONOMIC DYNAMICS,2019,10.1016/j.strueco.2019.02.007,6
Corrective factors for longevity projections in a dynamic context,EUROPEAN ACTUARIAL JOURNAL,2018,10.1007/s13385-018-0166-6,0
"Adult Learning, Economic Growth and the Distribution of Income",ECONOMIES,2018,10.3390/economies6010011,2
Common mortality modeling and coherent forecasts. An empirical analysis of worldwide mortality data,INSURANCE MATHEMATICS & ECONOMICS,2013,10.1016/j.insmatheco.2012.12.009,39
Migration in the Baltic Sea Region in the Context of Demographic Change,JOURNAL OF EAST-WEST BUSINESS,2013,10.1080/10669868.2013.780507,4
Intergenerational actuarial fairness when longevity increases: Amending the retirement age,INSURANCE MATHEMATICS & ECONOMICS,2023,10.1016/j.insmatheco.2023.08.007,4
Cost-Effectiveness of the New 2018 American College of Physicians Glycemic Control Guidance Statements Among US Adults With Type 2 Diabetes,VALUE IN HEALTH,2021,10.1016/j.jval.2020.09.010,0
Cost-effectiveness analysis of the SAPIEN 3 TAVI valve compared with surgery in intermediate-risk patients,JOURNAL OF MEDICAL ECONOMICS,2019,10.1080/13696998.2018.1559600,26
PCSK9 Inhibitors Show Value for Patients and the US Health Care System,VALUE IN HEALTH,2017,10.1016/j.jval.2017.05.014,6
"Cost-Effectiveness of Specialized Multidisciplinary Heart Failure Clinics in Ontario, Canada",VALUE IN HEALTH,2010,10.1111/j.1524-4733.2010.00797.x,48
Determinants of the number of deaths from COVID-19: differences between low-income and high-income countries in the initial stages of the pandemic,INTERNATIONAL JOURNAL OF SOCIAL ECONOMICS,2021,10.1108/IJSE-11-2020-0752,11
Financial requirement to achieve health-related SDGs in Punjab,JOURNAL OF SUSTAINABLE FINANCE & INVESTMENT,2019,10.1080/20430795.2018.1562774,0
ECONOMIC GROWTH AND HEALTH: A COMPARATIVE STUDY OF THE EU COUNTRIES,ECONOMICS & SOCIOLOGY,2016,10.14254/2071-789X.2016/9-3/14,5
"Longevity risk, subjective survival expectations, and individual saving behavior",JOURNAL OF ECONOMIC BEHAVIOR & ORGANIZATION,2013,10.1016/j.jebo.2012.11.012,47
Mortality in Russia: A public health crisis in two stages,REVUE D ETUDES COMPARATIVES EST-OUEST,1995,10.3406/receo.1995.2757,4
Clinical implications and cost-effectiveness analysis of rivaroxaban in patients with coronary artery disease or peripheral arterial disease in the Netherlands,JOURNAL OF MEDICAL ECONOMICS,2021,10.1080/13696998.2021.1997024,3
Determinants of Credit Ratings of Russia's Regions,REGIONOLOGIYA-REGIONOLOGY RUSSIAN JOURNAL OF REGIONAL STUDIES,2021,10.15507/2413-1407.115.029.202102.355-379,0
Aging populations and expenditures on health,JOURNAL OF THE ECONOMICS OF AGEING,2024,10.1016/j.jeoa.2024.100518,1
A Multi-state Model of Functional Disability and Health Status in the Presence of Systematic Trend and Uncertainty,NORTH AMERICAN ACTUARIAL JOURNAL,2021,10.1080/10920277.2019.1708755,16
Predictive Modeling of Obesity Prevalence for the U.S. Population,NORTH AMERICAN ACTUARIAL JOURNAL,2019,10.1080/10920277.2018.1506348,5
"Malaria suitability, urbanization and persistence: Evidence from China over more than 2000 years",EUROPEAN ECONOMIC REVIEW,2017,10.1016/j.euroecorev.2016.12.006,8
"Geography, demography, and early development",JOURNAL OF POPULATION ECONOMICS,2005,10.1007/s00148-004-0212-3,4
Health human capital formation in the OECD: Exploring the role of welfare state composition,ECONOMICS & POLITICS,2024,10.1111/ecpo.12263,0
Sports Mega-Events and Economic Growth: A Synthetic Control Approach,JOURNAL OF SPORTS ECONOMICS,2022,10.1177/15270025211071029,9
INHERITED TASTES AND ENDOGENOUS LONGEVITY,MACROECONOMIC DYNAMICS,2019,10.1017/S1365100516001322,2
The cost of uncertain life span,JOURNAL OF POPULATION ECONOMICS,2013,10.1007/s00148-012-0405-0,36
The effect of governance on capital flows in Sub-Saharan African countries,JOURNAL OF INFRASTRUCTURE POLICY AND DEVELOPMENT,2023,10.24294/jipd.v7i3.2122,0
Cost-Effectiveness of Providing the Depression Care for People With Cancer Program to Patients With Prostate Cancer in the United States,VALUE IN HEALTH,2021,10.1016/j.jval.2020.09.008,0
Can ICT Diffusion Reduce Income Inequality for a Better Life? Evidence from Indonesian Provinces,ASIAN JOURNAL OF APPLIED ECONOMICS,2024,,0
Short- and Long-Term Dynamics of Cause-Specific Mortality Rates Using Cointegration Analysis,NORTH AMERICAN ACTUARIAL JOURNAL,2022,10.1080/10920277.2021.1874421,3
"Mass media, information and demand for environmental quality: Evidence from the ""Under the Dome""",JOURNAL OF DEVELOPMENT ECONOMICS,2020,10.1016/j.jdeveco.2019.102402,92
The Life Esidimeni arbitration and the actuarial quantification of constitutional damages,SOUTH AFRICAN ACTUARIAL JOURNAL,2018,10.4314/saaj.v18i1.4,5
"Extensions to the Dynamic Aspects of the Retirement Transition and Adjustment Framework (RTAF): Adjustment Behaviors, Work Styles, and Identity",WORK AGING AND RETIREMENT,2015,10.1093/workar/wau004,25
"The Economic Consequences of Demographic Change: Its Impact on Growth, Investment and the Capital Stock",EUROPEAN JOURNAL OF ECONOMICS AND ECONOMIC POLICIES-INTERVENTION,2008,10.4337/ejeep.2008.01.09,0
Who will pay for long-term care in the UK? Projections linking macro- and micro-simulation models,FISCAL STUDIES,2003,,21
Health-seeking behaviour and rural/urban variation in Kazakhstan,HEALTH ECONOMICS,2003,10.1002/hec.749,10
District heating versus self-heating: Estimation of energy efficiency gap using regression discontinuity design,CHINA ECONOMIC QUARTERLY INTERNATIONAL,2021,10.1016/j.ceqi.2021.08.003,5
Health dynamics shape life-cycle incomes,JOURNAL OF HEALTH ECONOMICS,2021,10.1016/j.jhealeco.2020.102398,9
The Long-Term Financial Sustainability of the Civil Service Pension Scheme in Malaysia,ASIAN ECONOMIC PAPERS,2019,10.1162/asep_a_00670,4
Demographic transitions: analyzing the effects of mortality on fertility,JOURNAL OF POPULATION ECONOMICS,2010,10.1007/s00148-009-0255-6,80
Does unemployment aggravate suicide rates in South Africa? Some empirical evidence,REVIEW OF SOCIAL ECONOMY,2020,10.1080/00346764.2019.1630667,4
Life-cycle preferences over consumption and health: when is cost-effectiveness analysis equivalent to cost-benefit analysis?,JOURNAL OF HEALTH ECONOMICS,1999,10.1016/S0167-6296(99)00014-4,144
Credit constraints and human capital policies,JOURNAL OF PUBLIC ECONOMICS,2022,10.1016/j.jpubeco.2022.104624,1
Old age or dependence: Which social insurance?,JOURNAL OF PUBLIC ECONOMIC THEORY,2022,10.1111/jpet.12571,2
THE INCLUSION OF AMORTIZATION INSURANCE IN LOAN OPERATIONS,ESTUDIOS DE ECONOMIA APLICADA,2020,10.25115/EEA.V38I2.2951,0
"HEALTH, HUMAN CAPITAL FORMATION AND KNOWLEDGE PRODUCTION: TWO CENTURIES OF INTERNATIONAL EVIDENCE",MACROECONOMIC DYNAMICS,2016,10.1017/S1365100514000650,21
Population Growth and Endogenous Technological Change: Australian Economic Growth in the Long Run,ECONOMIC RECORD,2012,10.1111/j.1475-4932.2011.00784.x,21
Foreign Participation in Life Insurance Markets: Evidence from OECD Countries,GENEVA PAPERS ON RISK AND INSURANCE-ISSUES AND PRACTICE,2009,10.1057/gpp.2009.9,9
Monitoring socioeconomic readiness for the demographic transition: Introducing the Senior Economy Tracker,STRUCTURAL CHANGE AND ECONOMIC DYNAMICS,2024,10.1016/j.strueco.2024.08.007,0
'A Good Death': One Hospice Chaplain's Approach to End-of-Life Care,WORK EMPLOYMENT AND SOCIETY,2024,10.1177/09500170241234592,1
Valuing non-marginal changes in mortality and morbidity risk,JOURNAL OF HEALTH ECONOMICS,2022,10.1016/j.jhealeco.2022.102627,4
The Quest for Equity in the Provision of Health Care in Ghana,AFRICAN REVIEW OF ECONOMICS AND FINANCE-AREF,2013,,7
DEMOGRAPHIC CHANGE AND MUTATIONS OF THE ACTIVE LIFE-CYCLE: WHAT ARE THE LINKS?,REVUE ECONOMIQUE,2008,10.3917/reco.595.0995,1
"Infrastructure, women's time allocation, and economic development",JOURNAL OF ECONOMICS,2014,10.1007/s00712-013-0358-0,15
Nature as historical protagonist: environment and society in pre-industrial England,ECONOMIC HISTORY REVIEW,2010,10.1111/j.1468-0289.2009.00492.x,132
"Tackling pandemic-related health grand challenges: The role of organizational ambidexterity, social equality, and innovation performance",JOURNAL OF PRODUCT INNOVATION MANAGEMENT,2024,10.1111/jpim.12662,13
The impact of HIV/AIDS on human capital investment in Sub-Saharan Africa: New evidence,JOURNAL OF APPLIED ECONOMETRICS,2021,10.1002/jae.2847,0
Time inconsistency and delayed retirement decision: the French pension bonus,APPLIED ECONOMICS,2019,10.1080/00036846.2019.1610718,1
Exploring a new method for deriving the monetary value of a QALY,EUROPEAN JOURNAL OF HEALTH ECONOMICS,2016,10.1007/s10198-015-0722-9,10
Increased longevity and social security reform: questioning the optimality of individual accounts when education matters,JOURNAL OF POPULATION ECONOMICS,2015,10.1007/s00148-014-0522-z,7
Savings and Implicit Debt in Pension Systems,PUBLIC FINANCE QUARTERLY-HUNGARY,2013,,1
The long-run determinants of fertility: one century of demographic change 1900-1999,JOURNAL OF ECONOMIC GROWTH,2012,10.1007/s10887-012-9085-6,94
The Increase in the Number of Disabled Population in European Countries as an Indicator of the Effectiveness of Their Health Policies,ECONOMIC AND SOCIAL CHANGES-FACTS TRENDS FORECAST,2019,10.15838/esc.2019.4.64.13,3
Family Takaful in developing countries: the case of Middle East and North Africa (MENA),INTERNATIONAL JOURNAL OF ISLAMIC AND MIDDLE EASTERN FINANCE AND,2017,10.1108/IMEFM-01-2016-0016,16
The long term impact of Chilean policy reforms on savings and pensions,JOURNAL OF THE ECONOMICS OF AGEING,2021,10.1016/j.jeoa.2021.100326,9
AGING DISEASES - DO THEY PREVENT PREVENTIVE HEALTH CARE FROM SAVING COSTS?,HEALTH ECONOMICS,2009,10.1002/hec.1370,15
The Potential of Modern Russian Generations,ECONOMIC AND SOCIAL CHANGES-FACTS TRENDS FORECAST,2016,10.15838/esc/2016.2.44.4,4
THE RETURN ON SOCIAL SECURITY WITH INCREASING LONGEVITY,MACROECONOMIC DYNAMICS,2017,10.1017/S1365100515000589,2
Health and the Economy in the United States from 1750 to the Present,JOURNAL OF ECONOMIC LITERATURE,2015,10.1257/jel.53.3.503,56
"Monastic mortality: Durham Priory, 1395-1529",ECONOMIC HISTORY REVIEW,2006,10.1111/j.1468-0289.2006.00364.x,37
The effect of population health on foreign direct investment inflows to low- and middle-income countries,WORLD DEVELOPMENT,2006,10.1016/j.worlddev.2005.09.006,101
Determinants of migratory flow in Europe: A fuzzy-set approach,JOURNAL OF BUSINESS RESEARCH,2018,10.1016/j.jbusres.2018.01.051,5
Health care expenditure disparities in the European Union and underlying factors: a distribution dynamics approach,INTERNATIONAL JOURNAL OF HEALTH CARE FINANCE & ECONOMICS,2014,10.1007/s10754-014-9147-8,8
Health investment and medical risk: New explanations of the portfolio,ECONOMIC MODELLING,2023,10.1016/j.econmod.2023.106442,1
Is It Possible to Describe a Kuznets Curve for Health Outcomes? An Empirical Investigation,PANOECONOMICUS,2018,10.2298/PAN150814011F,5
Development and freedom as risk management,FINANCE RESEARCH LETTERS,2013,10.1016/j.frl.2013.07.001,0
"Urbanization, mortality, and the standard of living debate: new estimates of the expectation of life at birth in nineteenth-century British cities",ECONOMIC HISTORY REVIEW,1998,10.1111/1468-0289.00084,182
The relevance of unrelated costs internal and external to the healthcare sector to the outcome of a cost-comparison analysis of secondary prevention: the case of general colorectal cancer screening in the German population,EUROPEAN JOURNAL OF HEALTH ECONOMICS,2010,10.1007/s10198-009-0156-3,2
"Buy-ins, buy-outs, longevity bonds, and the creation of value",JOURNAL OF DEMOGRAPHIC ECONOMICS,2023,10.1017/dem.2023.7,0
"Social Security Benefit Valuation, Risk, and Optimal Retirement",RISKS,2019,10.3390/risks7040124,0
The Impact of Hospital Payment Schemes on Healthcare and Mortality: Evidence from Hospital Payment Reforms in OECD Countries,HEALTH ECONOMICS,2016,10.1002/hec.3205,9
Economic Growth and Health Expenditure Analysis for Turkey: Evidence from Time Series,JOURNAL OF THE KNOWLEDGE ECONOMY,2022,10.1007/s13132-021-00789-8,20
Inequality and mortality: Long-run evidence from a panel of countries,JOURNAL OF HEALTH ECONOMICS,2007,10.1016/j.jhealeco.2006.07.003,72
"The Impact of Power Equality, Income, and the Environment on Human Health: Some Inter-Country Comparisons",INTERNATIONAL REVIEW OF APPLIED ECONOMICS,2006,10.1080/02692170500362199,4
Price regulation in secondary insurance markets,JOURNAL OF RISK AND INSURANCE,2004,10.1111/j.0022-4367.2004.00107.x,5
Regressivity in public pension systems: The case of Peru,JOURNAL OF THE ECONOMICS OF AGEING,2024,10.1016/j.jeoa.2024.100532,0
Beyond particulate matter: New evidence on the causal effects of air pollution on mortality,JOURNAL OF HEALTH ECONOMICS,2023,10.1016/j.jhealeco.2023.102799,1
Social Interaction of the State and Society as a Reference Point of Public Marketing,ESTUDIOS DE ECONOMIA APLICADA,2021,10.25115/eea.v39i6.5121,0
EQUITY RELEASE CONTRACTS WITH VARYING PAYMENTS,PRAGUE ECONOMIC PAPERS,2021,10.18267/j.pep.784,0
Contribution of demography to economic growth,SERIES-JOURNAL OF THE SPANISH ECONOMIC ASSOCIATION,2018,10.1007/s13209-017-0164-y,6
PLANNING FOR INDIVIDUAL RETIREMENT ACCOUNTS,JOURNAL OF ACCOUNTANCY,1992,,0
"Weather shocks, climate change and human health",WORLD DEVELOPMENT,2021,10.1016/j.worlddev.2020.105228,55
The effect of female and male health on economic growth: cross-country evidence within a production function framework,EMPIRICAL ECONOMICS,2017,10.1007/s00181-016-1088-2,6
TUG OF WAR: CARING FOR OUR ELDERS WHILE REMAINING PRODUCTIVE AT WORK,ACADEMY OF MANAGEMENT PERSPECTIVES,2013,10.5465/amp.2012.0095,42
Mortality risk perceptions: A Bayesian reassessment,JOURNAL OF RISK AND UNCERTAINTY,1997,10.1023/A:1007782217912,38
Does economic freedom improve health outcomes in sub-Saharan Africa?,INTERNATIONAL JOURNAL OF SOCIAL ECONOMICS,2020,10.1108/IJSE-01-2020-0008,9
On the Demographics and the Severity of the Social Security Crisis,B E JOURNAL OF ECONOMIC ANALYSIS & POLICY,2016,10.1515/bejeap-2015-0098,0
Modelling and projecting mortality improvement rates using a cohort perspective,INSURANCE MATHEMATICS & ECONOMICS,2013,10.1016/j.insmatheco.2013.04.006,29
ON MEASURING THE QUALITY-OF-LIFE,WORLD DEVELOPMENT,1992,10.1016/0305-750X(92)90141-H,183
Organizational capital as competitive advantage of the firm,JOURNAL OF INTELLECTUAL CAPITAL,2006,10.1108/14691930610681438,62
Relative (in)efficiency and its opportunity cost of the U.S healthcare spending: a data envelopment analysis approach,ECONOMICS BULLETIN,2022,,0
"Straw burning, PM<sub>2.5</sub>, and death: Evidence from China",JOURNAL OF DEVELOPMENT ECONOMICS,2020,10.1016/j.jdeveco.2020.102468,196
"Social security, growth, and welfare in overlapping generations economies with or without annuities",JOURNAL OF PUBLIC ECONOMICS,2013,10.1016/j.jpubeco.2013.02.007,22
Efficiency evaluation of 28 health systems by MCDA and DEA,HEALTH ECONOMICS REVIEW,2024,10.1186/s13561-024-00538-y,0
Determinants of Life Insurance Demand in the MENA Region,GENEVA PAPERS ON RISK AND INSURANCE-ISSUES AND PRACTICE,2016,10.1057/gpp.2016.1,23
MORTALITY PROJECTIONS FOR SOCIAL SECURITY PROGRAMS IN CANADA,NORTH AMERICAN ACTUARIAL JOURNAL,2010,10.1080/10920277.2010.10597594,0
The demand for life insurance in OECD countries,JOURNAL OF RISK AND INSURANCE,2007,10.1111/j.1539-6975.2007.00228.x,158
"Population aging, human capital accumulation, and coordination of policies",JOURNAL OF ECONOMICS,2024,10.1007/s00712-024-00870-1,0
Forecasting age distribution of death counts: an application to annuity pricing,ANNALS OF ACTUARIAL SCIENCE,2020,10.1017/S1748499519000101,11
POLLUTION ABATEMENT AS A SOURCE OF STABILIZATION AND LONG-RUN GROWTH,MACROECONOMIC DYNAMICS,2017,10.1017/S1365100515000632,16
INCOME AND POPULATION GROWTH,ECONOMIC JOURNAL,2015,10.1111/ecoj.12152,32
Corporate governance and economic growth,ECONOMICS BULLETIN,2010,,4
Prospective Dimension of Population Ageing and Potential Use in Pension Security in the V4 Countries,EKONOMICKY CASOPIS,2020,,3
Malaria and economic activity: Evidence from US agriculture,AMERICAN JOURNAL OF AGRICULTURAL ECONOMICS,2023,10.1111/ajae.12363,1
Does regional air quality affect executive turnover at listed companies in China? *,ECONOMIC MODELLING,2021,10.1016/j.econmod.2020.04.011,19
Social Capital and Climate A First Statistical Approach,CUADERNOS DE ECONOMIA-SPAIN,2010,10.1016/S0210-0266(10)70069-8,1
"Mortality change, the uncertainty effect, and retirement",JOURNAL OF ECONOMIC GROWTH,2010,10.1007/s10887-010-9050-1,43
Managing borders and managing bodies in contemporary Japan,JOURNAL OF THE ASIA PACIFIC ECONOMY,2010,10.1080/13547860903488245,11
The long-term economic effects of pandemics: toward an evolutionary approach,INDUSTRIAL AND CORPORATE CHANGE,2022,10.1093/icc/dtab064,3
The elderly centre location problem,JOURNAL OF THE OPERATIONAL RESEARCH SOCIETY,2021,10.1080/01605682.2020.1718020,3
LISREL growth model on direct and indirect effects using cross-country data,ECONOMIC MODELLING,2012,10.1016/j.econmod.2012.05.025,1
The role of mortality in the transmission of knowledge,JOURNAL OF ECONOMIC GROWTH,2010,10.1007/s10887-010-9059-5,25
"Ageing, health and economics.: National inquest into health and ageing in Mexico",TRIMESTRE ECONOMICO,2006,,3
A Bonus-Malus framework for cyber risk insurance and optimal cybersecurity provisioning,EUROPEAN ACTUARIAL JOURNAL,2024,10.1007/s13385-023-00366-0,1
Growth and Welfare Implications of Mortality Differentials in Unfunded Social Security Systems,PUBLIC FINANCE REVIEW,2022,10.1177/10911421221101933,0
"PHYSICAL CAPITAL, HUMAN CAPITAL, AND THE HEALTH EFFECTS OF POLLUTION IN AN OLG MODEL",MACROECONOMIC DYNAMICS,2022,10.1017/S1365100520000668,4
"The winter choke: Coal-Fired heating, air pollution, and mortality in China",JOURNAL OF HEALTH ECONOMICS,2020,10.1016/j.jhealeco.2020.102316,194
"Mortality forecasting using a modified CMI Mortality Projections Model for China II: cities, towns and counties",ANNALS OF ACTUARIAL SCIENCE,2017,10.1017/S174849951600018X,2
JOB DISPLACEMENT AND MORTALITY: AN ANALYSIS USING ADMINISTRATIVE DATA,QUARTERLY JOURNAL OF ECONOMICS,2009,10.1162/qjec.2009.124.3.1265,481
Efficiency of Healthcare Financing: Case of European Countries,INTERNATIONAL JOURNAL OF FINANCIAL STUDIES,2024,10.3390/ijfs12030087,0
Mebratu-B-PLC theory implication on developing country's oxygen of bank,COGENT ECONOMICS & FINANCE,2023,10.1080/23322039.2023.2166210,1
Even the Representative Agent Must Die: Using Demographics to Inform Long-Term Social Discount Rates,JOURNAL OF THE ASSOCIATION OF ENVIRONMENTAL AND RESOURCE ECONOMISTS,2020,10.1086/706885,11
Cognitive Ability and Post-Retirement Asset Decumulation,JOURNAL OF FAMILY AND ECONOMIC ISSUES,2016,10.1007/s10834-015-9453-4,10
"Pharmaceutical Innovation, Longevity, and Medical Expenditure in Greece, 1995-2010",INTERNATIONAL JOURNAL OF THE ECONOMICS OF BUSINESS,2015,10.1080/13571516.2015.1045743,1
An inquiry into the causes of income differences among high-income countries,RESEARCH IN ECONOMICS,2024,10.1016/j.rie.2024.101006,0
Nonprofit behavior altered by monetary donations: evidence from the US hospice industry,EUROPEAN JOURNAL OF HEALTH ECONOMICS,2024,10.1007/s10198-023-01571-0,0
Female Labour Force Participation in Saudi Arabia and its Determinants,GOSPODARKA NARODOWA-THE POLISH JOURNAL OF ECONOMICS,2021,10.33119/GN/132482,2
"Effects of Family, Friends, and Relative Prices on Fruit and Vegetable Consumption by African Americans",SOUTHERN ECONOMIC JOURNAL,2013,10.4284/0038-4038-2011.277,6
The Use of Age Management to Professional Activiation of the Elderly,MANAGEMENT-POLAND,2013,10.2478/manment-2013-0021,0
Cost effectiveness of bemiparin sodium versus unfractionated heparin and oral anticoagulants in the acute and long-term treatment of deep vein thrombosis,PHARMACOECONOMICS,2006,10.2165/00019053-200624010-00007,18
A Pilot Discrete Choice Experiment to Explore Preferences for EQ-5D-5L Health States,APPLIED HEALTH ECONOMICS AND HEALTH POLICY,2013,10.1007/s40258-013-0035-z,153
Public funding of bosentan for the treatment of pulmonary artery hypertension in Australia - Cost effectiveness and risk sharing,PHARMACOECONOMICS,2006,10.2165/00019053-200624090-00007,28
Macroeconomic impacts of changes in life expectancy and fertility,JOURNAL OF THE ECONOMICS OF AGEING,2023,10.1016/j.jeoa.2022.100425,6
Understanding the New Normal: The Role of Demographics,IMF ECONOMIC REVIEW,2021,10.1057/s41308-021-00138-4,37
The Role of Land in Temperate and Tropical Agriculture,ECONOMICA,2020,10.1111/ecca.12335,0
Profitability of pension contributions - evidence from real-life employment biographies,JOURNAL OF PENSION ECONOMICS & FINANCE,2012,10.1017/S147474721100031X,6
Model risk in mortality-linked contingent claims pricing,JOURNAL OF RISK MODEL VALIDATION,2022,10.21314/JRMV.2022.022,0
The Budget in the Financial Management of the Mpymes Assisted by the Administrative Process as a Competitive Tool,REVISTA ADMINISTRACAO EM DIALOGO,2019,10.23925/2178-0080.2019v21i3.39868,1
On the free boundary of an annuity purchase,FINANCE AND STOCHASTICS,2019,10.1007/s00780-018-00379-8,9
Increasing longevity and life satisfaction: is there a catch to living longer?,JOURNAL OF POPULATION ECONOMICS,2022,10.1007/s00148-021-00836-3,11
"Mortality decline, productivity increase, and positive feedback between schooling and retirement choices",JOURNAL OF DEMOGRAPHIC ECONOMICS,2022,10.1017/dem.2020.33,0
Spatial distribution of coal-fired power plants in China,ENVIRONMENT AND DEVELOPMENT ECONOMICS,2018,10.1017/S1355770X18000098,10
The Role of Sex in the Assessment of Return and Downside Risk in Decumulation Financial Planning,RISKS,2024,10.3390/risks12090142,0
Does past unemployment experience explain the transition happiness gap?,JOURNAL OF COMPARATIVE ECONOMICS,2018,10.1016/j.jce.2018.04.004,0
Physician agency and patient survival,JOURNAL OF ECONOMIC BEHAVIOR & ORGANIZATION,2017,10.1016/j.jebo.2016.11.011,13
Nonlinearity in medical expenditures: a new semiparametric approach,APPLIED ECONOMICS,2004,10.1080/0003684042000233122,3
Mind the Gap: A Review of <i>The Health Gap:</i> <i>The Challenge of an Unequal World</i> by Sir Michael Marmot,JOURNAL OF ECONOMIC LITERATURE,2018,10.1257/jel.20171383,10
Mortality effects of containing moral hazard: Evidence from disability insurance reform,HEALTH ECONOMICS,2018,10.1002/hec.3617,8
Modeling the relationship between health and health care expenditures using a latent Markov model,JOURNAL OF HEALTH ECONOMICS,2013,10.1016/j.jhealeco.2012.11.005,14
Inconsistent Retirement Timing,JOURNAL OF HUMAN RESOURCES,2024,10.3368/jhr.0920-11215R2,2
Healthy ageing trends in England between 2002 to 2018: Improving but slowing and unequal*,JOURNAL OF THE ECONOMICS OF AGEING,2023,10.1016/j.jeoa.2023.100470,1
The Distribution of Time in Retirement: Evidence From the Health and Retirement Survey,WORK AGING AND RETIREMENT,2018,10.1093/workar/way001,5
Weight Reduction and Pioglitazone are Cost-Effective for the Treatment of Non-Alcoholic Fatty Liver Disease in Thailand,PHARMACOECONOMICS,2019,10.1007/s40273-018-0736-0,19
Sources of health financing and health outcomes: A panel data analysis,HEALTH ECONOMICS,2018,10.1002/hec.3817,12
The Myth of Methuselah and the Uncertainty of Death: The Mortality Fan Charts,RISKS,2016,10.3390/risks4030021,3
Air Pollution and Housing Values in Korea: A Hedonic Analysis with Long-range Transboundary Pollution as an Instrument,ENVIRONMENTAL & RESOURCE ECONOMICS,2022,10.1007/s10640-022-00682-1,11
Retirement Timing: A Review and Recommendations for Future Research,WORK AGING AND RETIREMENT,2016,10.1093/workar/waw001,233
THINKING ABOUT IT: THOUGHTS ABOUT HEALTH AND VALUING QALYs,HEALTH ECONOMICS,2011,10.1002/hec.1679,30
Investigation of Development Indicators in the Balkan Countries for the Post-Socialist Period,JOURNAL OF ECONOMIC AND SOCIAL STUDIES,2011,10.14706/JECOSS11118,1
Should Households Base Asset Decumulation Strategies on Required Minimum Distribution Tables?,GENEVA PAPERS ON RISK AND INSURANCE-ISSUES AND PRACTICE,2013,10.1057/gpp.2013.26,3
Public Expenditure on Health and Private Old-Age Insurance in an OLG Growth Model with Endogenous Fertility: Chaotic Dynamics Under Perfect Foresight,COMPUTATIONAL ECONOMICS,2012,10.1007/s10614-012-9326-y,1
Intentions to work during terminal illness: An exploratory study of antecedent conditions,JOURNAL OF APPLIED PSYCHOLOGY,2005,10.1037/0021-9010.90.6.1297,40
The annuity puzzle and consumption hump under ambiguous life expectancy,INSURANCE MATHEMATICS & ECONOMICS,2021,10.1016/j.insmatheco.2021.04.011,4
Anticipation of deteriorating health and information avoidance,JOURNAL OF HEALTH ECONOMICS,2023,10.1016/j.jhealeco.2023.102755,0
Pricing reverse mortgages in Spain,EUROPEAN ACTUARIAL JOURNAL,2013,10.1007/s13385-013-0071-y,9
POLARIZATION OF THE POOR: MULTIVARIATE RELATIVE POVERTY MEASUREMENT SANS FRONTIERS,REVIEW OF INCOME AND WEALTH,2010,10.1111/j.1475-4991.2009.00364.x,15
COVID-19 Pandemic in Russia: Statistical Assessment of Direct and Indirect Demographic Losses,REGIONOLOGIYA-REGIONOLOGY RUSSIAN JOURNAL OF REGIONAL STUDIES,2023,10.15507/2413-1407.122.031.202301.107-122,0
"Industrialization, indoor and ambient air quality, and elderly mental health",CHINA ECONOMIC REVIEW,2021,10.1016/j.chieco.2021.101676,18
Optimal age- and sex-based management of the queue to ventilators during the Covid-19 crisis,JOURNAL OF MATHEMATICAL ECONOMICS,2021,10.1016/j.jmateco.2021.102494,4
The fiscal impact of health care expenditure: Evidence from the OECD countries,ECONOMIC ANALYSIS AND POLICY,2020,10.1016/j.eap.2020.07.010,5
Testing for changes in the SES-mortality gradient when the distribution of education changes too,JOURNAL OF HEALTH ECONOMICS,2016,10.1016/j.jhealeco.2015.12.002,15
Time-simultaneous prediction bands: A new look at the uncertainty involved in forecasting mortality,INSURANCE MATHEMATICS & ECONOMICS,2011,10.1016/j.insmatheco.2011.02.006,8
Valuing environmental health effects - An economic perspective,ENVIRONMENTAL & RESOURCE ECONOMICS,2006,10.1007/s10640-006-9002-6,3
The heterogeneous effect of information on student performance: Evidence from a randomized control trial in Mexico,JOURNAL OF DEVELOPMENT ECONOMICS,2018,10.1016/j.jdeveco.2018.07.008,21
"The White/Black Educational Gap, Stalled Progress, and the Long-Term Consequences of the Emergence of Crack Cocaine Markets",REVIEW OF ECONOMICS AND STATISTICS,2016,10.1162/REST_a_00635,18
The fatality and morbidity components of the value of statistical life,JOURNAL OF HEALTH ECONOMICS,2016,10.1016/j.jhealeco.2016.01.011,30
Price efficiency in the Dutch Annuity Market,JOURNAL OF PENSION ECONOMICS & FINANCE,2015,10.1017/S1474747213000279,8
Wealth and happiness,OXFORD REVIEW OF ECONOMIC POLICY,2014,10.1093/oxrep/gru004,32
Flat-of-the-curve medicine: a new perspective on the production of health,HEALTH ECONOMICS REVIEW,2011,10.1186/2191-1991-1-2,13
Air pollution impacts on health care expenditure in China: evidence and mechanisms,APPLIED ECONOMICS,2023,10.1080/00036846.2023.2206105,2
Population age structure and secular stagnation: Evidence from long run data,JOURNAL OF THE ECONOMICS OF AGEING,2023,10.1016/j.jeoa.2023.100442,5
Patience decreases with age for the poor but not for the rich: an international comparison,JOURNAL OF ECONOMIC BEHAVIOR & ORGANIZATION,2022,10.1016/j.jebo.2021.11.005,10
"The economic burden of chronic diseases: Estimates and projections for China, Japan, and South Korea",JOURNAL OF THE ECONOMICS OF AGEING,2020,10.1016/j.jeoa.2018.09.002,87
PREVENTING THE WHITE DEATH: TUBERCULOSIS DISPENSARIES,ECONOMIC JOURNAL,2020,10.1093/ej/ueaa014,11
Health gap between developed and developing countries: Does globalization matter?,ECONOMIC CHANGE AND RESTRUCTURING,2019,10.1007/s10644-017-9219-0,6
Does health promote economic growth? Portuguese case study: from dictatorship to full democracy,EUROPEAN JOURNAL OF HEALTH ECONOMICS,2014,10.1007/s10198-013-0497-9,10
Determinants of private savings behaviour in Turkey,APPLIED ECONOMICS,2003,10.1080/0003684032000100373,46
Improving the measurement of health system output growth,HEALTH ECONOMICS,2007,10.1002/hec.1211,15
The mortality impact of fine particulate matter in China: Evidence from trade shocks,JOURNAL OF ENVIRONMENTAL ECONOMICS AND MANAGEMENT,2023,10.1016/j.jeem.2022.102759,15
The impact of health status and human capital formation on regional performance: Empirical evidence,PAPERS IN REGIONAL SCIENCE,2021,10.1111/pirs.12561,2
The Effect of Trade Openness on Women's Welfare and Work Life,WORLD DEVELOPMENT,2009,10.1016/j.worlddev.2008.10.007,59
Human capital formation and macroeconomic performance in an ageing small open economy,JOURNAL OF ECONOMIC DYNAMICS & CONTROL,2009,10.1016/j.jedc.2008.09.003,16
Pay-as-you-go Pension System and Involuntary Unemployment: Evaluation of Policy Reforms,ACTUALITE ECONOMIQUE,2008,10.7202/019975ar,0
The effect of food intake on longevity,ECONOMICS BULLETIN,2007,,0
The empirics of economic growth over time and across nations: a unified growth perspective,JOURNAL OF ECONOMIC GROWTH,2023,10.1007/s10887-022-09216-2,7
The macro-level effect of religiosity on health,HEALTH ECONOMICS,2022,10.1002/hec.4494,4
"Key Performance Dimensions of the ""Well-Tempered Musician"": A Framework for Artist Management",INTERNATIONAL JOURNAL OF ARTS MANAGEMENT,2021,,1
Forecasting on the long term sustainability of the employees provident fund in Malaysia via the Box-Jenkins' ARIMA model,BUSINESS AND ECONOMIC HORIZONS,2018,10.15208/beh.2018.4,3
"Myopia, regrets, and risky behaviors",INTERNATIONAL TAX AND PUBLIC FINANCE,2012,10.1007/s10797-011-9188-6,8
Unemployment and ill health: Local labour markets and ill health in Britain 1984-1991,WORK EMPLOYMENT AND SOCIETY,1999,,18
A REVIEW ON ECONOMIC EVALUATION TECHNIQUES IN HEALTH CARE,JOURNAL OF MEHMET AKIF ERSOY UNIVERSITY ECONOMICS AND ADMINISTRATIVE,2019,10.30798/makuiibf.525953,0
The quantity and quality of life and the evolution of world inequality,AMERICAN ECONOMIC REVIEW,2005,10.1257/0002828053828563,353
HOW AGING POPULATION AFFECTS NATIONAL INCOME? EVIDENCE FROM G-20 COUNTRIES,JOURNAL OF MEHMET AKIF ERSOY UNIVERSITY ECONOMICS AND ADMINISTRATIVE,2022,10.30798/makuiibf.1033643,0
Individual Financial Returns from Quebec Pension Plan Reform Options: Analyzing Proposals to Renew a Second-Pillar Retirement Income Program,CANADIAN PUBLIC POLICY-ANALYSE DE POLITIQUES,2018,10.3138/cpp.2017-038,3
MULTIPLICATIVE HAZARD MODELS FOR STUDYING THE EVOLUTION OF MORTALITY,ANNALS OF ACTUARIAL SCIENCE,2006,10.1017/S1748499500000099,2
Education and its effects on income and mortality of men aged sixty-five and over in Great Britain,LABOUR ECONOMICS,2014,10.1016/j.labeco.2014.02.002,1
Optimal prevention when coexistence matters,JOURNAL OF POPULATION ECONOMICS,2013,10.1007/s00148-012-0453-5,0
Decision making by pension fund trustees in the face of demographic and economic shocks: a vignette study,JOURNAL OF PENSION ECONOMICS & FINANCE,2012,10.1017/S1474747211000631,4
Private and Public Health Expenditures in an Endogenous Growth Model with Inflation Targeting,ANNALS OF ECONOMICS AND FINANCE,2010,,6
The Effects of Growth on Women's Employment in Pakistan,FEMINIST ECONOMICS,2021,10.1080/13545701.2021.1942512,8
"Pollution permits, green taxes, and the environmental poverty trap",REVIEW OF DEVELOPMENT ECONOMICS,2021,10.1111/rode.12731,2
Old-age security - Quo vadis?,JAHRBUCHER FUR NATIONALOKONOMIE UND STATISTIK,1997,,2
The 1918 epidemic and a V-shaped recession: evidence from historical tax records*,SCANDINAVIAN JOURNAL OF ECONOMICS,2022,10.1111/sjoe.12456,6
Education and health in Europe,APPLIED ECONOMICS,2018,10.1080/00036846.2017.1361013,5
"Health Benefits from Improved Air Quality: Evidence from Pollution Regulations in China's "" 2+26 "" Cities",ENVIRONMENTAL & RESOURCE ECONOMICS,2024,10.1007/s10640-024-00860-3,1
Earning reduction caused by air pollution: Evidence from China,CHINA ECONOMIC REVIEW,2023,10.1016/j.chieco.2023.101984,7
Optimal retirement products under subjective mortality beliefs,INSURANCE MATHEMATICS & ECONOMICS,2021,10.1016/j.insmatheco.2020.07.002,15
Model Risk in Risk Analysis for No-Negative-Equity-Guarantees,JOURNAL OF DERIVATIVES,2021,10.3905/jod.2020.1.125,1
"Females, the elderly, and also males: Demographic aging and macroeconomy in Japan",JOURNAL OF THE JAPANESE AND INTERNATIONAL ECONOMIES,2020,10.1016/j.jjie.2020.101064,16
Using the SF-6D to measure the impact of alcohol dependence on health-related quality of life,EUROPEAN JOURNAL OF HEALTH ECONOMICS,2015,10.1007/s10198-014-0627-z,13
Richer and Healthier? Social Pensions and Unhealthy Consumption Behavior in China,ECONOMIC DEVELOPMENT AND CULTURAL CHANGE,2024,10.1086/727535,2
"Do energy, inflation, and financial development stimulate economic welfare in India? Empirical insights from novel dynamic ARDL and KRLS simulations",ECONOMIC CHANGE AND RESTRUCTURING,2024,10.1007/s10644-024-09723-9,0
Air pollution and mortality impacts of coal mining: Evidence from coalmine accidents in China,JOURNAL OF ENVIRONMENTAL ECONOMICS AND MANAGEMENT,2023,10.1016/j.jeem.2023.102846,15
Does social trust affect corporate environmental performance in China?,ENERGY ECONOMICS,2021,10.1016/j.eneco.2021.105537,35
Diverging Mortality Inequality Trends among Young and Old in the Netherlands*,FISCAL STUDIES,2021,10.1111/1475-5890.12260,3
"Assessing Local Government Efficiency: Evidence from Sumatra, Indonesia",APPLIED ECONOMICS JOURNAL,2020,,1
Income Inequality and Individual Health Status: Evidence from India,JOURNAL OF QUANTITATIVE ECONOMICS,2021,10.1007/s40953-020-00223-x,7
LOGIT and PROBIT Models in the Probability Analysis: Change in the Probability of Death of Celiac Disease Patients,STATISTIKA-STATISTICS AND ECONOMY JOURNAL,2012,,3
STOCHASTIC DEMOGRAPHIC FORECASTING,INTERNATIONAL JOURNAL OF FORECASTING,1992,10.1016/0169-2070(92)90050-J,23
Medication against conflict,JOURNAL OF DEVELOPMENT ECONOMICS,2024,10.1016/j.jdeveco.2024.103306,0
Responsible Behavior of Irresponsible Companies: Air Pollution and Charitable Donations of Polluting Companies,CHINA & WORLD ECONOMY,2023,10.1111/cwe.12490,3
"Environmental Regulations, Political Incentives and Local Economic Activities: Evidence from China*",OXFORD BULLETIN OF ECONOMICS AND STATISTICS,2021,10.1111/obes.12407,14
Demographic dynamics and long-run development: insights for the secular stagnation debate,JOURNAL OF POPULATION ECONOMICS,2017,10.1007/s00148-016-0626-8,22
Increasing marginal utility of small increases in life-expectancy? Results from a population survey,JOURNAL OF HEALTH ECONOMICS,2010,10.1016/j.jhealeco.2010.03.010,17
Household bargaining over wealth and the adequacy of women's retirement incomes in New Zealand,FEMINIST ECONOMICS,2006,10.1080/13545700500508536,18
LONGEVITY AND TECHNOLOGICAL CHANGE,MACROECONOMIC DYNAMICS,2019,10.1017/S1365100517000293,19
THE RISK-FREE RATE IN A FINITE HORIZON MODEL WITH BEQUESTS,BULLETIN OF ECONOMIC RESEARCH,2015,10.1111/j.1467-8586.2012.00456.x,0
Alleviating the Patient's Price of Privacy Through a Partially Observable Waiting List,MANAGEMENT SCIENCE,2013,10.1287/mnsc.1120.1671,29
The health-maximizing level of labor supply: a macroeconomic perspective on the American Health Puzzle,JOURNAL OF POPULATION ECONOMICS,2024,10.1007/s00148-024-01051-6,0
Can greater access to secondary health care decrease health inequality? Evidence from bus line introduction to Arab towns in Israel,ECONOMIC MODELLING,2022,10.1016/j.econmod.2021.105695,2
Quantile panel-type analysis for income inequality and healthcare expenditure,ECONOMIC RESEARCH-EKONOMSKA ISTRAZIVANJA,2022,10.1080/1331677X.2021.1948436,1
Transboundary air pollution and health: evidence from East Asia,ENVIRONMENT AND DEVELOPMENT ECONOMICS,2022,10.1017/S1355770X21000115,3
"<i>Primum vivere</i> ... industrial change, job destruction and the geographical distribution of unemployment",IZA JOURNAL OF EUROPEAN LABOR STUDIES,2012,10.1186/2193-9012-1-7,11
Demographic change and economic growth in Sweden: 1750-2050,JOURNAL OF MACROECONOMICS,2009,10.1016/j.jmacro.2007.08.014,17
Longevity shocks with age-dependent productivity growth,JOURNAL OF PENSION ECONOMICS & FINANCE,2018,10.1017/S147474721600024X,4
"Environmental Quality, Public Debt and Economic Development",ENVIRONMENTAL & RESOURCE ECONOMICS,2014,10.1007/s10640-013-9639-x,38
The Long-Term Game: An Analysis of the Life Expectancy of National Football League Players,INTERNATIONAL JOURNAL OF FINANCIAL STUDIES,2014,10.3390/ijfs2010168,5
Doubly Enhanced Annuities (DEANs) and the Impact of Quality of Long-Term Care under a Multi-State Model of Activities of Daily Living (ADL),NORTH AMERICAN ACTUARIAL JOURNAL,2020,10.1080/10920277.2019.1598270,6
"Compensation for Wrongful Injury in Ireland: Principles, Practice and Cost to the State",ECONOMIC AND SOCIAL REVIEW,2020,,1
National leaders' visits and temporary improvement of air quality: evidence from Chinese cities,EMPIRICAL ECONOMICS,2020,10.1007/s00181-018-1583-8,9
Premature mortality and poverty measurement in an OLG economy,JOURNAL OF POPULATION ECONOMICS,2019,10.1007/s00148-018-0688-x,5
Air pollution and innovation-evidence from quasi-natural experiment of China's Huai River policy,REVIEW OF QUANTITATIVE FINANCE AND ACCOUNTING,2023,10.1007/s11156-022-01097-1,1
"Disbelief in the future and ""negative investment"" in health capital in contemporary Russia",VOPROSY EKONOMIKI,2018,10.32609/0042-8736-2018-1-128-150,4
A Study on the Process Innovation of Public Facility Maintenance as a Social Infrastructure: The Case of Seoul Metropolitan Rapid Transit,ASIA PACIFIC JOURNAL OF INNOVATION AND ENTREPRENEURSHIP,2013,,2
The determinants of Canadian provincial health expenditures: evidence from a dynamic panel,APPLIED ECONOMICS,2013,10.1080/00036846.2011.597726,25
"Infectious diseases, human capital and economic growth",ECONOMIC THEORY,2020,10.1007/s00199-019-01214-7,57
The Influence of Alcohol Consumption on Income and Health: Empirical Evidence from a Panel of OECD Countries,SEOUL JOURNAL OF ECONOMICS,2013,,1
Voluntary goodbye? The imagination of geronticide as a negotiation point about lifespan in modern age.,HISTORICAL SOCIAL RESEARCH-HISTORISCHE SOZIALFORSCHUNG,2009,,0
A systematic vector autoregressive framework for modeling and forecasting mortality,JOURNAL OF FORECASTING,2024,10.1002/for.3127,0
The impact of antiretroviral treatment on the relationship between HIV/AIDS and economic growth,ECONOMIC ANALYSIS AND POLICY,2024,10.1016/j.eap.2023.12.005,2
Evaluating Medical Underwriters in Life Settlements: Problem of Unreported Deaths,NORTH AMERICAN ACTUARIAL JOURNAL,2022,10.1080/10920277.2021.1927109,2
The effect of air pollution on migration: Evidence from China,JOURNAL OF DEVELOPMENT ECONOMICS,2022,10.1016/j.jdeveco.2022.102833,214
Mortality by socio-economic class and its impact on the retirement schemes: how to render the systems fairer?,EUROPEAN ACTUARIAL JOURNAL,2022,10.1007/s13385-021-00295-w,4
Dynamic hazards modelling for predictive longevity risk assessment,INSURANCE MATHEMATICS & ECONOMICS,2021,10.1016/j.insmatheco.2020.11.001,0
An age-at-death distribution approach to forecast cohort mortality,INSURANCE MATHEMATICS & ECONOMICS,2020,10.1016/j.insmatheco.2020.01.007,7
To Love or to Pay Savings and Health Care in Older Age,JOURNAL OF HUMAN RESOURCES,2015,,15
Phenomenon of globalization on the insurance market of the Slovak Republic,EKONOMICKY CASOPIS,2006,,3
Happiness sentiments and the prediction of cross-border country exchange-traded fund returns,NORTH AMERICAN JOURNAL OF ECONOMICS AND FINANCE,2020,10.1016/j.najef.2020.101254,8
Macroeconomic and distributional effects of demographic change in an open economy-the case of Belgium,JOURNAL OF DEMOGRAPHIC ECONOMICS,2020,10.1017/dem.2019.14,6
The agricultural roots of Chinese innovation performance,EUROPEAN ECONOMIC REVIEW,2019,10.1016/j.euroecorev.2019.05.006,27
LONG-TERM EXPOSURE TO MALARIA AND DEVELOPMENT: DISAGGREGATE EVIDENCE FOR CONTEMPORANEOUS AFRICA,JOURNAL OF DEMOGRAPHIC ECONOMICS,2017,10.1017/dem.2016.27,8
The happiness gap in Eastern Europe,JOURNAL OF COMPARATIVE ECONOMICS,2016,10.1016/j.jce.2015.10.006,70
A contribution to the empirics of welfare growth,B E JOURNAL OF MACROECONOMICS,2013,10.1515/bejm-2012-0042,2
"From constraint to sufficiency The decoupling of energy and carbon from human needs, 1975-2005",ECOLOGICAL ECONOMICS,2010,10.1016/j.ecolecon.2010.09.014,224
The rural exodus and the rise of Europe,JOURNAL OF ECONOMIC GROWTH,2022,10.1007/s10887-022-09206-4,5
"Foreign aid, institutional quality and economic growth: Evidence from the developing world",ECONOMIC MODELLING,2020,10.1016/j.econmod.2019.11.008,72
The gender dimension of intergenerational transfers in Europe,JOURNAL OF THE ECONOMICS OF AGEING,2020,10.1016/j.jeoa.2019.100234,5
Implications of population ageing for economic growth,OXFORD REVIEW OF ECONOMIC POLICY,2010,10.1093/oxrep/grq038,374
Estimating public preferences for thalassotherapy centers using a choice experiment,TOURISM MANAGEMENT PERSPECTIVES,2024,10.1016/j.tmp.2023.101214,0
Self-assessed survival probability and supply of medical doctors,APPLIED ECONOMICS,2024,10.1080/00036846.2023.2275221,0
What drives migration to Germany? A panel data analysis,RESEARCH IN ECONOMICS,2023,10.1016/j.rie.2022.10.002,2
A Neural Approach to Improve the Lee-Carter Mortality Density Forecasts,NORTH AMERICAN ACTUARIAL JOURNAL,2023,10.1080/10920277.2022.2050260,11
The Appropriate Work Environment for Older Employees: The Case of Slovenia,BUSINESS SYSTEMS RESEARCH JOURNAL,2021,10.2478/bsrj-2021-0026,0
Commercialization of eHealth innovations in the market of the UK healthcare sector: A framework for a sustainable business model,PSYCHOLOGY & MARKETING,2018,10.1002/mar.21074,26
Formal education and public knowledge,JOURNAL OF ECONOMIC DYNAMICS & CONTROL,2011,10.1016/j.jedc.2011.01.006,8
Effects of longevity and dependency rates on saving and growth: Evidence from a panel of cross countries,JOURNAL OF DEVELOPMENT ECONOMICS,2007,10.1016/j.jdeveco.2006.10.002,69
ESTIMATING A HOSPITAL PRODUCTION FUNCTION TO EVALUATE THE EFFECT OF NURSE STAFFING ON PATIENT MORTALITY IN TAIWAN: THE LONGITUDINAL COUNT DATA APPROACH,ROMANIAN JOURNAL OF ECONOMIC FORECASTING,2015,,3
Limitations of the set of public health indicators monitored in the context of sustainable development,PROBLEMY ZARZADZANIA-MANAGEMENT ISSUES,2015,10.7172/1644-9584.53.15,2
Estimating the Education-Health Relationship: A Cost-Utility Approach,B E JOURNAL OF ECONOMIC ANALYSIS & POLICY,2011,10.1515/1935-1682.2838,2
Demographics and the natural real interest Rate: historical and projected paths for the euro area,JOURNAL OF ECONOMIC DYNAMICS & CONTROL,2021,10.1016/j.jedc.2021.104209,9
Are Private Vices Public Finance Virtues? An Empirical Investigation,EMERGING MARKETS FINANCE AND TRADE,2018,10.1080/1540496X.2017.1404449,0
THAT'S WHAT GOVERNMENTS DO Exploring fundamental barriers to public-philanthropic interaction: The example of indigenous well-being,PUBLIC MANAGEMENT REVIEW,2011,10.1080/14719037.2011.619067,4
The trajectory of wealth in retirement,JOURNAL OF PUBLIC ECONOMICS,2009,10.1016/j.jpubeco.2008.09.003,40
Biological measures of the standard of living,JOURNAL OF ECONOMIC PERSPECTIVES,2008,10.1257/jep.22.1.129,126
Hospital project front-end planning: Current practice and discovered challenges,PROJECT LEADERSHIP AND SOCIETY,2020,10.1016/j.plas.2020.100004,6
China's carbon emissions trading and stock returns,ENERGY ECONOMICS,2020,10.1016/j.eneco.2019.104627,179
The Effects of Differential Income Replacement and Mortality on US Social Security Redistribution,SOUTHERN ECONOMIC JOURNAL,2019,10.1002/soej.12395,3
Innovation and technology for the elderly: Systematic literature review,JOURNAL OF BUSINESS RESEARCH,2016,10.1016/j.jbusres.2016.04.049,94
THE LABOR MARKET IN ROMANIA - BETWEEN STRUCTCTURAL REFORM AND CURRENT ADJUSTSTMENT,EQUILIBRIUM-QUARTERLY JOURNAL OF ECONOMICS AND ECONOMIC POLICY,2011,10.12775/EQUIL2011.023,1
"Study of elderly food consumption in Brazil: favorite foods, consumer's profile and consumption context",REVISTA CIENCIAS ADMINISTRATIVAS,2010,,3
The impact of ozone pollution on mortality: Evidence from China,JOURNAL OF ENVIRONMENTAL ECONOMICS AND MANAGEMENT,2024,10.1016/j.jeem.2024.102980,2
Management and Prevention of Diabetic Foot Ulcers and Infections A Health Economic Review,PHARMACOECONOMICS,2008,10.2165/0019053-200826120-00005,51
An Empiric Estimate of the Value of Life: Updating the Renal Dialysis Cost-Effectiveness Standard,VALUE IN HEALTH,2009,10.1111/j.1524-4733.2008.00401.x,151
THE IMPACT OF FINANCIAL DEVELOPMENT AND STABILITY ON HUMAN DEVELOPMENT,GLOBAL ECONOMY JOURNAL,2023,10.1142/S2194565924500052,0
Educational Gradients in Disability among Asia's Future Elderly: Projections for the Republic of Korea and Singapore,ASIAN DEVELOPMENT REVIEW,2022,10.1142/S0116110522500056,1
Human Development by Gender and National Culture: A Comparative Analysis,JOURNAL OF DEVELOPMENT STUDIES,2021,10.1080/00220388.2021.1919632,6
Pricing of Longevity Derivatives and Cost of Capital,RISKS,2019,10.3390/risks7020041,16
"MARKET RISK, MORTALITY RISK, AND SUSTAINABLE RETIREMENT ASSET ALLOCATION: A DOWNSIDE RISK PERSPECTIVE",JOURNAL OF INVESTMENT MANAGEMENT,2016,,0
Young adult mortality following severe physiological stress in childhood: Skeletal evidence,ECONOMICS & HUMAN BIOLOGY,2005,10.1016/j.ehb.2005.05.006,42
Wellbeing of the older individuals in East Asia,JAPANESE ECONOMIC REVIEW,2024,10.1007/s42973-024-00168-3,7
Is the Social Safety Net a Long-Term Investment? Large-Scale Evidence From the Food Stamps Program,REVIEW OF ECONOMIC STUDIES,2024,10.1093/restud/rdad063,38
The economics of sharing macro-longevity risk,INSURANCE MATHEMATICS & ECONOMICS,2021,10.1016/j.insmatheco.2021.03.024,2
Dynamic mortality factor model with conditional heteroskedasticity,INSURANCE MATHEMATICS & ECONOMICS,2009,10.1016/j.insmatheco.2009.09.001,16
Empirical Study on the Taiwan's Social Security System-Analyzing the Effects of Wealth Redistribution,NTU MANAGEMENT REVIEW,2005,,0
Institutional reforms and human capital,ZHURNAL NOVAYA EKONOMICHESKAYA ASSOTSIATSIYA-JOURNAL OF THE NEW ECONOMIC,2021,10.31737/2221-2264-2021-51-3-5,2
"Social security reforms, capital accumulation, and welfare: A notional defined contribution system vs a modified PAYG system",JOURNAL OF POPULATION ECONOMICS,2024,10.1007/s00148-024-01004-z,0
Green finance and green transition by enterprises: An exploration of market-oriented governance mechanisms,BORSA ISTANBUL REVIEW,2023,10.1016/j.bir.2023.01.003,19
"Historical grounding, political contexts, material hurdles: Towards more in-depth understandings of 'finance going farming'",JOURNAL OF AGRARIAN CHANGE,2023,10.1111/joac.12451,4
A non-parametric investigation of supply side factors and healthcare efficiency in the U.S,JOURNAL OF PRODUCTIVITY ANALYSIS,2020,10.1007/s11123-020-00585-7,2
"Longer, more optimistic, lives: Historic optimism and life expectancy in the United States",JOURNAL OF ECONOMIC BEHAVIOR & ORGANIZATION,2019,10.1016/j.jebo.2019.10.018,27
A MODEL FOR ESTIMATING SOCIAL AND ECONOMIC INDICATORS OF SUSTAINABLE DEVELOPMENT,ENTREPRENEURSHIP AND SUSTAINABILITY ISSUES,2019,10.9770/jesi.2019.6.4(21),71
What does NDE need to achieve for cast iron pipe networks?,INFRASTRUCTURE ASSET MANAGEMENT,2017,10.1680/jinam.16.00020,7
"The indirect impact of antiretroviral therapy: Mortality risk, mental health, and HIV-negative labor supply",JOURNAL OF HEALTH ECONOMICS,2015,10.1016/j.jhealeco.2015.07.008,30
GUIDING FACTORS OF FUND TRANSFER IN WELFARE PROGRAMS IN BRAZIL,REGE-REVISTA DE GESTAO,2013,10.5700/rege492,0
Estimating a health production function for Sub-Saharan Africa (SSA),APPLIED ECONOMICS,2005,10.1080/00036840412331313521,77
Demographic transition and economic growth: Empirical evidence from Greece,JOURNAL OF POPULATION ECONOMICS,2002,10.1007/s001480100069,26
A Synthesis Mortality Model for the Elderly,NORTH AMERICAN ACTUARIAL JOURNAL,2021,10.1080/10920277.2019.1651659,1
A more meaningful parameterization of the Lee-Carter model,INSURANCE MATHEMATICS & ECONOMICS,2020,10.1016/j.insmatheco.2020.05.009,4
Foreign direct investment and human capital in developing countries: a panel data approach,ECONOMIC CHANGE AND RESTRUCTURING,2017,10.1007/s10644-016-9191-0,51
ANALYSIS OF THE PROBLEM OF DETERMINING LOSS OF INCOME AND SOURCES FOR THEIR FINANCING. THE CASE OF PERSONAL INJURIES CAUSED IN TRAFFIC ACCIDENTS,TRANSFORMATIONS IN BUSINESS & ECONOMICS,2016,,1
Demand for home modifications: a household production function approach,APPLIED ECONOMICS,1999,10.1080/000368499323481,11
Economic policy uncertainty and industrial pollution: The role of environmental supervision by local governments,CHINA ECONOMIC REVIEW,2022,10.1016/j.chieco.2021.101723,43
Multistate health transition modeling using neural networks,JOURNAL OF RISK AND INSURANCE,2022,10.1111/jori.12364,0
Human capital contribution to economic growth in Sub-Saharan Africa: Does health status matter more than education?,ECONOMIC ANALYSIS AND POLICY,2018,10.1016/j.eap.2018.02.001,167
INSTITUTIONAL QUALITY OF SOCIAL SECTOR: THE ESSENCE AND MEASUREMENTS,ECONOMICS & SOCIOLOGY,2018,10.14254/2071-789X.2018/11-2/17,32
THE COST-EFFECTIVENESS OF HYPERTENSION TREATMENT IN SWEDEN,PHARMACOECONOMICS,1995,10.2165/00019053-199507030-00008,59
Acquiring land in cold winter: Consequences and possible explanations,JOURNAL OF ENVIRONMENTAL ECONOMICS AND MANAGEMENT,2022,10.1016/j.jeem.2022.102721,8
The effects of health conditions on financial sector development,ECONOMIC MODELLING,2022,10.1016/j.econmod.2022.105947,4
Pricing the global health risks of the COVID-19 pandemic,JOURNAL OF RISK AND UNCERTAINTY,2020,10.1007/s11166-020-09337-2,59
"Social capital, product imitation and growth with learning externalities",JOURNAL OF DEVELOPMENT ECONOMICS,2015,10.1016/j.jdeveco.2014.11.008,20
On gender and growth: The role of intergenerational health externalities and women's occupational constraints,STRUCTURAL CHANGE AND ECONOMIC DYNAMICS,2014,10.1016/j.strueco.2014.05.002,11
"Endogenous mortality, human capital and economic growth",JOURNAL OF MACROECONOMICS,2008,10.1016/j.jmacro.2007.09.002,27
Cancer and Portfolio Choice: Evidence from Norwegian Register Data*,REVIEW OF FINANCE,2022,10.1093/rof/rfab022,1
The gender health gap in China: A decomposition analysis,ECONOMICS & HUMAN BIOLOGY,2015,10.1016/j.ehb.2015.03.001,29
Random effects Weibull regression model for occupational lifetime,EUROPEAN JOURNAL OF OPERATIONAL RESEARCH,2007,10.1016/j.ejor.2006.03.008,22
Nonlinear and nonseparable structural functions in regression discontinuity designs with a continuous treatment,JOURNAL OF ECONOMETRICS,2024,10.1016/j.jeconom.2024.105784,0
Food overconsumption: Concept and its measurement,JOURNAL OF CONSUMER BEHAVIOUR,2024,10.1002/cb.2292,0
EDUCATION-HEALTH ASSOCIATION AND ITS INFLUENCE ON PUBLIC POLICIES: LITERATURE REVIEW,REVISTA GESTAO & TECNOLOGIA-JOURNAL OF MANAGEMENT AND TECHNOLOGY,2022,10.20397/2177-6652/2022.v22i3.2465,0
"GDP, Wellbeing, and Health: Thoughts on the 2017 Round of the International Comparison Program",REVIEW OF INCOME AND WEALTH,2022,10.1111/roiw.12520,14
"Spend Less, Get More? Explaining Health Spending and Outcome Differences Between Canada and Italy",REVIEW OF ECONOMIC ANALYSIS,2020,,1
Demographic change and long-term growth in China: Past developments and the future challenge of aging,REVIEW OF DEVELOPMENT ECONOMICS,2018,10.1111/rode.12405,21
Economic growth and its effect on public health,INTERNATIONAL JOURNAL OF SOCIAL ECONOMICS,2009,10.1108/03068290910932747,4
Housing and superannuation: social security in Singapore,INTERNATIONAL JOURNAL OF SOCIAL ECONOMICS,2007,10.1108/03068290710726720,7
Environmental policy and human capital inequality: A matter of life and death,JOURNAL OF ENVIRONMENTAL ECONOMICS AND MANAGEMENT,2019,10.1016/j.jeem.2018.04.009,14
ASSESSMENT MODEL FOR THE RUSSIAN REGIONS' SOCIO-ECONOMIC DEVELOPMENT FACTORS IMPACT ON THE HUMAN POTENTIAL BUILDING,TERRA ECONOMICUS,2015,,2
"Foreign Aid, FDI, Economic Freedom and Economic Growth in Asian Countries",GLOBAL ECONOMY JOURNAL,2011,10.2202/1524-5861.1705,19
Early human capital: the driving force to economic growth in island economies,INTERNATIONAL JOURNAL OF SOCIAL ECONOMICS,2022,10.1108/IJSE-11-2021-0674,4
Impacts of Climate Change and Financial Support on Household Livelihoods: Evidence from the Northwest Sub-Region of Vietnam,JOURNAL OF ASIAN FINANCE ECONOMICS AND BUSINESS,2022,10.13106/jafeb.2022.vol9.no6.0115,2
DOES REMITTANCE INFLOW PROMOTE HUMAN DEVELOPMENT IN SUB-SAHARAN AFRICA? AN EMPIRICAL INSIGHT,GLOBAL ECONOMY JOURNAL,2020,10.1142/S2194565920500219,5
Distributional cost effectiveness analysis of West Yorkshire low emission zone policies,HEALTH ECONOMICS,2020,10.1002/hec.4003,9
Economic Growth and Cancer Incidence,ECOLOGICAL ECONOMICS,2018,10.1016/j.ecolecon.2017.11.031,30
"OCCUPATIONAL HEALTH AND SAFETY OF OLDER CONSTRUCTION WORKERS (AGED 55 OR ABOVE): THEIR DIFFICULTIES, NEEDS, BEHAVIOUR AND SUITABILITY",INTERNATIONAL JOURNAL OF CONSTRUCTION MANAGEMENT,2013,10.1080/15623599.2013.10773214,14
Determinants of economic growth: A varying-coefficient path identification approach,JOURNAL OF BUSINESS RESEARCH,2019,10.1016/j.jbusres.2018.12.013,6
The Value of Teachers' Pensions in England and Wales,FISCAL STUDIES,2010,10.1111/j.1475-5890.2010.00109.x,1
"Climate, desertification, and local human development: evidence from 1564 regions around the world",ANNALS OF REGIONAL SCIENCE,2024,10.1007/s00168-022-01204-z,3
MODIFICATION OF THE LEE-CARTER MORTALITY MODEL AND ITS APPLICATION IN THE PENSION SCHEME,ARGUMENTA OECONOMICA,2022,10.15611/aoe.2022.2.05,0
ACCOUNTING FOR THE RISE OF HEALTH SPENDING AND LONGEVITY,JOURNAL OF THE EUROPEAN ECONOMIC ASSOCIATION,2021,10.1093/jeea/jvaa003,18
The impact of population aging on business cycles volatility: International evidence,JOURNAL OF THE ECONOMICS OF AGEING,2020,10.1016/j.jeoa.2020.100285,6
Pollution and growth: The role of pension in the efficiency of health and environmental policies,INTERNATIONAL JOURNAL OF ECONOMIC THEORY,2021,10.1111/ijet.12247,2
"Going from bad to worse: Adaptation to poor health health spending, longevity, and the value of life",JOURNAL OF ECONOMIC BEHAVIOR & ORGANIZATION,2017,10.1016/j.jebo.2017.02.018,26
"Future Costs, Fixed Healthcare Budgets, and the Decision Rules of Cost-Effectiveness Analysis",HEALTH ECONOMICS,2016,10.1002/hec.3138,40
Gender Inequality in Terms of Health and Nutrition in India: Evidence from National Family Health Survey-3,PACIFIC BUSINESS REVIEW INTERNATIONAL,2013,,8
Human capital and welfare,OXFORD ECONOMIC PAPERS-NEW SERIES,2023,10.1093/oep/gpac020,2
Long-term exposure to malaria and violence in Africa,ECONOMIC POLICY,2018,10.1093/epolic/eiy008,7
Efficiency in overlapping generations economies with longevity choices and fair annuities,JOURNAL OF MACROECONOMICS,2015,10.1016/j.jmacro.2015.06.002,3
The lasting damage to mortality of early-life adversity: evidence from the English famine of the late 1720s,EUROPEAN REVIEW OF ECONOMIC HISTORY,2012,10.1093/ereh/hes003,7
"Heavy industry regulations, hospitalization, and medical expenditures: Evidence from micro-level medical records in a northeast Chinese city",ENERGY ECONOMICS,2024,10.1016/j.eneco.2023.107248,1
"The Great Divide: Education, Despair, and Death",ANNUAL REVIEW OF ECONOMICS,2022,10.1146/annurev-economics-051520-015607,41
The AGE model: Addressing ageism in the workplace through corporate social responsibility,JOURNAL OF LABOR AND SOCIETY,2019,10.1111/wusa.12387,1
The genesis of the golden age: Accounting for the rise in health and leisure,REVIEW OF ECONOMIC DYNAMICS,2017,10.1016/j.red.2017.01.005,22
"Diverging Stories of ""Missing Women"" in South Asia: Is Son Preference Weakening in Bangladesh?",FEMINIST ECONOMICS,2014,10.1080/13545701.2013.857423,30
A Cost-Utility Analysis of Cinacalcet in Secondary Hyperparathyroidism in Five European Countries,APPLIED HEALTH ECONOMICS AND HEALTH POLICY,2012,,15
Valuation of long-term care options embedded in life annuities,ANNALS OF ACTUARIAL SCIENCE,2022,10.1017/S1748499521000063,10
Growth of Real GDP and Total Factor Productivity in Asia with an Emphasis on Malaysian Growth,ATLANTIC ECONOMIC JOURNAL,2019,10.1007/s11293-019-09642-5,5
Maintenance Practices in Poor Uptime of Operating Equipment Toward Dynamic of Business Issues,INTERNATIONAL JOURNAL OF INNOVATION AND TECHNOLOGY MANAGEMENT,2019,10.1142/S0219877019500172,0
"Live long, live well: Quantifying the health of heterogeneous populations",HEALTH ECONOMICS,2001,10.1002/hec.633,12
Formulary management of drugs for cancer-associated hypercalcaemia,PHARMACOECONOMICS,1996,10.2165/00019053-199609010-00005,1
Income Inequality in Post-Socialist Countries: An Analysis of Selected Determinants,GOSPODARKA NARODOWA-THE POLISH JOURNAL OF ECONOMICS,2024,10.33119/GN/178341,0
Mosquitoes and Potatoes: How Local Climatic Conditions Impede Development,ENVIRONMENTAL & RESOURCE ECONOMICS,2023,10.1007/s10640-023-00818-x,0
Long-run improvements in human health: Steady but unequal,JOURNAL OF THE ECONOMICS OF AGEING,2019,10.1016/j.jeoa.2019.01.003,14
Waste Import Bans and Environmental Quality: Evidence from China's Electronic Waste Disposal Towns,ENVIRONMENTAL & RESOURCE ECONOMICS,2023,10.1007/s10640-022-00756-0,1
Do notional defined contribution schemes prolong working life? Evidence from the 1994 Swedish pension reform,JOURNAL OF THE ECONOMICS OF AGEING,2018,10.1016/j.jeoa.2016.11.001,7
The Impact of Systematic Trend and Uncertainty on Mortality and Disability in a Multistate Latent Factor Model for Transition Rates,NORTH AMERICAN ACTUARIAL JOURNAL,2017,10.1080/10920277.2017.1330157,19
Pharmacoeconomics of ruxolitinib therapy in patients with myelofibrosis,JOURNAL OF MEDICAL ECONOMICS,2016,10.3111/13696998.2015.1133430,2
A Poisson log-bilinear regression approach to the construction of projected lifetables,INSURANCE MATHEMATICS & ECONOMICS,2002,10.1016/S0167-6687(02)00185-3,465
Tax Evasion and Company Survival: A Brazilian Case Study,ECONOMIES,2024,10.3390/economies12110286,0
"""Deaths of despair"" over the business cycle: New estimates from a shift-share instrumental variables approach",ECONOMICS & HUMAN BIOLOGY,2024,10.1016/j.ehb.2024.101374,0
Mortality Inequality in England over the Past 20 Years*,FISCAL STUDIES,2021,10.1111/1475-5890.12266,7
Distributional effects of social security reforms: The case of France,CANADIAN JOURNAL OF ECONOMICS-REVUE CANADIENNE D ECONOMIQUE,2019,10.1111/caje.12399,1
SOCIO-ECONOMIC CONDITIONS AND MORTALITY IN ITALY,POLITICA ECONOMICA,2016,10.1429/83968,2
Transfers in an aging European Union,JOURNAL OF THE ECONOMICS OF AGEING,2019,10.1016/j.jeoa.2018.07.004,20
Three suggestions for the improvement of demographic and family policy,ECONOMIC AND SOCIAL CHANGES-FACTS TRENDS FORECAST,2013,,0
Optimal Taxation and Income Mobility with Borrowing Limits,PUBLIC FINANCE REVIEW,2011,10.1177/1091142110396503,0
The scientific revolution and its implications for long-run economic development,WORLD DEVELOPMENT,2023,10.1016/j.worlddev.2023.106262,6
FAMILY IN CONTEMPORARY SOCIETY,INDEPENDENT JOURNAL OF MANAGEMENT & PRODUCTION,2021,10.14807/ijmp.v12i7.1477,0
HIV treatment and worker absenteeism: Quasi-experimental evidence from a large-scale health program in South Africa,JOURNAL OF HEALTH ECONOMICS,2021,10.1016/j.jhealeco.2021.102479,2
Cancer survival extension from drug treatments,BRITISH ACTUARIAL JOURNAL,2013,10.1017/S1357321713000184,0
Socio-economic determinants of environmental degradation: Empirical evidence for the Environmental Kuznets Curve,ECONOMICS AND BUSINESS REVIEW,2023,10.18559/ebr.2023.3.797,1
Short-Term Exposure to Air Pollution and Cognitive Performance: New Evidence from China's College English Test,ENVIRONMENTAL & RESOURCE ECONOMICS,2023,10.1007/s10640-023-00765-7,2
Public health departments and the mortality transition in Latin America: Evidence from Puerto Rico?,JOURNAL OF DEVELOPMENT ECONOMICS,2023,10.1016/j.jdeveco.2022.102980,4
Negligible senescence: An economic life cycle model for the future,JOURNAL OF ECONOMIC BEHAVIOR & ORGANIZATION,2020,10.1016/j.jebo.2019.12.024,3
THE GOVERNANCE OF EFFICIENT HEALTHCARE FINANCING SYSTEM IN OECD COUNTRIES,POLISH JOURNAL OF MANAGEMENT STUDIES,2020,10.17512/pjms.2020.21.2.13,5
Enhanced Annuities: Drivers of and Barriers to Supply and Demand,GENEVA PAPERS ON RISK AND INSURANCE-ISSUES AND PRACTICE,2016,10.1057/gpp.2015.21,12
Directed search over the life cycle,REVIEW OF ECONOMIC DYNAMICS,2016,10.1016/j.red.2015.03.002,46
International Comparisons in Health Economics: Evidence from Aging Studies,"ANNUAL REVIEW OF ECONOMICS, VOL 4",2012,10.1146/annurev-economics-080511-110944,24
The late emergence of socioeconomic mortality differentials: A micro-level study of adult mortality in southern Sweden 1815-1968,EXPLORATIONS IN ECONOMIC HISTORY,2011,10.1016/j.eeh.2011.05.005,37
Economic reform and mortality in the former Soviet Union: A study of the suicide epidemic in the 1990s,EUROPEAN ECONOMIC REVIEW,2001,10.1016/S0014-2921(01)00108-8,117
Immediate effect of air pollution on labor mobility: empirical evidence from online resume data,ANNALS OF REGIONAL SCIENCE,2021,10.1007/s00168-021-01055-0,5
Estimation of healthcare expenditure per capita of Turkey using artificial intelligence techniques with genetic algorithm-based feature selection,JOURNAL OF FORECASTING,2021,10.1002/for.2747,14
"Ageing, human capital and demographic dividends with endogenous growth, labour supply and foreign capital",PORTUGUESE ECONOMIC JOURNAL,2021,10.1007/s10258-020-00176-2,5
"Commons and the standard of living debate in Spain, 1860-1930",CLIOMETRICA,2015,10.1007/s11698-014-0107-9,12
THE FUTURE OF ACTIVE AND INTELLIGENT PACKAGING INDUSTRY,LOGFORUM,2013,,15
The political economy of firm emissions: Evidence from a quasi-natural experiment in China,EUROPEAN JOURNAL OF POLITICAL ECONOMY,2022,10.1016/j.ejpoleco.2022.102181,13
Determinants of Improving the Financial Security of Retired Women in Malaysia,JOURNAL OF ASIAN FINANCE ECONOMICS AND BUSINESS,2022,10.13106/jafeb.2022.vol9.no6.0011,0
"VALUATION OF EQUITY RELEASE CONTRACTS IN CZECH REPUBLIC, REPUBLIC OF POLAND AND SLOVAK REPUBLIC",PRAGUE ECONOMIC PAPERS,2020,10.18267/j.pep.743,3
Foreign Aid and HIV/AIDS in Latin America and the Caribbean: Should We Adjust the Degree of Response?,ATLANTIC ECONOMIC JOURNAL,2018,10.1007/s11293-018-9591-9,0
A multi-country health economic evaluation of highly concentrated n-3 polyunsaturated fatty acids in secondary prevention after myocardial infarction,PHARMACOECONOMICS,2006,10.2165/00019053-200624080-00005,17
The impact of minimum wages on population health: evidence from 24 OECD countries,EUROPEAN JOURNAL OF HEALTH ECONOMICS,2017,10.1007/s10198-016-0847-5,44
Modern Infectious Diseases: Macroeconomic Impacts and Policy Responses,JOURNAL OF ECONOMIC LITERATURE,2022,10.1257/jel.20201642,62
"Population Change with Endogenous Birth and Mortality Rates, Wealth Accumulation, and Renewable Resource Change",INTERNATIONAL JOURNAL OF ECONOMIC SCIENCES,2014,,0
A possible solution to the reform of the mandatory pension system: point system and demography,PUBLIC FINANCE QUARTERLY-HUNGARY,2011,,2
"The unintended psychological and behavioral drawbacks of big push strategies: Increased psychological entitlement, selfish behavior, and decreased prosocial behavior",JOURNAL OF BEHAVIORAL AND EXPERIMENTAL ECONOMICS,2022,10.1016/j.socec.2022.101842,2
Calibrating Gompertz in reverse: What is your longevity-risk-adjusted global age?,INSURANCE MATHEMATICS & ECONOMICS,2020,10.1016/j.insmatheco.2020.03.009,19
Dimensions of human capital and technological diffusion,EMPIRICAL ECONOMICS,2021,10.1007/s00181-019-01777-3,5
Optimal Liver Acceptance for Risk-Sensitive Patients,SERVICE SCIENCE,2018,10.1287/serv.2018.0215,9
ADJUSTING LIFE FOR QUALITY OR DISABILITY: STYLISTIC DIFFERENCE OR SUBSTANTIAL DISPUTE?,HEALTH ECONOMICS,2009,10.1002/hec.1424,27
Should self-employed persons subject to the statutory pay-as-you-go pension system? Welfare effects of extending compulsory insurance to include self-employed persons,JAHRBUCHER FUR NATIONALOKONOMIE UND STATISTIK,2004,,2
Experience Prospective Life-Tables for the Algerian Retirees,RISKS,2019,10.3390/risks7020038,1
Anti-social tax practices and social economic development in Nigeria: the stakeholders' perceptions,AFRICAN JOURNAL OF ACCOUNTING AUDITING AND FINANCE,2013,10.1504/AJAAF.2013.063310,0
Monetary Valuation with Impact Pathway Analysis: Benefits of Reducing Nitrate Leaching in European Catchments,INTERNATIONAL REVIEW OF ENVIRONMENTAL AND RESOURCE ECONOMICS,2011,10.1561/101.00000042,5
Age- and health-related non-linear inheritance taxation,CANADIAN JOURNAL OF ECONOMICS-REVUE CANADIENNE D ECONOMIQUE,2023,10.1111/caje.12673,0
Modelling the reverse select and ultimate mortality experience of UK ill-health retirement occupational pension scheme members,ANNALS OF ACTUARIAL SCIENCE,2016,10.1017/S1748499516000063,0
"Time trade-off: one methodology, different methods",EUROPEAN JOURNAL OF HEALTH ECONOMICS,2013,10.1007/s10198-013-0508-x,109
Choosing the legal retirement age in presence of unemployment,RECHERCHES ECONOMIQUES DE LOUVAIN-LOUVAIN ECONOMIC REVIEW,2012,10.3917/rel.781.0005,1
Firm Innovation in Hazy Days: Chinese Evidence,ENVIRONMENTAL & RESOURCE ECONOMICS,2024,10.1007/s10640-024-00878-7,0
The effect of health on economic growth: a meta-regression analysis,EMPIRICAL ECONOMICS,2022,10.1007/s00181-022-02226-4,16
Dating Death: An Empirical Comparison of Medical Underwriters in the U.S. Life Settlements Market,NORTH AMERICAN ACTUARIAL JOURNAL,2020,10.1080/10920277.2019.1585881,8
Avoidance behavior against air pollution: evidence from online search indices for anti-PM<sub>2.5</sub> masks and air filters in Chinese cities,ENVIRONMENTAL ECONOMICS AND POLICY STUDIES,2018,10.1007/s10018-017-0196-3,52
Mortality of Smoking by Gender,NORTH AMERICAN ACTUARIAL JOURNAL,2015,10.1080/10920277.2015.1018389,2
ASSESSING THE IMPLICATIONS OF LONG-TERM CARE POLICIES IN ITALY: A MICROSIMULATION APPROACH,POLITICA ECONOMICA,2008,10.1429/26966,0
The role of institutions in environment-health outcomes Nexus: empirical evidence from sub-Saharan Africa,ECONOMIC CHANGE AND RESTRUCTURING,2021,10.1007/s10644-020-09299-0,15
Traditional Economy Influences on Intellectual Capital Development,MONTENEGRIN JOURNAL OF ECONOMICS,2017,10.14254/1800-5845/2017.13-1.6,2
Cost effectiveness of epoetin-α to augment preoperative autologous blood donation in elective cardiac surgery,PHARMACOECONOMICS,2000,10.2165/00019053-200018020-00006,28
Wealthier is healthier? Healthier is wealthier? A comprehensive econometric analysis of the European countries,ACTA OECONOMICA,2021,10.1556/032.2021.00019,1
Energy poverty and public health: Global evidence,ENERGY ECONOMICS,2021,10.1016/j.eneco.2021.105423,93
AS THE WIND BLOWS: THE EFFECTS OF LONG-TERM EXPOSURE TO AIR POLLUTION ON MORTALITY,JOURNAL OF THE EUROPEAN ECONOMIC ASSOCIATION,2020,10.1093/jeea/jvz051,99
EXPERIENCE OF EUROPEAN PENSION SYSTEMS REFORMING AND THE POSSIBILITY OF ITS USE IN THE RUSSIAN FEDERATION,VESTNIK SANKT-PETERBURGSKOGO UNIVERSITETA-EKONOMIKA-ST PETERSBURG,2017,10.21638/11701/spbu05.2017.307,1
No theory: an explanation of the lack of consistency in cross-country health care comparisons using non-parametric estimators,HEALTH ECONOMICS REVIEW,2016,10.1186/s13561-016-0118-2,6
MANAGEMENT OF THE SPORTS INDUSTRY FOR ENSURING THE PUBLIC HEALTH: PROSPECT OF IMPLEMENTING THE INNOVATIONS,MARKETING AND MANAGEMENT OF INNOVATIONS,2022,10.21272/mmi.2022.4-11,0
Be nice to the air: Severe haze pollution and mutual fund risk,GLOBAL FINANCE JOURNAL,2023,10.1016/j.gfj.2023.100893,3
Optimizing Pension Participation in Kenya through Predictive Modeling: A Comparative Analysis of Tree-Based Machine Learning Algorithms and Logistic Regression Classifier,RISKS,2023,10.3390/risks11040077,0
THE IMPACT OF HEALTHCARE AVAILABILITY ON THE AMENABLE MORTALITY: COUNTRY STUDY,ECONOMICS & SOCIOLOGY,2019,10.14254/2071-789X.2019/12-3/16,5
The Importance of Implementing Environmental Variables in the Process of Assessment of Healthcare Efficiency through DEA<SUP>1</SUP>,EKONOMICKY CASOPIS,2019,,12
The Effect of Health on Economic Growth: A Production Function Approach for Turkey,PANOECONOMICUS,2024,10.2298/PAN210411005A,1
"Monitoring Technologies, Environmental Performance, and Health Outcomes: Evidence from China",JOURNAL OF THE ASSOCIATION OF ENVIRONMENTAL AND RESOURCE ECONOMISTS,2023,10.1086/725111,1
Growth and welfare in mixed health system financing with physician dual practice in a developing economy: a case of Indonesia,INTERNATIONAL JOURNAL OF HEALTH ECONOMICS AND MANAGEMENT,2021,10.1007/s10754-020-09289-9,1
Forecasting the cost of US Health Care in 2040,JOURNAL OF POLICY MODELING,2009,10.1016/j.jpolmod.2009.05.004,16
Does air pollution affect earnings management? Evidence from China,PACIFIC-BASIN FINANCE JOURNAL,2022,10.1016/j.pacfin.2022.101737,24
A THEORY OF ECONOMIC DEVELOPMENT WITH ENDOGENOUS FERTILITY,MACROECONOMIC DYNAMICS,2012,10.1017/S1365100510000842,4
Demographic structure and economic growth: Evidence from China,JOURNAL OF COMPARATIVE ECONOMICS,2010,10.1016/j.jce.2010.08.002,53
"Demographic changes, labor effort and economic growth - Empirical evidence from Greece",JOURNAL OF POLICY MODELING,2001,10.1016/S0161-8938(00)00037-5,18
QALYs and ageism: Philosophical theories and age weighting,HEALTH ECONOMICS,2000,10.1002/(SICI)1099-1050(200001)9:1<57::AID-HEC484>3.0.CO;2-N,69
Contaminated Heart: Does Air Pollution Harm Business Ethics? Evidence from Earnings Manipulation,JOURNAL OF BUSINESS ETHICS,2022,10.1007/s10551-021-04762-y,21
"Swimming with wealthy sharks: longevity, volatility and the value of risk pooling",JOURNAL OF PENSION ECONOMICS & FINANCE,2020,10.1017/S1474747219000040,6
Airports and ageing passengers: A study of the UK,RESEARCH IN TRANSPORTATION BUSINESS AND MANAGEMENT,2019,10.1016/j.rtbm.2019.100380,14
Decreasing term structure of psychological discount rates: Experimental estimation and determinants,JOURNAL OF BEHAVIORAL AND EXPERIMENTAL FINANCE,2015,10.1016/j.jbef.2015.02.006,1
The contribution of population health and demographic change to economic growth in China and India,JOURNAL OF COMPARATIVE ECONOMICS,2010,10.1016/j.jce.2009.11.002,81
Impacts of the desulfurization price subsidy policy on SO<sub>2</sub> reduction: Evidence from China's coal-fired power plants,ENERGY POLICY,2021,10.1016/j.enpol.2021.112477,19
The effects of recent Spanish pension reforms on sustainability and pension adequacy,APPLIED ECONOMICS,2018,10.1080/00036846.2017.1400650,5
Population health and the economy: Mortality and the Great Recession in Europe,HEALTH ECONOMICS,2017,10.1002/hec.3495,58
Economic Evaluation of Cinacalcet in the Treatment of Secondary Hyperparathyroidism in Italy,PHARMACOECONOMICS,2010,10.2165/11538600-000000000-00000,18
"Fine-particulate air pollution and behaviorally inclusive mortality impacts of China's winter heating policy, 2013-2018",JOURNAL OF ENVIRONMENTAL ECONOMICS AND MANAGEMENT,2024,10.1016/j.jeem.2024.102945,4
"ENDOGENOUS DEMOGRAPHIC CHANGE, RETIREMENT, AND SOCIAL SECURITY",MACROECONOMIC DYNAMICS,2021,10.1017/S1365100519000269,13
Individual survival curves comparing subjective and observed mortality risks,HEALTH ECONOMICS,2017,10.1002/hec.3506,18
Do Managers of US Defined Benefit Pension Plan Sponsors Use Regulatory Freedom Strategically?,JOURNAL OF ACCOUNTING RESEARCH,2017,10.1111/1475-679X.12182,14
RETURNS PAID TO EARLY SOCIAL-SECURITY COHORTS,CONTEMPORARY POLICY ISSUES,1993,10.1111/j.1465-7287.1993.tb00396.x,15
<i>Cogito ergo sum</i>: exploring epistemological options for strategic management,JOURNAL OF MANAGEMENT DEVELOPMENT,2009,10.1108/02621710910923845,11
The Moderating Effect of Mental Health in Familiarity Bias and Self-Attribution of Financial Planning Behaviour among Malaysians,ESTUDIOS DE ECONOMIA APLICADA,2021,10.25115/eea.v39i4.4567,0
Pharmaceutical expenditure and gross domestic product: Evidence of simultaneous effects using a two-step instrumental variables strategy,HEALTH ECONOMICS,2019,10.1002/hec.3832,6
Energy related public environmental concerns and intra-firm pay gap in polluting enterprises: Evidence from China,ENERGY ECONOMICS,2024,10.1016/j.eneco.2024.107320,10
What Motivates Social Security Claiming Age Intentions? Testing Behaviorally Informed Interventions Alongside Individual Differences,JOURNAL OF MARKETING RESEARCH,2023,10.1177/00222437221147221,0
"Women's desire for the kaleidoscope of authenticity, balance and challenge: A multi-method study of female health workers' careers",GENDER WORK AND ORGANIZATION,2019,10.1111/gwao.12317,18
From <i>Bismarck</i> to <i>Beveridge</i>: the other pension reform in Spain,SERIES-JOURNAL OF THE SPANISH ECONOMIC ASSOCIATION,2016,10.1007/s13209-016-0148-3,12
THE EFFECT OF SECOND PILLAR PENSION TO OLD AGE PENSION: LITHUANIAN CASE,INTERNATIONAL JOURNAL OF ECONOMIC SCIENCES,2016,10.20472/ES.2016.5.4.002,0
"Convergence of body mass with aging: The longitudinal interrelationship of health, weight, and survival",ECONOMICS & HUMAN BIOLOGY,2008,10.1016/j.ehb.2008.06.006,3
Enhancing human development in developing regions: Do ICT and transport infrastructure matter?,TECHNOLOGICAL FORECASTING AND SOCIAL CHANGE,2022,10.1016/j.techfore.2022.121725,25
The costs of hazardous alcohol consumption in Germany,EUROPEAN JOURNAL OF HEALTH ECONOMICS,2017,10.1007/s10198-016-0822-1,16
HIV/AIDS-related Expectations and Risky Sexual Behaviour in Malawi,REVIEW OF ECONOMIC STUDIES,2016,10.1093/restud/rdv028,32
Estimating the technical efficiency of health care systems: A cross-country comparison using the directional distance function,EUROPEAN JOURNAL OF OPERATIONAL RESEARCH,2014,10.1016/j.ejor.2014.05.007,87
Building Distributed E-Healthcare for Elderly Using RFID and Multi-Agent,INTERNATIONAL JOURNAL OF ENGINEERING BUSINESS MANAGEMENT,2011,,8
Adult mortality in Russia,ECONOMICS OF TRANSITION,2010,10.1111/j.1468-0351.2009.00384.x,25
Population Aging and International Monetary Transmission,JOURNAL OF MONEY CREDIT AND BANKING,2024,10.1111/jmcb.13004,2
A New Fourier Approach under the Lee-Carter Model for Incorporating Time-Varying Age Patterns of Structural Changes,RISKS,2022,10.3390/risks10080147,0
Direct impact of inflow of foreign direct investment on poverty reduction in Pakistan: a bonds testing approach,ECONOMIC RESEARCH-EKONOMSKA ISTRAZIVANJA,2019,10.1080/1331677X.2019.1670088,15
Does self-employment provide a bridge to retirement?,CAMBRIDGE JOURNAL OF ECONOMICS,2024,10.1093/cje/beae016,0
Probabilistic population forecasting: Short to very long-term,INTERNATIONAL JOURNAL OF FORECASTING,2023,10.1016/j.ijforecast.2021.09.001,23
Biased survival expectations and behaviours: Does domain specific information matter?,JOURNAL OF RISK AND UNCERTAINTY,2022,10.1007/s11166-022-09382-z,1
Estimating lifetime medical costs from censored claims data,HEALTH ECONOMICS,2017,10.1002/hec.3512,45
FOREIGN AID EFFECTIVENESS IN OIC MEMBER COUNTRIES: BEYOND ECONOMIC INDICATORS,INTERNATIONAL JOURNAL OF ECONOMICS MANAGEMENT AND ACCOUNTING,2017,,3
"Co-benefits of climate policy - lessons learned from a study in Shanxi, China",ENERGY POLICY,2004,10.1016/S0301-4215(03)00156-3,144
How will climate change affect ambient air pollution and what can policy-makers do now? Lessons from India,OXFORD REVIEW OF ECONOMIC POLICY,2023,10.1093/oxrep/grad041,0
A Critical View on Pension Savings in Slovakia,STATISTIKA-STATISTICS AND ECONOMY JOURNAL,2021,10.54694/stat.2021.11,2
Conflict-Poverty Relationship in Africa: A Disaggregated Approach,JOURNAL OF INTERDISCIPLINARY ECONOMICS,2022,10.1177/0260107920935726,14
The impact of economic growth in mortality modelling for selected OECD countries,JOURNAL OF FORECASTING,2020,10.1002/for.2640,7
Soft power and exchange rate volatility,INTERNATIONAL FINANCE,2017,10.1111/infi.12117,3
"Pension Reforms, Working Patterns and Gender Pension Gaps in Europe",GENDER WORK AND ORGANIZATION,2009,10.1111/j.1468-0432.2009.00457.x,36
"The Impact of Ageing and the Speed of Ageing on the Economic Growth of Least Developed, Emerging and Developed Countries, 1990-2013",REVIEW OF DEVELOPMENT ECONOMICS,2017,10.1111/rode.12294,19
"Stature, migration and human welfare in South China, 1850-1930",ECONOMICS & HUMAN BIOLOGY,2013,10.1016/j.ehb.2012.10.003,8
Reforming the world's largest heating system: Quasi-experimental evidence from China,ENERGY ECONOMICS,2023,10.1016/j.eneco.2022.106417,6
New Evidence of the Health Status and Economic Growth Relationship,PANOECONOMICUS,2017,10.2298/PAN150505020M,9
Cross-country differences in the contribution of future migration to old-age financing,INTERNATIONAL TAX AND PUBLIC FINANCE,2016,10.1007/s10797-016-9394-3,7
THE ACCOUNTANCY OF THE POTENTIAL INCOME LOST DUE PREMATURE DEATH: DIFFERENCES DETERMINED BY GENDER,REVISTA CONTABILIDADE E CONTROLADORIA-RC C,2009,,1
Discounting life-years: Whither time preference?,HEALTH ECONOMICS,1998,10.1002/(SICI)1099-1050(199803)7:2<121::AID-HEC318>3.0.CO;2-H,27
AN EMPIRICAL-STUDY OF OCCUPATIONAL STRESS TRANSMISSION IN WORKING COUPLES,HUMAN RELATIONS,1993,10.1177/001872679304600705,107
International Energy Law and the Development Dilemma,MANCHESTER JOURNAL OF INTERNATIONAL ECONOMIC LAW,2022,,2
An Investigation into Inequalities in Adult Lifespan,NORTH AMERICAN ACTUARIAL JOURNAL,2021,10.1080/10920277.2019.1671874,5
The Economic Cost of the Islamic Revolution and War for Iran: Synthetic Counterfactual Evidence,DEFENCE AND PEACE ECONOMICS,2022,10.1080/10242694.2020.1825314,17
INFANT HEALTH AND LONGEVITY: EVIDENCE FROM A HISTORICAL INTERVENTION IN SWEDEN,JOURNAL OF THE EUROPEAN ECONOMIC ASSOCIATION,2017,10.1093/jeea/jvw028,41
Research and Reality: A Literature Review on Drawing Down Retirement Financial Savings,NORTH AMERICAN ACTUARIAL JOURNAL,2013,10.1080/10920277.2013.821938,26
WHY HAS THE HEALTH INEQUALITY AMONG INFANTS IN THE US DECLINED? ACCOUNTING FOR THE SHRINKING GAP,HEALTH ECONOMICS,2009,10.1002/hec.1407,19
Factors influencing the acceptance of healthcare information technologies: A meta-analysis,INFORMATION & MANAGEMENT,2022,10.1016/j.im.2022.103604,34
Has the anti-corruption campaign decreased air pollution in China?,ENERGY ECONOMICS,2020,10.1016/j.eneco.2020.104878,108
"The impact of pharmaceutical innovation on longevity and medical expenditure in France, 2000-2009",ECONOMICS & HUMAN BIOLOGY,2014,10.1016/j.ehb.2013.04.002,26
Cost effectiveness of ramipril in patients at high risk for cardiovascular events -: Economic evaluation of the HOPE (Heart Outcomes Prevention Evaluation) study for Germany from the statutory health insurance perspective,PHARMACOECONOMICS,2004,10.2165/00019053-200422150-00001,12
Life-cycle decisions and general equilibrium in the heterogeneous-agent OLG economy,APPLIED ECONOMICS,2024,10.1080/00036846.2024.2305610,1
On the short-term impact of pollution: The effect of PM 2.5 on emergency room visits,HEALTH ECONOMICS,2024,10.1002/hec.4780,1
Demographic change and the rate of return in pay-as-you-go pension systems,JOURNAL OF POPULATION ECONOMICS,2023,10.1007/s00148-023-00938-0,3
Does the demographic dividend with human capital development yield an economic dividend? Evidence from Central Asia,POST-COMMUNIST ECONOMIES,2023,10.1080/14631377.2022.2164782,2
Financial literacy and asset allocation among retired residents: evidence from China,JOURNAL OF THE ASIA PACIFIC ECONOMY,2022,10.1080/13547860.2020.1849938,12
The effect of time to death on health care expenditures: taking into account the endogeneity and right censoring of time to death,EUROPEAN JOURNAL OF HEALTH ECONOMICS,2020,10.1007/s10198-020-01187-8,6
Affordable care encourages healthy living: Theory and evidence from China's new cooperative medical scheme,HEALTH ECONOMICS,2018,10.1002/hec.3820,10
"Aspirations, health and the cost of inequality",JOURNAL OF ECONOMIC DYNAMICS & CONTROL,2018,10.1016/j.jedc.2017.10.008,7
Retirement Ages by Socio-Economic Class,RISKS,2020,10.3390/risks8040102,1
Estimating the marginal cost of a life year in Sweden's public healthcare sector,EUROPEAN JOURNAL OF HEALTH ECONOMICS,2019,10.1007/s10198-019-01039-0,34
INTERRELATION OF COUNTRIES' DEVELOPMENTAL LEVEL AND FOREIGN DIRECT INVESTMENTS PERFORMANCE,JOURNAL OF BUSINESS ECONOMICS AND MANAGEMENT,2011,10.3846/16111699.2011.599412,10
Urban mortality in Greece: Hermoupolis (1859-1940),ECONOMIC HISTORY REVIEW,2023,10.1111/ehr.13198,2
A Bibliometric Analysis of Research on Stochastic Mortality Modelling and Forecasting,RISKS,2022,10.3390/risks10100191,3
Adult mortality and urbanization: Examination of a weak connection in sub-Saharan Africa,WORLD DEVELOPMENT,2019,10.1016/j.worlddev.2019.05.019,15
Relating environmental performance with socioeconomic and cultural factors,ENVIRONMENTAL ECONOMICS AND POLICY STUDIES,2018,10.1007/s10018-017-0182-9,12
Forecasting Longevity Gains for a Population with Short Time Series Using a Structural SUTSE Model: An Application to Brazilian Annuity Plans,NORTH AMERICAN ACTUARIAL JOURNAL,2016,10.1080/10920277.2015.1061442,0
Inequality in mortality in pre-industrial southern Europe during an epidemic episode: socio-economic determinants (eighteenth-nineteenth centuries Spain),ECONOMICS & HUMAN BIOLOGY,2021,10.1016/j.ehb.2020.100941,3
Does Population Longevity Attract Foreign Direct Investments in Developing Countries?,GLOBAL BUSINESS REVIEW,2023,10.1177/0972150920915364,2
The welfare cost of late-life depression,JOURNAL OF ECONOMIC BEHAVIOR & ORGANIZATION,2022,10.1016/j.jebo.2022.10.001,3
Effects of adult mortality rate on educational attainment: empirical analysis using cross-country panel data,INTERNATIONAL JOURNAL OF ECONOMIC POLICY STUDIES,2022,10.1007/s42495-022-00081-w,2
The impact of gender inequality in education and employment on economic performance in Turkey: evidence from a cointegration approach,EQUALITY DIVERSITY AND INCLUSION,2022,10.1108/EDI-04-2021-0099,1
"Education choices, longevity and optimal policy in a Ben-Porath economy",MATHEMATICAL SOCIAL SCIENCES,2018,10.1016/j.mathsocsci.2017.10.003,6
Health State Transitions and Longevity Effects on Retirees' Optimal Annuitization,JOURNAL OF RISK AND INSURANCE,2017,10.1111/jori.12168,17
Innovative behavior and the Chinese enterprise survival risk: an empirical research,CHINA FINANCE AND ECONOMIC REVIEW,2016,10.1186/s40589-016-0044-9,8
Does happiness matter to health system efficiency? A performance analysis,HEALTH ECONOMICS REVIEW,2018,10.1186/s13561-018-0214-6,32
Demographics and real interest rates: Inspecting the mechanism,EUROPEAN ECONOMIC REVIEW,2016,10.1016/j.euroecorev.2016.04.002,136
FOREIGN DIRECT INVESTMENT PERFORMANCE DRIVERS AT THE COUNTRY LEVEL: A ROBUST COMPROMISE MULTI-CRITERIA DECISION-MAKING APPROACH,TECHNOLOGICAL AND ECONOMIC DEVELOPMENT OF ECONOMY,2024,10.3846/tede.2024.19532,2
"Act your age? Age, intrapreneurial behavior, social capital and performance",EMPLOYEE RELATIONS,2019,10.1108/ER-01-2019-0059,12
Travel motivations of seniors: A review and a meta-analytical assessment,TOURISM ECONOMICS,2016,10.1177/1354816616654257,46
Does giving to charity lead to better health? Evidence from tax subsidies for charitable giving,JOURNAL OF ECONOMIC PSYCHOLOGY,2014,10.1016/j.joep.2014.08.002,9
Declining real interest rates: The role of energy prices in energy importers,ENERGY ECONOMICS,2024,10.1016/j.eneco.2023.107226,2
The patterns and determinants of longevity in Russia's regions: Evidence from panel data,JOURNAL OF COMPARATIVE ECONOMICS,2005,10.1016/j.jce.2005.03.012,13
The impact of socio-economic indicators on COVID-19: an empirical multivariate analysis of sub-Saharan African countries,JOURNAL OF SOCIAL AND ECONOMIC DEVELOPMENT,2022,10.1007/s40847-022-00184-2,4
A DOUBLE COMMON FACTOR MODEL FOR MORTALITY PROJECTION USING BEST-PERFORMANCE MORTALITY RATES AS REFERENCE,ASTIN BULLETIN,2021,10.1017/asb.2020.44,1
About prospects of old age security system,FINANCE A UVER,1998,,0
Aging and economic growth: is there a role for a two-child policy in China?,ECONOMIC RESEARCH-EKONOMSKA ISTRAZIVANJA,2020,10.1080/1331677X.2019.1699436,15
"Intergenerational transfers, demographic transition, and altruism: Problems in developing Asia",REVIEW OF DEVELOPMENT ECONOMICS,2018,10.1111/rode.12369,4
Valuing Health at Different Ages Evidence from a Nationally Representative Survey in the US,APPLIED HEALTH ECONOMICS AND HEALTH POLICY,2011,10.2165/11587340-000000000-00000,32
A study for the stress factors of the employees and redundants in the crisis process,ISTANBUL UNIVERSITY JOURNAL OF THE SCHOOL OF BUSINESS,2010,,0
Modelling mortality: A bayesian factor-augmented var (favar) approach,ASTIN BULLETIN-THE JOURNAL OF THE INTERNATIONAL ACTUARIAL ASSOCIATION,2023,10.1017/asb.2022.24,1
Lack of Global Convergence and the Formation of Multiple Welfare Clubs across Countries: An Unsupervised Machine Learning Approach,ECONOMIES,2019,10.3390/economies7030074,2
Sustaining society with ecological capitalism,HUMAN SYSTEMS MANAGEMENT,2015,10.3233/HSM-150831,4
The health impacts of two policies regulating SO2 air pollution: Evidence from China,CHINA ECONOMIC REVIEW,2023,10.1016/j.chieco.2023.101937,11
Convergence theory and conditional income convergence among sub-Saharan African countries,AGRICULTURAL ECONOMICS,2021,10.1111/agec.12670,4
Optimal education in times of ageing: The dependency ratio in the Uzawa-Lucas growth model,JOURNAL OF THE ECONOMICS OF AGEING,2016,10.1016/j.jeoa.2016.03.001,9
Unlocking housing equity in Japan,JOURNAL OF THE JAPANESE AND INTERNATIONAL ECONOMIES,2004,10.1016/j.jjie.2004.03.003,40
Will the China's carbon emissions market increase the risk-taking of its enterprises?,INTERNATIONAL REVIEW OF ECONOMICS & FINANCE,2022,10.1016/j.iref.2021.10.005,38
No Country for Old Men? Increasing the Retirement Age in the Norwegian Armed Forces,DEFENCE AND PEACE ECONOMICS,2021,10.1080/10242694.2020.1764704,5
Russia: austerity and deficit reduction in historical and comparative perspective,CAMBRIDGE JOURNAL OF ECONOMICS,2012,10.1093/cje/ber042,8
"Endogenous differential mortality, non-contractible effort and non-linear taxation",INTERNATIONAL TAX AND PUBLIC FINANCE,2011,10.1007/s10797-010-9147-7,3
"The Lee-Carter Model for Forecasting Mortality, Revisited",NORTH AMERICAN ACTUARIAL JOURNAL,2007,10.1080/10920277.2007.10597438,25
Aging and aggregate costs of medical care: conceptual and policy issues,HEALTH ECONOMICS,2004,10.1002/hec.844,20
The economic implications of population aging on current account balance,ECONOMIC ANALYSIS AND POLICY,2024,10.1016/j.eap.2024.10.053,0
Airports and air pollutions: Empirical evidence from China,TRANSPORT POLICY,2020,10.1016/j.tranpol.2020.09.007,10
Linking annuity benefits to the longevity experience: alternative solutions,ANNALS OF ACTUARIAL SCIENCE,2020,10.1017/S1748499519000137,5
THE VALUE OF A CHILD BORN IN THE EUROPEAN UNION,ACTA OECONOMICA,2018,10.1556/032.2018.68.2.6,1
Health and nutrition in Eastern Europe and the former Soviet Union during the decade of transition: A review of the literature,ECONOMICS & HUMAN BIOLOGY,2006,10.1016/j.ehb.2005.04.005,54
Differentiated agricultural sensitivity and adaptability to rising temperatures across regions and sectors in China,JOURNAL OF ENVIRONMENTAL ECONOMICS AND MANAGEMENT,2023,10.1016/j.jeem.2023.102801,24
Gompertz law revisited: Forecasting mortality with a multi-factor exponential model,INSURANCE MATHEMATICS & ECONOMICS,2021,10.1016/j.insmatheco.2021.03.018,8
LOSERS AND WINNERS IN ECONOMIC-GROWTH,WORLD BANK ECONOMIC REVIEW,1993,,27
The pension system in China: an empirical study of the money's worth ratio of annuities,AESTIMATIO-THE IEB INTERNATIONAL JOURNAL OF FINANCE,2017,10.5605/IEB.15.2,0
Household fuel transitions have substantially contributed to child mortality reductions in China,WORLD DEVELOPMENT,2023,10.1016/j.worlddev.2022.106174,10
"Education, skill training, and lifelong learning in the era of technological revolution: a review",ASIAN-PACIFIC ECONOMIC LITERATURE,2020,10.1111/apel.12299,17
80 will be the new 70: Old-age mortality postponement in the United States and its likely effect on the finances of the OASI program,JOURNAL OF RISK AND INSURANCE,2021,10.1111/jori.12321,6
The return to education in terms of wealth and health,JOURNAL OF THE ECONOMICS OF AGEING,2018,10.1016/j.jeoa.2017.11.001,17
Social Transfer Benefits and Retirement Decisions: Evidence from South Africa,SOUTH AFRICAN JOURNAL OF ECONOMICS,2018,10.1111/saje.12180,3
Optimal Vascular Access Choice for Patients on Hemodialysis,M&SOM-MANUFACTURING & SERVICE OPERATIONS MANAGEMENT,2015,10.1287/msom.2015.0552,12
Egalitarian pooling and sharing of longevity risk a.k.a.<i> can</i><i> an</i><i> administrator</i> help skin the tontine cat?,INSURANCE MATHEMATICS & ECONOMICS,2024,10.1016/j.insmatheco.2024.09.003,1
The morbidity costs of air pollution through the Lens of Health Spending in China,JOURNAL OF POPULATION ECONOMICS,2023,10.1007/s00148-023-00948-y,9
The mortality risk of pensions - methods of control and policy implications for the UK,JOURNAL OF FINANCIAL REGULATION AND COMPLIANCE,2006,10.1108/13581980610711135,1
Determinants of Pension Fund's Required Return: A Scenario-based simulation of Civil Service Pension Fund,AUSTRALASIAN ACCOUNTING BUSINESS AND FINANCE JOURNAL,2023,,1
Methodological Challenges in Estimating the Lifetime Medical Care Cost Externality of Obesity,JOURNAL OF BENEFIT-COST ANALYSIS,2021,10.1017/bca.2021.6,3
Maternal education and infant health gradient: New answers to old questions,ECONOMICS & HUMAN BIOLOGY,2020,10.1016/j.ehb.2020.100894,8
"Optimal consumption, investment and housing with means-tested public pension in retirement",INSURANCE MATHEMATICS & ECONOMICS,2017,10.1016/j.insmatheco.2017.04.003,23
Working longer or working harder? Subjective survival expectations and labor supply in China,INTERNATIONAL REVIEW OF ECONOMICS & FINANCE,2024,10.1016/j.iref.2024.01.044,1
MULTIVARIATE LONG-MEMORY COHORT MORTALITY MODELS,ASTIN BULLETIN-THE JOURNAL OF THE INTERNATIONAL ACTUARIAL ASSOCIATION,2020,10.1017/asb.2019.35,10
Changing Behavioral Patterns Related to Maternity and Childbirth in Rural and Poor Populations: A Critical Review,WORLD BANK RESEARCH OBSERVER,2019,10.1093/wbro/lky008,4
A best-worst scaling in Colombian patients to rank the characteristics of HIV/AIDS treatment,JOURNAL OF MEDICAL ECONOMICS,2018,10.1080/13696998.2018.1440401,10
The local socio-economic impacts of large hydropower plant development in a developing country,ENERGY ECONOMICS,2017,10.1016/j.eneco.2017.08.025,64
"FINANCIAL EDUCATION OF PUBLIC SERVERS: CONSUMPTION HABITS, INVESTMENT AND PERCEPTION OF RISK",REVISTA EVIDENCIACAO CONTABIL & FINANCAS,2017,10.18405/recfin20170207,1
IMPACT OF HUMAN POVERTY ON THE HUMAN DEVELOPMENT INDEX IN JORDAN WITHIN THE PERIOD 2003 - 2016,INTERNATIONAL JOURNAL OF BUSINESS AND SOCIETY,2019,,1
"Impact of sanitation, safe drinking water and health expenditure on infant mortality rate in developing economies",AUSTRALIAN ECONOMIC PAPERS,2020,10.1111/1467-8454.12167,15
Material requirements and availability for multi-terawatt deployment of photovoltaics,ENERGY POLICY,2017,10.1016/j.enpol.2017.06.028,66
Impact of late and prolonged working life on subjective health: the Swedish experience,EUROPEAN JOURNAL OF HEALTH ECONOMICS,2019,10.1007/s10198-018-1005-z,19
A novel benchmark methodology for estimating industrial electricity demand considering unsteady socio-economic conditions,INTERNATIONAL JOURNAL OF BUSINESS PERFORMANCE MANAGEMENT,2017,10.1504/IJBPM.2017.10002608,6
Preferences for 'life-saving' programmes: Small for all or gambling for the prize?,HEALTH ECONOMICS,2008,10.1002/hec.1288,8
VALUATION OF HYBRID FINANCIAL AND ACTUARIAL PRODUCTS IN LIFE INSURANCE BY A NOVEL THREE-STEP METHOD,ASTIN BULLETIN,2020,10.1017/asb.2020.25,17
In sickness and in health: An annuity approach to financing long-term care and retirement income,JOURNAL OF RISK AND INSURANCE,2001,10.2307/2678101,67
How many people will live and die with serious illness in Ireland to 2040? Estimated needs and costs using microsimulation,JOURNAL OF THE ECONOMICS OF AGEING,2024,10.1016/j.jeoa.2024.100528,0
Demographic change and income tax revenues - results from a large microsimulation model for Germany,JOURNAL OF ECONOMIC POLICY REFORM,2019,10.1080/17487870.2018.1469984,2
Air pollution and local government financing costs: Evidence from the Chinese municipal corporate bond spread,BORSA ISTANBUL REVIEW,2023,10.1016/j.bir.2023.01.005,6
Trends in health and retirement in Latin America: Are older workers healthy enough to extend their working lives?,JOURNAL OF THE ECONOMICS OF AGEING,2019,10.1016/j.jeoa.2018.03.008,14
THE PROXIMATE EFFECT OF HEALTHCARE OUTLAYS IN THE NIGERIAN ACCELERATED GROWTH EQUATION,INDIAN JOURNAL OF ECONOMICS AND DEVELOPMENT,2014,10.5958/2322-0430.2014.00551.4,0
The work attitude and work conditions of older age workforce as a part of the social dimension of sustainability in Visegrad Group countries,EUROPEAN JOURNAL OF INTERNATIONAL MANAGEMENT,2024,10.1504/EJIM.2024.136456,0
Female Labour Force Participation Across SAARC Countries Using Dynamic Panel Model,INDIAN JOURNAL OF LABOUR ECONOMICS,2020,10.1007/s41027-020-00244-3,0
Assessment of regional productive performance of European health systems under a metatechnology framework,ECONOMIC MODELLING,2020,10.1016/j.econmod.2019.04.013,9
"The impact of pharmaceutical innovation on longevity and medical expenditure in Sweden, 1997-2010: evidence from longitudinal, disease-level data",ECONOMICS OF INNOVATION AND NEW TECHNOLOGY,2014,10.1080/10438599.2013.828456,10
Time to death and the forecasting of macro-level health care expenditures: Some further considerations,JOURNAL OF HEALTH ECONOMICS,2012,10.1016/j.jhealeco.2012.08.003,23
"RETIREMENT, THE CHALLENGE OF THE SECOND HALF OF LIFE: CASE STUDY IN A BANK AGENCY",REVISTA GESTAO ORGANIZACIONAL,2011,,0
Long-term forecast of the replacement migration in Russia9,ZHURNAL NOVAYA EKONOMICHESKAYA ASSOTSIATSIYA-JOURNAL OF THE NEW ECONOMIC,2023,10.31737/22212264_2023_1_48,0
Globalization and women's and girls' health in 192 UN-member countries Convention on the Elimination of All Forms of Discrimination against Women,INTERNATIONAL JOURNAL OF SOCIAL ECONOMICS,2016,10.1108/IJSE-07-2014-0139,3
Deindustrialisation and the post-socialist mortality crisis,CAMBRIDGE JOURNAL OF ECONOMICS,2023,10.1093/cje/beac072,6
Two-Dimensional Kernel Smoothing of Mortality Surface: An Evaluation of Cohort Strength,JOURNAL OF FORECASTING,2016,10.1002/for.2399,8
Portfolio management and retirement: what is the best arrangement for a family?,FINANCIAL MARKETS AND PORTFOLIO MANAGEMENT,2006,10.1007/s11408-006-0022-6,2
Coherent Mortality Forecasting for Less Developed Countries,RISKS,2021,10.3390/risks9090151,4
Is caring for older parents detrimental to women's mental health? The role of the European North-South gradient,REVIEW OF ECONOMICS OF THE HOUSEHOLD,2016,10.1007/s11150-015-9296-7,53
"Infant mortality, relative income and public policy",APPLIED ECONOMICS,2013,10.1080/00036846.2012.705429,9
Measuring the consequences of pension reform applying liquidation and longevity considerations,JOURNAL OF ECONOMIC POLICY REFORM,2012,10.1080/17487870.2012.696417,2
An appropriate mechanism of fuels pricing for sustainable development,ENERGY POLICY,1999,10.1016/S0301-4215(99)00048-8,2
Financial Developments and Economic Growth,JOURNAL OF APPLIED ECONOMICS AND BUSINESS RESEARCH,2019,,0
Stairway to heaven or gateway to hell? A competing risks analysis of delistings from Hong Kong's Growth Enterprise Market,INTERNATIONAL REVIEW OF FINANCIAL ANALYSIS,2014,10.1016/j.irfa.2014.02.008,3
The Generalized Risk-Adjusted Cost-Effectiveness (GRACE) Model for Measuring the Value of Gains in Health: An Exact Formulation,JOURNAL OF BENEFIT-COST ANALYSIS,2023,10.1017/bca.2023.6,16
Does urbanization improve health outcomes: a cross country level analysis,ASIA-PACIFIC JOURNAL OF REGIONAL SCIENCE,2023,10.1007/s41685-022-00268-1,4
Forecasting the Incremental Value to Society Created by a Class of New Prescription Drugs: A Proposed Methodology and Its Application to Treating Chronic Hepatitis C in India,APPLIED HEALTH ECONOMICS AND HEALTH POLICY,2022,10.1007/s40258-022-00725-0,0
On understanding the implication of pension debt on fiscal policy in Tanzania: Is there any room for improving the adequacy of pension benefits?,COGENT ECONOMICS & FINANCE,2020,10.1080/23322039.2020.1838690,0
What are the drivers of female labour market participation in North Africa?,SOUTH AFRICAN JOURNAL OF ECONOMIC AND MANAGEMENT SCIENCES,2024,10.4102/sajems.v27i1.5179,0
VALUATION OF REVERSE MORTGAGES IN THE SPANISH MARKET FOR FOREIGN RESIDENTS,TECHNOLOGICAL AND ECONOMIC DEVELOPMENT OF ECONOMY,2024,10.3846/tede.2023.20159,4
Health considerations in active travel policies: A policy analysis at the EU level and of four member countries,RESEARCH IN TRANSPORTATION ECONOMICS,2021,10.1016/j.retrec.2020.101006,9
The Effect of Foreign Direct Investment on Public Health: Empirical Evidence from Bangladesh,JOURNAL OF ASIAN FINANCE ECONOMICS AND BUSINESS,2021,10.13106/jafeb.2021.vol8.no4.0083,4
Aging and income convergence in Europe: A survey of the literature and insights from a demographic projection exercise,ECONOMIC SYSTEMS,2016,10.1016/j.ecosys.2015.07.003,22
Measuring patient-reported outcomes in solid organ transplant recipients - An overview of instruments developed to date,PHARMACOECONOMICS,2007,10.2165/00019053-200725040-00002,57
Data-driven decision making for modelling covid-19 and its implications: A cross-country study,TECHNOLOGICAL FORECASTING AND SOCIAL CHANGE,2023,10.1016/j.techfore.2023.122886,5
Designing mobile technology for elderly. A theoretical overview,TECHNOLOGICAL FORECASTING AND SOCIAL CHANGE,2020,10.1016/j.techfore.2020.119977,76
Corruption and economic development nexus: Variations across income levels in a non-linear framework,ECONOMIC MODELLING,2013,10.1016/j.econmod.2012.11.012,56
A comparison of the Lee-Carter model and AR-ARCH model for forecasting mortality rates,INSURANCE MATHEMATICS & ECONOMICS,2012,10.1016/j.insmatheco.2011.10.002,39
THE RELATIONSHIP BETWEEN BASELINE HEALTH AND LONGITUDINAL COSTS OF HOSPITAL USE,HEALTH ECONOMICS,2011,10.1002/hec.1664,8
How Sensitive are Individual Retirement Expectations to Raising the Retirement Age?,ECONOMIST-NETHERLANDS,2013,10.1007/s10645-013-9205-5,26
DEA MODEL FOR ASSESSING EFFICIENCY IN PROVIDING HEALTH CARE AND MANAGEMENT DECISIONS,MANAGEMENT RESEARCH AND PRACTICE,2012,,4
Resultados finales de investigacion,REVISTA UNIVERSIDAD EMPRESA,2009,,0
Health Capacity to Work at Older Ages in the Republic of Korea,ASIAN DEVELOPMENT REVIEW,2024,10.1142/S0116110524400067,1
"Health insurance, endogenous medical progress, health expenditure growth, and welfare",JOURNAL OF HEALTH ECONOMICS,2023,10.1016/j.jhealeco.2022.102717,12
Indoor air quality and health: Empirical evidence from fluoride pollution in China,CHINA ECONOMIC REVIEW,2020,10.1016/j.chieco.2019.03.001,14
Empirical analysis of the depreciation of electric vehicles compared to gasoline vehicles,TRANSPORT POLICY,2022,10.1016/j.tranpol.2022.07.021,16
Social security with differential mortality,JOURNAL OF MACROECONOMICS,2019,10.1016/j.jmacro.2018.11.005,9
The Utility Value of Longevity Risk Pooling: Analytic Insights,NORTH AMERICAN ACTUARIAL JOURNAL,2018,10.1080/10920277.2018.1467271,8
Impediments to the diffusion of innovative medicines in Europe,PHARMACOECONOMICS,2004,10.2165/00019053-200422002-00006,1
DIABETES-MELLITUS AND THE ST-VINCENT DECLARATION - THE ECONOMIC-IMPLICATIONS,PHARMACOECONOMICS,1995,10.2165/00019053-199507040-00004,27
Temperature and trading behaviours,INTERNATIONAL REVIEW OF FINANCIAL ANALYSIS,2021,10.1016/j.irfa.2021.101890,2
Does environmental pollution promote China's crime rate? A new perspective through government official corruption,STRUCTURAL CHANGE AND ECONOMIC DYNAMICS,2021,10.1016/j.strueco.2021.04.006,44
"Trade, pollution and mortality in China",JOURNAL OF INTERNATIONAL ECONOMICS,2020,10.1016/j.jinteco.2020.103321,95
Saving Money or Just Saving Lives? Improving the Productivity of US Health Care Spending,"ANNUAL REVIEW OF ECONOMICS, VOL 4",2012,10.1146/annurev-economics-080511-110942,18
Economic burden of long-term complications of deep vein thrombosis after total hip replacement surgery in the United States,VALUE IN HEALTH,2003,10.1046/j.1524-4733.2003.00204.x,138
How does population growth affect economic growth and vice versa? An empirical analysis,REVIEW OF ECONOMICS AND POLITICAL SCIENCE,2024,10.1108/REPS-11-2022-0093,2
Appearance-related possessions and the transition to retired life,INTERNATIONAL JOURNAL OF CONSUMER STUDIES,2022,10.1111/ijcs.12792,0
Life Satisfaction and Longevity: Longitudinal Evidence from the German Socio-Economic Panel,GERMAN ECONOMIC REVIEW,2014,10.1111/geer.12024,12
Who benefits from household energy transition? A cost-benefit analysis based on household survey data in China,CHINA ECONOMIC REVIEW,2023,10.1016/j.chieco.2022.101878,9
Living and Dying in America: An Essay on Deaths of Despair and the Future of Capitalism†,JOURNAL OF ECONOMIC LITERATURE,2022,10.1257/jel.20211638,3
Productivity effects of human capital: an empirical investigation of health and higher education in South Africa,ZBORNIK RADOVA EKONOMSKOG FAKULTETA U RIJECI-PROCEEDINGS OF RIJEKA,2019,10.18045/zbefri.2019.1.277,2
Allocation of Time and Household-level Consumption Equivalent Welfare: A Case of South Korea,GLOBAL ECONOMIC REVIEW,2018,10.1080/1226508X.2018.1493941,1
Human development and the quality of financial reporting among the local governments in Indonesia,JOURNAL OF INTERNATIONAL ACCOUNTING AUDITING AND TAXATION,2024,10.1016/j.intaccaudtax.2024.100634,0
Dependency Modeling Approach of Cause-Related Mortality and Longevity Risks: HIV/AIDS,RISKS,2023,10.3390/risks11020038,0
Improving Cancer Outreach Effectiveness Through Targeting and Economic Assessments: Insights from a Randomized Field Experiment,JOURNAL OF MARKETING,2020,10.1177/0022242920913025,34
Environmental factors affecting European and Central Asian health-systems' bias-corrected efficiency,APPLIED ECONOMICS,2018,10.1080/00036846.2017.1420901,6
Explaining young mortality,INSURANCE MATHEMATICS & ECONOMICS,2012,10.1016/j.insmatheco.2011.09.005,41
Cohort effects in mortality modelling: a Bayesian state-space approach,ANNALS OF ACTUARIAL SCIENCE,2019,10.1017/S1748499518000131,10
DETERMINANTS OF ROMANIANS' MIGRATION WITHIN THE EUROPEAN UNION: STATIC AND DYNAMIC PANEL GRAVITY APPROACHES,AMFITEATRU ECONOMIC,2017,,7
INDIAN BANKS UNDERTAKING THE ROLE OF SOCIALLY RESPONSIBLE CORPORATE CITIZENS,GURUKUL BUSINESS REVIEW-GBR,2013,,0
Pricing in the Market for Anticancer Drugs,JOURNAL OF ECONOMIC PERSPECTIVES,2015,10.1257/jep.29.1.139,333
"Saving, growth, and demographic change in Korea",JOURNAL OF THE JAPANESE AND INTERNATIONAL ECONOMIES,2005,10.1016/j.jjie.2003.12.005,12
Historical technology and current economic development: Reassessing the nature of the relationship,TECHNOLOGICAL FORECASTING AND SOCIAL CHANGE,2023,10.1016/j.techfore.2023.122803,1
"Energy poverty, health and education outcomes: Evidence from the developing world",ENERGY ECONOMICS,2021,10.1016/j.eneco.2021.105447,160
Effects of air quality on house prices: evidence from China's Huai River Policy,NEW ZEALAND ECONOMIC PAPERS,2021,10.1080/00779954.2020.1827014,2
"Designing successful post-retirement solutions by blending growth, income and protection",BRITISH ACTUARIAL JOURNAL,2017,10.1017/S1357321717000034,2
The Cost Effectiveness of Patiromer for the Treatment of Hyperkalaemia in Patients with Chronic Kidney Disease with and without Heart Failure in Ireland,PHARMACOECONOMICS-OPEN,2022,10.1007/s41669-022-00357-z,5
What's next in the healthcare system? The contribution of digital innovation in achieving patient-centricity,FUTURES,2024,10.1016/j.futures.2023.103304,0
Mortality models and longevity risk for small populations,INSURANCE MATHEMATICS & ECONOMICS,2018,10.1016/j.insmatheco.2017.09.020,15
Analysing the impact of health-care system change in the EU member states -: Germany,HEALTH ECONOMICS,2005,10.1002/hec.1032,38
Energy efficiency as a sustainability concern in Africa and financial development: How much bias is involved?,ENERGY ECONOMICS,2023,10.1016/j.eneco.2023.106577,9
How Does Straw Burning Affect Urban Air Quality in China?JEL codes,AMERICAN JOURNAL OF AGRICULTURAL ECONOMICS,2021,10.1111/ajae.12132,21
POPULATION DATABASES IN DEVELOPMENT ANALYSIS,JOURNAL OF DEVELOPMENT ECONOMICS,1994,10.1016/0304-3878(94)00009-3,12
Air pollution and the burden of long-term care: Evidence from China,HEALTH ECONOMICS,2024,10.1002/hec.4816,2
China: The development of the health system during the Maoist period (1949-76),BUSINESS HISTORY,2019,10.1080/00076791.2018.1480611,1
The challenge of estimating the direct and indirect effects of COVID-19 interventions-Toward an integrated economic and epidemiological approach,ECONOMICS & HUMAN BIOLOGY,2023,10.1016/j.ehb.2022.101198,3
MORTALITY MODELLING AND FORECASTING: A REVIEW OF METHODS,ANNALS OF ACTUARIAL SCIENCE,2008,10.1017/S1748499500000440,254
Demographic implications of the Russian mortality crisis,WORLD DEVELOPMENT,1998,10.1016/S0305-750X(98)00095-3,10
"The effect of one partner's job characteristics on the other partner's distress: A serendipitous, but naturalistic, experiment",JOURNAL OF OCCUPATIONAL AND ORGANIZATIONAL PSYCHOLOGY,1997,10.1111/j.2044-8325.1997.tb00651.x,20
The effect of pharmaceutical innovation on longevity: Evidence from the U. S. and 26 high-income countries,ECONOMICS & HUMAN BIOLOGY,2022,10.1016/j.ehb.2022.101124,9
"Mortality differentials, the racial and ethnic retirement wealth gap, and the COVID-19 Pandemic",JOURNAL OF THE ECONOMICS OF AGEING,2023,10.1016/j.jeoa.2023.100478,0
Service interactions and subjective well-being in later life,JOURNAL OF SERVICES MARKETING,2015,10.1108/JSM-05-2014-0154,22
Health Protection at the World Trade Organization: The <i>J</i>-Value as a Universal Standard for Reasonableness of Regulatory Precautions,JOURNAL OF WORLD TRADE,2009,,3
"Aging workforce, wages, and productivity: Do older workers drag productivity down in Korea?",JOURNAL OF THE ECONOMICS OF AGEING,2023,10.1016/j.jeoa.2023.100444,4
Business organizations as living beings,INTANGIBLE CAPITAL,2023,10.3926/ic.1745,2
Agglomeration of fast food companies in Brazil,MANAGEMENT RESEARCH-THE JOURNAL OF THE IBEROAMERICAN ACADEMY OF,2017,10.1108/MRJIAM-06-2017-0752,0
Reduction of life cycle costs for a contemporary helicopter through improvement of reliability and maintainability parameters,INTERNATIONAL JOURNAL OF QUALITY & RELIABILITY MANAGEMENT,2018,10.1108/IJQRM-11-2016-0199,15
A cost-benefit analysis of the immunisation of children against respiratory syncytial virus (RSV) using the English Hospital Episode Statistics (HES) data set,EUROPEAN JOURNAL OF HEALTH ECONOMICS,2018,10.1007/s10198-014-0662-9,10
"Aging, Human Capital, and Productivity in France: A Generational Accounting Perspective",REVIEW OF INCOME AND WEALTH,2018,10.1111/roiw.12306,3
UK state pension deferral incentives and sustainability,APPLIED ECONOMICS,2018,10.1080/00036846.2017.1397850,5
Forecasting Mortality Rates with a Two-Step LASSO Based Vector Autoregressive Model,RISKS,2022,10.3390/risks10110219,1
Antivirals to prepare for surges in influenza cases: an economic evaluation of baloxavir marboxil for the Netherlands,EUROPEAN JOURNAL OF HEALTH ECONOMICS,2024,10.1007/s10198-024-01683-1,0
How default effects and decision timing affect annuity uptake and health consciousness,GENEVA PAPERS ON RISK AND INSURANCE-ISSUES AND PRACTICE,2024,10.1057/s41288-022-00280-8,0
"The Impact of Culture on Corruption, Gross Domestic Product, and Human Development",JOURNAL OF BUSINESS ETHICS,2020,10.1007/s10551-018-3977-0,25
Biases in health expectancies due to educational differences in survey participation of older Europeans: It's worth weighting for,EUROPEAN JOURNAL OF HEALTH ECONOMICS,2020,10.1007/s10198-019-01152-0,40
"Valuing Health: Evolution, Revolution, Resistance, and Reform",VALUE IN HEALTH,2019,10.1016/j.jval.2019.01.010,1
Exploring survival rates of companies in the UK video-games industry: An empirical study,TECHNOLOGICAL FORECASTING AND SOCIAL CHANGE,2017,10.1016/j.techfore.2016.10.073,13
Uncertainty and gender inequality: A global investigation,QUARTERLY REVIEW OF ECONOMICS AND FINANCE,2022,10.1016/j.qref.2022.06.003,6
PROPOSAL OF A NEW RESEARCH CONSTRUCT IN FEMALE ENTREPRENEURSHIP,MANAGEMENT-JOURNAL OF CONTEMPORARY MANAGEMENT ISSUES,2020,10.30924/mjcmi.25.s.6,1
EMPIRICAL EVIDENCE ABOUT DIFFERENCES IN HUMAN RESOURCE CONDITIONS BETWEEN INNOVATION- AND IMITATION-BASED ECONOMIES,EKONOMSKI PREGLED,2018,10.32910/ep.69.5.3,2
A spatial difference-in-differences analysis of the impact of sugarcane production on respiratory diseases,REGIONAL SCIENCE AND URBAN ECONOMICS,2016,10.1016/j.regsciurbeco.2016.04.002,140
The reversal of the relation between economic growth and health progress: Sweden in the 19th and 20th centuries,JOURNAL OF HEALTH ECONOMICS,2008,10.1016/j.jhealeco.2007.09.006,90
Quantifying the Value of Reduced Health Disparities: Low-Dose Computed Tomography Lung Cancer Screening of High-Risk Individuals Within the United States,VALUE IN HEALTH,2024,10.1016/j.jval.2023.12.014,2
POVERTY: THEORY AND PRACTICE. CONTRIBUTION OF ABHIJIT BANERJEE AND ESTHER DUFLO,JOURNAL OF INSTITUTIONAL STUDIES,2020,10.17835/2076-6297.2020.12.1.006-018,1
Demography: Pros and Cons of Raising the Retirement Age,ZHURNAL NOVAYA EKONOMICHESKAYA ASSOTSIATSIYA-JOURNAL OF THE NEW ECONOMIC,2019,10.31737/2221-2264-2019-42-2-8,0
A review of economic evaluation models for cardiac resynchronization therapy with implantable cardioverter defibrillators in patients with heart failure,EUROPEAN JOURNAL OF HEALTH ECONOMICS,2016,10.1007/s10198-015-0752-3,9
Cost-effectiveness of continuous subcutaneous insulin infusion in people with type 2 diabetes in the Netherlands,JOURNAL OF MEDICAL ECONOMICS,2016,10.3111/13696998.2016.1167695,11
What are the economic concerns on environment? Mapping the research trends and frontiers on air pollution and health,ECONOMIC RESEARCH-EKONOMSKA ISTRAZIVANJA,2022,10.1080/1331677X.2021.2021434,5
"Discretion in accounting for pensions under IAS 19: using the ""magic telescope'?",ACCOUNTING AND BUSINESS RESEARCH,2017,10.1080/00014788.2016.1205967,13
Social Inequality in Russia,ZHURNAL NOVAYA EKONOMICHESKAYA ASSOTSIATSIYA-JOURNAL OF THE NEW ECONOMIC,2020,10.31737/2221-2264-2020-47-3-8,3
Replicating intergenerational longevity risk sharing in collective defined contribution pension plans using financial markets,INSURANCE MATHEMATICS & ECONOMICS,2018,10.1016/j.insmatheco.2017.09.010,8
The Economic Benefit of Educational Reform in the European Union,CESIFO ECONOMIC STUDIES,2012,10.1093/cesifo/ifr032,18
Does voluntary health insurance improve health and longevity? Evidence from European OECD countries,EUROPEAN JOURNAL OF HEALTH ECONOMICS,2022,10.1007/s10198-022-01439-9,9
Public Health Expenditures and Health Outcomes: New Evidence from Ghana,ECONOMIES,2018,10.3390/economies6040058,35
Widowhood and Retirement Timing: Evidence from the Health and Retirement Study,B E JOURNAL OF ECONOMIC ANALYSIS & POLICY,2018,10.1515/bejeap-2017-0178,3
Determinants of Human Development Index in South Africa: A Comparative Analysis of Different Time Periods,WORLD,2024,10.3390/world5030027,0
Actuarial deductions for early retirement,JOURNAL OF DEMOGRAPHIC ECONOMICS,2021,10.1017/dem.2020.17,0
Challenges for the degrowth transition: The debate about wellbeing,FUTURES,2019,10.1016/j.futures.2018.09.002,130
DISBELIEF IN THE FUTURE AND NEGATIVE INVESTMENT IN HEALTH CAPITAL IN RUSSIA IN THE MID-2010S: SURVEY RESEARCH,TERRA ECONOMICUS,2019,10.23683/2073-6606-2019-17-1-41-63,3
Value for money: an evaluation of health spending in Canada,INTERNATIONAL JOURNAL OF HEALTH ECONOMICS AND MANAGEMENT,2017,10.1007/s10754-016-9204-6,8
The role of air pollution in electric vehicle adoption: Evidence from China,TRANSPORT POLICY,2024,10.1016/j.tranpol.2024.05.022,9
Does wealth bring happiness?,COGENT ECONOMICS & FINANCE,2023,10.1080/23322039.2023.2268804,1
"Epidemics, Inequality, and Poverty in Preindustrial and Early Industrial Times",JOURNAL OF ECONOMIC LITERATURE,2022,10.1257/jel.20201640,27
Options on tontines: An innovative way of combining tontines and annuities,INSURANCE MATHEMATICS & ECONOMICS,2019,10.1016/j.insmatheco.2019.10.004,16
"Do we trust and are we empowered by ""Dr. Google""? Older Spaniards' uses and views of digital healthcare communication",PUBLIC RELATIONS REVIEW,2015,10.1016/j.pubrev.2015.06.015,16
Optimal savings management for individuals with defined contribution pension plans,EUROPEAN JOURNAL OF OPERATIONAL RESEARCH,2015,10.1016/j.ejor.2014.11.016,30
Longevity Risk in Fair Valuing Level 3 Assets in Securitised Portfolios,GENEVA PAPERS ON RISK AND INSURANCE-ISSUES AND PRACTICE,2011,10.1057/gpp.2011.25,7
East-West differentiation in the European trajectories of sustainable development,REVUE D ECONOMIE REGIONALE ET URBAINE,2021,10.3917/reru.215.0851,0
"Access to health care, medical progress and the emergence of the longevity gap: A general equilibrium analysis",JOURNAL OF THE ECONOMICS OF AGEING,2019,10.1016/j.jeoa.2019.01.002,12
The impact of acute health shocks on the labour supply of older workers: Evidence from sixteen European countries,LABOUR ECONOMICS,2016,10.1016/j.labeco.2016.04.002,51
"Stochastic population forecasts using functional data models for mortality, fertility and migration",INTERNATIONAL JOURNAL OF FORECASTING,2008,10.1016/j.ijforecast.2008.02.009,128
The Economics of Long-Term Care,B E JOURNAL OF ECONOMIC ANALYSIS & POLICY,2014,10.1515/bejeap-2012-0063,17
Historical pathogen prevalence and the radius of trust,EUROPEAN ECONOMIC REVIEW,2024,10.1016/j.euroecorev.2023.104658,1
An analysis of the impact of unconventional oil and gas activities on public health: New evidence across Oklahoma counties,ENERGY ECONOMICS,2021,10.1016/j.eneco.2021.105223,18
The effect of college education on health and mortality: Evidence from Canada,HEALTH ECONOMICS,2021,10.1002/hec.3975,6
Changing patterns of transfers in Slovenia in the last three decades: transition from a socialist economy to a market economy,POST-COMMUNIST ECONOMIES,2019,10.1080/14631377.2019.1578585,0
Economic growth and government size in developed European countries: A panel threshold approach,ECONOMIC ANALYSIS AND POLICY,2018,10.1016/j.eap.2017.12.002,42
"LIGHTS, CAMERA ... INCOME! ILLUMINATING THE NATIONAL ACCOUNTS-HOUSEHOLD SURVEYS DEBATE",QUARTERLY JOURNAL OF ECONOMICS,2016,10.1093/qje/qjw003,137
"Performance evaluation using multi-stage production frameworks: Assessing the tradeoffs among the economic, environmental, and social well-being",EUROPEAN JOURNAL OF OPERATIONAL RESEARCH,2024,10.1016/j.ejor.2024.05.046,3
The slowdown in mortality improvement rates 2011-2017: a multi-country analysis,EUROPEAN ACTUARIAL JOURNAL,2022,10.1007/s13385-022-00318-0,13
"The association between male height and lifespan in rural Spain, birth cohorts 1835-1939",ECONOMICS & HUMAN BIOLOGY,2021,10.1016/j.ehb.2021.101022,18
A forecast reconciliation approach to cause-of-death mortality modeling,INSURANCE MATHEMATICS & ECONOMICS,2019,10.1016/j.insmatheco.2019.02.011,21
Technological innovations and health performance: Effects and transmission channels,TECHNOLOGICAL FORECASTING AND SOCIAL CHANGE,2024,10.1016/j.techfore.2024.123450,2
Does it matter who you are or what you gain? An experimental study of preferences for resource allocation,HEALTH ECONOMICS,2003,10.1002/hec.713,59
Economics of home parenteral nutrition,PHARMACOECONOMICS,1997,10.2165/00019053-199712030-00005,8
Consequences of a universal European demographic transition on regional and global population distributions,TECHNOLOGICAL FORECASTING AND SOCIAL CHANGE,2015,10.1016/j.techfore.2015.05.003,5
Trans-boundary air pollution spillovers: Physical transport and economic costs by distance,JOURNAL OF DEVELOPMENT ECONOMICS,2022,10.1016/j.jdeveco.2021.102808,22
Modelling the joint distribution of competing risks survival times using copula functions,INSURANCE MATHEMATICS & ECONOMICS,2007,10.1016/j.insmatheco.2006.11.006,38
Corruption and health outcomes within an economic and cultural framework,EUROPEAN JOURNAL OF HEALTH ECONOMICS,2020,10.1007/s10198-019-01120-8,47
Economic Evaluation of Atorvastatin for Prevention of Recurrent Stroke Based on the SPARCL Trial,VALUE IN HEALTH,2009,10.1111/j.1524-4733.2009.00531.x,10
The value of the change in health in Sweden 1980/81 to 1996/97,HEALTH ECONOMICS,2003,10.1002/hec.754,28
Cost effectiveness of bisoprolol in the treatment of chronic congestive heart failure in Sweden -: Analysis using data from the cardiac insufficiency bisoprolol study II trial,PHARMACOECONOMICS,2001,10.2165/00019053-200119090-00002,28
Lifetime Costs for Treated Follicular Lymphoma Patients in the US,PHARMACOECONOMICS,2021,10.1007/s40273-021-01052-3,3
"Environmental regulation, political incentives, and mortality in China",EUROPEAN JOURNAL OF POLITICAL ECONOMY,2023,10.1016/j.ejpoleco.2022.102322,6
"Re-evaluating environmental tax: An intergenerational perspective on health, education and retirement",ENERGY ECONOMICS,2022,10.1016/j.eneco.2022.105999,14
ECONOMIC IMPLICATIONS OF AGEING LITHUANIAN POPULATION,ORGANIZATIONS AND MARKETS IN EMERGING ECONOMIES,2017,10.15388/omee.2017.8.1.14196,0
Does it pay to delay social security?*,JOURNAL OF PENSION ECONOMICS & FINANCE,2014,10.1017/S1474747213000309,42
The effect of health care model on health systems' responses to economic crises,EKONOMIA I PRAWO-ECONOMICS AND LAW,2016,10.12775/EiP.2016.033,6
Exploring direct and indirect regulation ecosystem services loss caused by linear infrastructure construction,REVUE D ECONOMIE POLITIQUE,2015,10.3917/redp.252.0277,7
Intravenous iron for the treatment of iron deficiency anemia in China: a patient-level simulation model and cost-utility analysis comparing ferric derisomaltose with iron sucrose,JOURNAL OF MEDICAL ECONOMICS,2022,10.1080/13696998.2022.2065092,5
Societal Cost of Racial Pneumococcal Disease Disparities in US Adults Aged 50 Years or Older,APPLIED HEALTH ECONOMICS AND HEALTH POLICY,2024,10.1007/s40258-023-00854-0,4
Modelling the Cost Effectiveness of Treatments for Parkinson's Disease: An Updated Methodological Review,PHARMACOECONOMICS,2023,10.1007/s40273-023-01289-0,1
Does energy accessibility improve human development? Evidence from energy-poor regions,ENERGY ECONOMICS,2021,10.1016/j.eneco.2021.105165,106
Cost Effectiveness of Rituximab Maintenance Therapy in Follicular Lymphoma Long-Term Economic Evaluation,PHARMACOECONOMICS,2010,10.2165/11314070-000000000-00000,36
Transforming public pensions: A mixed scheme with a credit granted by the state,INSURANCE MATHEMATICS & ECONOMICS,2021,10.1016/j.insmatheco.2020.11.005,1
The effects of public and private health care expenditure on health status in sub-Saharan Africa: new evidence from panel data analysis,HEALTH ECONOMICS REVIEW,2012,10.1186/2191-1991-2-22,92
Evaluating Cost-Effectiveness of Antiretroviral Therapy over Time: A Cohort and Cost-Effectiveness Study,PHARMACOECONOMICS-OPEN,2024,10.1007/s41669-024-00513-7,0
How does urbanization affect the human development index? A cross-country analysis,ASIA-PACIFIC JOURNAL OF REGIONAL SCIENCE,2021,10.1007/s41685-021-00211-w,21
Health expenditure and gross domestic product: causality analysis by income level,INTERNATIONAL JOURNAL OF HEALTH ECONOMICS AND MANAGEMENT,2020,10.1007/s10754-019-09270-1,40
On the Value of the Umbilical Cord Blood Supply,VALUE IN HEALTH,2018,10.1016/j.jval.2018.03.003,7
Cost Effectiveness of Ofatumumab Plus Chlorambucil in First-Line Chronic Lymphocytic Leukaemia in Canada,PHARMACOECONOMICS,2016,10.1007/s40273-015-0332-5,13
Valuing health at the end of life: an empirical study of public preferences,EUROPEAN JOURNAL OF HEALTH ECONOMICS,2014,10.1007/s10198-013-0482-3,40
The death rates of smokers and their external effects,JOURNAL OF ECONOMIC STUDIES,2010,10.1108/01443581011073435,0
A Microsimulation Model for Evaluating the Effectiveness of Cancer Risk Management for <i>BRCA</i> Pathogenic Variant Carriers: miBRovaCAre,VALUE IN HEALTH,2019,10.1016/j.jval.2019.03.008,10
Institutional analysis to understand the growth of microfinance institutions in West African economic and monetary union,CORPORATE GOVERNANCE-THE INTERNATIONAL JOURNAL OF BUSINESS IN SOCIETY,2012,10.1108/14720701211267793,17
Cost-effectiveness analysis of a quality-controlled mammography screening program from the Swiss statutory health-care perspective: Quantitative assessment of the most influential factors,VALUE IN HEALTH,2007,10.1111/j.1524-4733.2006.00143.x,13
The spatial impacts of air pollution and socio-economic status on public health: Empirical evidence from China,SOCIO-ECONOMIC PLANNING SCIENCES,2022,10.1016/j.seps.2021.101167,82
ECONOMY OF HEATING AND COMPETITIVENESS OF THE STATE - THE LINK BETWEEN THE LIFE EXPECTANCY AND THE HEATING FUEL TYPE. THE CASE OF THE SLOVAK REPUBLIC,JOURNAL OF COMPETITIVENESS,2019,10.7441/joc.2019.01.08,6
Evaluating pension reforms - the effects of combining work with pension receipt on individuals' retirement decision and financial viability of PAYG system,REVUE D ECONOMIE POLITIQUE,2006,10.3917/redp.165.0717,0
ENTREPRENEURSHIP CHANNELS AND SUSTAINABLE DEVELOPMENT: DIRECTIONS FOR THE ASIAN ECONOMY,JOURNAL OF BUSINESS ECONOMICS AND MANAGEMENT,2021,10.3846/jbem.2021.14252,5
DETERMINANTS OF HOUSEHOLD HEALTH EXPENDITURE IN POLAND,GOSPODARKA NARODOWA-THE POLISH JOURNAL OF ECONOMICS,2018,,0
THE NEXUS BETWEEN HEALTH AND ECONOMIC GROWTH IN SELECTED ASIAN COUNTRIES,INTERNATIONAL JOURNAL OF BUSINESS AND SOCIETY,2011,,2
Investment patterns in Singapore's Central Provident Fund system,JOURNAL OF PENSION ECONOMICS & FINANCE,2008,10.1017/S1474747207003253,12
Abiraterone Acetate for the Treatment of Chemotherapy-Naive Metastatic Castration-Resistant Prostate Cancer: An Evidence Review Group Perspective of an NICE Single Technology Appraisal,PHARMACOECONOMICS,2017,10.1007/s40273-016-0445-5,10
The effects of changes in social security's delayed retirement credit: Evidence from administrative data,JOURNAL OF PUBLIC ECONOMICS,2023,10.1016/j.jpubeco.2023.104899,3
Air pollution and defensive expenditures: Evidence from particulate-filtering facemasks,JOURNAL OF ENVIRONMENTAL ECONOMICS AND MANAGEMENT,2018,10.1016/j.jeem.2017.07.006,231
"Rediscovering Comte de Saint-Simon: From Aristocracy to Meritocracy, a Journey to Inclusion",JOURNAL OF THE KNOWLEDGE ECONOMY,2018,10.1007/s13132-015-0313-0,0
A slack analysis framework for improving composite indicators with applications to human development and sustainable energy indices,ECONOMETRIC REVIEWS,2018,10.1080/07474938.2016.1140286,24
Fighting Corruption in Developing Countries to Meet the Challenge of Human Capital Development: Evidence from Sub-Saharan African Countries,JOURNAL OF THE KNOWLEDGE ECONOMY,2024,10.1007/s13132-023-01330-9,5
Adjusted productivity costs of stroke by human capital and friction cost methods: a Northern Finland Birth Cohort 1966 study,EUROPEAN JOURNAL OF HEALTH ECONOMICS,2021,10.1007/s10198-021-01271-7,10
Introducing and Evaluating a New Multiple-Component Stochastic Mortality Model,NORTH AMERICAN ACTUARIAL JOURNAL,2020,10.1080/10920277.2019.1658606,1
The impact of retirement on health: Empirical evidence from the change in public pensionable age in Japan,JOURNAL OF THE ECONOMICS OF AGEING,2024,10.1016/j.jeoa.2024.100513,1
Thirty years on: A review of the Lee-Carter method for forecasting mortality,INTERNATIONAL JOURNAL OF FORECASTING,2023,10.1016/j.ijforecast.2022.11.002,24
The Role of Innovation Ecosystems and Social Capital in Startup Survival,IEEE TRANSACTIONS ON ENGINEERING MANAGEMENT,2019,10.1109/TEM.2018.2859162,60
Is economic growth sufficient for poverty alleviation? Empirical evidence from Malaysia,CUADERNOS DE ECONOMIA-SPAIN,2012,10.1016/S0210-0266(12)70020-1,22
Disruptive technologies for the transition of digital economies towards sustainability,ECONOMIC ANNALS-XXI,2019,10.21003/ea.V179-02,19
Determinants of healthcare system's efficiency in OECD countries,EUROPEAN JOURNAL OF HEALTH ECONOMICS,2013,10.1007/s10198-011-0366-3,126
Micro simulations on the effects of ageing-related policy measures,ECONOMIC MODELLING,2010,10.1016/j.econmod.2010.05.004,15
When time is running out: A growth curve analysis of older workers' retirement intentions,JOURNAL OF ORGANIZATIONAL BEHAVIOR,2023,10.1002/job.2692,1
A quantile regression analysis of mediating impacts of institutions in environmental quality-health outcomes nexus in sub-Saharan Africa,OPEC ENERGY REVIEW,2022,10.1111/opec.12226,4
The effect of health financing systems on health system outcomes: A cross-country panel analysis,HEALTH ECONOMICS,2023,10.1002/hec.4635,19
Where do people live longer?,RESEARCH IN ECONOMICS,2021,10.1016/j.rie.2020.10.010,2
Estimation of vehicle home parking availability in China and quantification of its potential impacts on plug-in electric vehicle ownership cost,TRANSPORT POLICY,2018,10.1016/j.tranpol.2018.04.014,37
The Value of Regulatory Discretion: Estimates From Environmental Inspections in India,ECONOMETRICA,2018,10.3982/ECTA12876,96
Cost-Effectiveness of Baseline Low-Dose Computed Tomography Screening for Lung Cancer: The Israeli Experience,VALUE IN HEALTH,2013,10.1016/j.jval.2013.05.007,38
An e-marketplace of healthcare and social care services: the perceived interest,LEARNING ORGANIZATION,2013,10.1108/TLO-10-2013-0055,7
POPULATION AGING AND THE REAL INTEREST RATE IN THE LAST AND NEXT 50 YEARS: A TALE TOLD BY AN OVERLAPPING GENERATIONS MODEL,MACROECONOMIC DYNAMICS,2020,10.1017/S1365100519000105,9
Healthcare expenditure and carbon footprint in the USA: evidence from hidden cointegration approach,EUROPEAN JOURNAL OF HEALTH ECONOMICS,2020,10.1007/s10198-020-01174-z,32
Long-term cost effectiveness of cardiac secondary prevention in primary care in the Republic of Ireland and Northern Ireland,EUROPEAN JOURNAL OF HEALTH ECONOMICS,2017,10.1007/s10198-016-0777-2,4
Cost-Effectiveness of Testing for Breast Cancer Susceptibility Genes,VALUE IN HEALTH,2009,10.1111/j.1524-4733.2008.00418.x,39
Economic evaluation of caspofungin versus liposomal amphotericin B for empiric antifungal treatment in patients with neutropenic fever in Italy,VALUE IN HEALTH,2008,10.1111/j.1524-4733.2008.00324.x,17
Obesity Kuznets curve and the reality of eco-income ellipsoids (EIE),EUROPEAN JOURNAL OF HEALTH ECONOMICS,2021,10.1007/s10198-021-01308-x,5
Proposal for a Practical Implementation of Maslowian Portfolio Theory,PROBLEMY ZARZADZANIA-MANAGEMENT ISSUES,2016,10.7172/1644-9584.63.3,0
ACTIVE AGEING AND ITS IMPACT ON LABOUR MARKET,ECONOMICS & SOCIOLOGY,2010,10.14254/2071-789X.2010/3-1/2,13
"Expectations, loss aversion and retirement decisions in the context of the 2009 crisis in Europe",INTERNATIONAL JOURNAL OF MANPOWER,2017,10.1108/IJM-02-2016-0041,2
Advancing affordable IoT solutions in smart homes to enhance independence and autonomy of the elderly,JOURNAL OF INFRASTRUCTURE POLICY AND DEVELOPMENT,2024,10.24294/jipd.v8i3.2899,3
Pension Age Increase: Positive Effects and the Possible Risks,EKONOMICHESKAYA POLITIKA,2018,10.18288/1994-5124-2018-1-06,16
Cost-Effectiveness Model for Chemoimmunotherapy Options in Patients with Previously Untreated Chronic Lymphocytic Leukemia Unsuitable for Full-Dose Fludarabine-Based Therapy,VALUE IN HEALTH,2016,10.1016/j.jval.2015.12.018,14
Epidemiology and burden of illness of rheumatoid arthritis,PHARMACOECONOMICS,2004,10.2165/00019053-200422001-00002,326
"Values Beyond ""Health"" in Budget-Constrained Healthcare Systems",VALUE IN HEALTH,2024,10.1016/j.jval.2024.02.005,1
Lifetime cost of unilateral cochlear implants in adults: a Monte Carlo simulation,EUROPEAN JOURNAL OF HEALTH ECONOMICS,2020,10.1007/s10198-020-01188-7,6
"The Menace of Traffic Jams and Quality of Work-Life in Lagos State, Nigeria",E-JOURNAL OF INTERNATIONAL AND COMPARATIVE LABOUR STUDIES,2018,,1
Compression of Morbidity and Mortality: New Perspectives,NORTH AMERICAN ACTUARIAL JOURNAL,2016,10.1080/10920277.2016.1227269,18
Health and economic consequences of sevelamer use for hyperphosphatemia in patients on hemodialysis,VALUE IN HEALTH,2005,10.1111/j.1524-4733.2005.00049.x,31
New technology and possible advances in energy storage,ENERGY POLICY,2008,10.1016/j.enpol.2008.09.040,190
"The Connection Between Urbanization, Energy Consumption, Foreign Direct Investments and Their Impact on The Environmental in Albania",QUALITY-ACCESS TO SUCCESS,2023,10.47750/QAS/24.192.41,1
"Competition, Collaboration, and Life Satisfaction Part 1. The Seven of European Leaders",ECONOMIC AND SOCIAL CHANGES-FACTS TRENDS FORECAST,2022,10.15838/esc.2022.2.80.2,7
Valuing the AD-5D Dementia Utility Instrument: An Estimation of a General Population Tariff,PHARMACOECONOMICS,2020,10.1007/s40273-020-00913-7,16
Using a Discrete-Choice Experiment to Estimate the Preferences of Clinical Practitioners for a Novel Non-invasive Device for Diagnosis of Peripheral Arterial Disease in Primary Care,PHARMACOECONOMICS-OPEN,2019,10.1007/s41669-019-0135-2,2
Dependent competing risks: Cause elimination and its impact on survival,INSURANCE MATHEMATICS & ECONOMICS,2013,10.1016/j.insmatheco.2013.07.008,22
Use of Contingent Valuation to Elicit Willingness-to-Pay for the Benefits of Developmental Health Risk Reductions,ENVIRONMENTAL & RESOURCE ECONOMICS,2009,10.1007/s10640-009-9267-7,15
PNEUMOCONIOSIS TRENDS IN THE US CONSTRUCTION INDUSTRY: A COMPARISON BETWEEN THE COAL MINING AND CONSTRUCTION INDUSTRIES,INTERNATIONAL JOURNAL OF CONSTRUCTION MANAGEMENT,2007,10.1080/15623599.2007.10773104,2
A New Era of Pollution Progress in Urban China?,JOURNAL OF ECONOMIC PERSPECTIVES,2017,10.1257/jep.31.1.71,135
Socio-economic Differentials in Male Mortality in Ireland 1984-2008,ECONOMIC AND SOCIAL REVIEW,2016,,1
"An analysis of the cost-effectiveness of switching from biphasic human insulin 30, insulin glargine, or neutral protamine Hagedorn to biphasic insulin aspart 30 in people with type 2 diabetes",JOURNAL OF MEDICAL ECONOMICS,2015,10.3111/13696998.2014.991791,18
Economic evaluation of norethisterone acetate/ethinylestradiol (FemHRT®) for women with menopausal symptoms,PHARMACOECONOMICS,2003,10.2165/00019053-200321090-00004,6
Men's transformative health service use: rethinking customer experience of vulnerability,JOURNAL OF SERVICES MARKETING,2024,10.1108/JSM-06-2023-0220,1
SOCIO-ECONOMIC PREDICTORS OF CANCER,JOURNAL OF INSTITUTIONAL STUDIES,2020,10.17835/2076-6297.2020.12.3.122-141,0
The long-term impact of functional disability on hospitalization spending in Singapore,JOURNAL OF THE ECONOMICS OF AGEING,2019,10.1016/j.jeoa.2019.02.002,29
Adaptive decision-making of breast cancer mammography screening: A heuristic-based regression model,OMEGA-INTERNATIONAL JOURNAL OF MANAGEMENT SCIENCE,2018,10.1016/j.omega.2017.05.001,8
Economic Studies in Motor Neurone Disease: A Systematic Methodological Review,PHARMACOECONOMICS,2017,10.1007/s40273-016-0478-9,6
"Age, health, and the willingness to pay for mortality risk reductions: a contingent valuation survey of Shizuoka, Japan, residents",ENVIRONMENTAL ECONOMICS AND POLICY STUDIES,2007,10.1007/BF03353958,7
A General Public Study on Preferences and Welfare Impacts of Antimicrobial Resistance in the United Kingdom,PHARMACOECONOMICS,2022,10.1007/s40273-021-01076-9,7
Health status and health dynamics in an empirical model of expected longevity,JOURNAL OF HEALTH ECONOMICS,2008,10.1016/j.jhealeco.2007.09.008,29
THE IMPACT OF HEAVY WORK INVESTMENT ON THE ECONOMY AND THE INDIVIDUAL,AMFITEATRU ECONOMIC,2020,10.24818/EA/2020/S14/1085,2
LINKS BETWEEN CORRUPTION AND QUALITY OF LIFE IN EUROPEAN UNION,ENTREPRENEURSHIP AND SUSTAINABILITY ISSUES,2020,10.9770/jesi.2020.7.4(7),6
Savings operations with random commencement and conclusion,JOURNAL OF RISK FINANCE,2019,10.1108/JRF-04-2019-0057,2
Cost Effectiveness of Pembrolizumab for Advanced Melanoma Treatment in Portugal,VALUE IN HEALTH,2017,10.1016/j.jval.2017.05.009,21
Population Screening for Hereditary Haemochromatosis in Australia: Construction and Validation of a State-Transition Cost-Effectiveness Model,PHARMACOECONOMICS-OPEN,2017,10.1007/s41669-016-0005-0,5
"Endogenous fertility, endogenous lifetime and economic growth: the role of child policies",JOURNAL OF POPULATION ECONOMICS,2014,10.1007/s00148-013-0472-x,26
Mediation effects of online public attention on the relationship between air pollution and precautionary behavior,JOURNAL OF MANAGEMENT SCIENCE AND ENGINEERING,2022,10.1016/j.jmse.2021.09.002,15
Human Development at Risk: Economic Growth with Pollution-Induced Health Shocks,ENVIRONMENTAL & RESOURCE ECONOMICS,2017,10.1007/s10640-016-0089-0,15
DEMOGRAPHIC PROJECTIONS: BASIC MECHANISMS AND A RETROSPECT ON THE FRENCH EXPERIENCE,REVUE ECONOMIQUE,2008,10.3917/reco.595.0893,0
Education as a partial remedy for the economic pressure of population ageing,INTERNATIONAL JOURNAL OF MANPOWER,2022,10.1108/IJM-03-2022-0126,3
Economic evaluation of pioglitazone hydrochloride in the management of type 2 diabetes mellitus in Canada,PHARMACOECONOMICS,2002,10.2165/00019053-200220001-00004,26
The effect of duration and time preference on the gap between adult and child health state valuations in time trade-off,EUROPEAN JOURNAL OF HEALTH ECONOMICS,2024,10.1007/s10198-023-01612-8,4
Impact of health capital on economic growth in Singapore: an ARDL approach to cointegration,INTERNATIONAL JOURNAL OF SOCIAL ECONOMICS,2018,10.1108/IJSE-12-2016-0376,8
ENSURING ECONOMIC SECURITY: COMPARISON OF EU MEMBER STATES AND UKRAINE,BALTIC JOURNAL OF ECONOMIC STUDIES,2024,10.30525/2256-0742/2024-10-3-332-339,0
Inequal distribution of nursing personnel: a subnational analysis of the distribution of nurses across 58 countries,HUMAN RESOURCES FOR HEALTH,2022,10.1186/s12960-022-00720-5,17
The Concept for Corporate Demographic Policy of Russian Enterprises in the Framework of Corporate Social Responsibility,ECONOMIC AND SOCIAL CHANGES-FACTS TRENDS FORECAST,2021,10.15838/esc.2021.5.77.9,3
Evaluation of the long-term cost-effectiveness of IDegLira versus liraglutide added to basal insulin for patients with type 2 diabetes failing to achieve glycemic control on basal insulin in the USA,JOURNAL OF MEDICAL ECONOMICS,2017,10.1080/13696998.2017.1301943,15
A Scoping Review of Healthcare Costs for Patients with Cystic Fibrosis,APPLIED HEALTH ECONOMICS AND HEALTH POLICY,2016,10.1007/s40258-015-0211-4,8
Costs of Care for Dementia Patients in Community Setting: An Analysis for Mild and Moderate Disease Stage,VALUE IN HEALTH,2011,10.1016/j.jval.2011.04.005,78
Work after retirement: worklife transitions of career public employees,JOURNAL OF PENSION ECONOMICS & FINANCE,2021,10.1017/S1474747219000428,1
ECONOMIC ANALYSIS OF SMOKING AS A NEGATIVE INVESTMENT IN HEALTH CAPITAL,TERRA ECONOMICUS,2020,10.18522/2073-6606-2020-18-1-58-80,1
The role of cost-consequence analysis in healthcare decision-making,PHARMACOECONOMICS,1998,10.2165/00019053-199813030-00002,145
Health outcome convergence in Africa: the roles of immunization and public health spending,HEALTH ECONOMICS REVIEW,2023,10.1186/s13561-023-00436-9,2
Evaluating the cost-utility of intravesical Bacillus Calmette-Guerin versus radical cystectomy in patients with high-risk non-muscle-invasive bladder cancer in the UK,JOURNAL OF MEDICAL ECONOMICS,2023,10.1080/13696998.2023.2189860,1
Economic Determinants of Mortality From Diseases of the Digestive System in Russia,EKONOMICHESKAYA POLITIKA,2023,10.18288/1994-5124-2023-1-34-53,0
How much does the treatment of each major disease cost? A decomposition of Swiss National Health Accounts,EUROPEAN JOURNAL OF HEALTH ECONOMICS,2018,10.1007/s10198-018-0963-5,34
The Life Care Annuity: A New Empirical Examination of an Insurance Innovation That Addresses Problems in the Markets for Life Annuities and Long-Term Care Insurance,JOURNAL OF RISK AND INSURANCE,2013,10.1111/j.1539-6975.2013.12013.x,69
Patients whose GP knows complementary medicine tend to have lower costs and live longer,EUROPEAN JOURNAL OF HEALTH ECONOMICS,2012,10.1007/s10198-011-0330-2,62
Is clean energy prosperity and technological innovation rapidly mitigating sustainable energy-development deficit in selected sub-Saharan Africa? A myth or reality,ENERGY POLICY,2021,10.1016/j.enpol.2021.112520,86
Cost-benefit analysis of riluzole for the treatment of amyotrophic lateral sclerosis,PHARMACOECONOMICS,1997,10.2165/00019053-199712050-00008,10
Models for the Dynamics of Demographic Indicators in the Conditions of Population Adaptation to Changes in the Socio-Economic Environment,ECONOMIC AND SOCIAL CHANGES-FACTS TRENDS FORECAST,2021,10.15838/esc.2021.4.76.3,0
Development of public regulatory strategies to incentivise investment in human capital,SCIENTIFIC BULLETIN OF MUKACHEVO STATE UNIVERSITY-SERIES ECONOMICS,2024,10.52566/msu-econ4.2024.133,0
What Aspects of Illness Influence Public Preferences for Healthcare Priority Setting? A Discrete Choice Experiment in the UK,PHARMACOECONOMICS,2021,10.1007/s40273-021-01067-w,6
Clinical outcomes and economic impact of transcatheter mitral leaflet repair in heart failure patients,JOURNAL OF MEDICAL ECONOMICS,2017,10.1080/13696998.2016.1227828,20
The existential necessity of midlife change,HARVARD BUSINESS REVIEW,2008,,10
Who wins the paralympic medals? An analysis of the socio-economic determinants,JOURNAL OF ASIAN BUSINESS AND ECONOMIC STUDIES,2023,10.1108/JABES-01-2022-0020,2
"Unequal hopes and lives in the USA: optimism, race, place, and premature mortality",JOURNAL OF POPULATION ECONOMICS,2019,10.1007/s00148-018-0687-y,56
Implications of Pension and Other Post-Retirement Benefits (OPRB) Recognition Biases on Leverage Ratio Components,REVIEW OF PACIFIC BASIN FINANCIAL MARKETS AND POLICIES,2024,10.1142/S0219091524500206,0
Evaluating Interventions to Improve Antiretroviral Adherence: How Much of an Effect Is Required for Favorable Value?,VALUE IN HEALTH,2010,10.1111/j.1524-4733.2010.00714.x,8
PROFILE OF SENIOR BUSINESS FAILURE,TRANSFORMATIONS IN BUSINESS & ECONOMICS,2024,,0
"Raising the Retirement Age in Russia, or How Budget Mythology Exacerbates the Social Disadvantage of the Country",ZHURNAL NOVAYA EKONOMICHESKAYA ASSOTSIATSIYA-JOURNAL OF THE NEW ECONOMIC,2019,10.31737/2221-2264-2019-42-2-9,0
Work versus Leisure: Historical Roots of the Dissociation of Work and Later Life in Twentieth-Century Europe [2015],HISTORICAL SOCIAL RESEARCH-HISTORISCHE SOZIALFORSCHUNG,2023,10.12759/hsr.suppl.34.2023.10,0
EVALUATING THE LONG-TERM SUSTAINABILITY OF UKRAINE'S PENSION SYSTEM AND PROSPECTS FOR ITS DEVELOPMENT,FINANCIAL AND CREDIT ACTIVITY-PROBLEMS OF THEORY AND PRACTICE,2022,,0
Demand for Precision Medicine: A Discrete-Choice Experiment and External Validation Study,PHARMACOECONOMICS,2020,10.1007/s40273-019-00834-0,24
Methods to Adjust Willingness-to-Pay Measures for Severity of Illness,VALUE IN HEALTH,2023,10.1016/j.jval.2023.02.001,8
The unequal cycling boom in Germany,JOURNAL OF TRANSPORT GEOGRAPHY,2022,10.1016/j.jtrangeo.2021.103244,19
Socioeconomic determinants of Parkinson's disease for developed and developing countries,EKONOMIKA I MATEMATICESKIE METODY-ECONOMICS AND MATHEMATICAL METHODS,2020,10.31857/SO42473880012424-5,0
Grouped multivariate and functional time series forecasting: An application to annuity pricing,INSURANCE MATHEMATICS & ECONOMICS,2017,10.1016/j.insmatheco.2017.05.007,21
Population ageing: opportunities and challenges for retail banking,INTERNATIONAL JOURNAL OF BANK MARKETING,2008,10.1108/02652320810847084,6
Determinants of futures-oriented environmental policies: A multi-country analysis,FUTURES,2007,10.1016/j.futures.2006.12.002,6
"Determinants of health care costs in the senior elderly: age, comorbidity, impairment, or proximity to death?",EUROPEAN JOURNAL OF HEALTH ECONOMICS,2018,10.1007/s10198-017-0926-2,99
Too Healthy to Fall Sick? Longevity Expectations and Protective Health Behaviours during the First Wave of COVID-19,JOURNAL OF ECONOMIC BEHAVIOR & ORGANIZATION,2022,10.1016/j.jebo.2022.08.015,5
Air pollution and tax avoidance: New evidence from China,ECONOMIC ANALYSIS AND POLICY,2022,10.1016/j.eap.2022.03.011,11
Within the triangle of healthcare legacies: comparing the performance of South-Eastern European health systems,JOURNAL OF MEDICAL ECONOMICS,2017,10.1080/13696998.2016.1277228,26
A Multi-population Approach to Forecasting All-Cause Mortality Using Cause-of-Death Mortality Data,NORTH AMERICAN ACTUARIAL JOURNAL,2021,10.1080/10920277.2019.1662316,11
Gender health inequalities and economic productivity in OECD countries,ECONOMIC RESEARCH-EKONOMSKA ISTRAZIVANJA,2021,10.1080/1331677X.2020.1845762,5
An analysis of the cost-effectiveness of starting insulin detemir in insulin-naive people with type 2 diabetes,JOURNAL OF MEDICAL ECONOMICS,2015,10.3111/13696998.2014.985788,13
Accounting for increased non-target-disease-specific mortality in decision-analytic screening models for economic evaluation,EUROPEAN JOURNAL OF HEALTH ECONOMICS,2013,10.1007/s10198-012-0454-z,1
The pricing of hedging longevity risk with the help of annuity securitizations An application to the German market,JOURNAL OF RISK FINANCE,2014,10.1108/JRF-02-2014-0016,2
DIFFERENCES AND SIMILARITIES IN PATTERNS OF AGEING SOCIETY IN THE EUROPEAN UNION,E & M EKONOMIE A MANAGEMENT,2023,10.15240/tul/001/2023-1-003,5
Agent-based modelling of population dynamics of two interacting social communities: Migrants and natives,EKONOMIKA I MATEMATICESKIE METODY-ECONOMICS AND MATHEMATICAL METHODS,2020,10.31857/S042473880009217-7,8
Statistical Data Analysis of Socio-Economic and Demographic Losses of Labor Resources in Ukraine,MONTENEGRIN JOURNAL OF ECONOMICS,2020,10.14254/1800-5845/2020.16-2.14,3
Prospects of Economic Policy,EKONOMICHESKAYA POLITIKA,2018,10.18288/1994-5124-2018-3-01,6
Cost-effectiveness of switching to exemestane after 2 to 3 years of therapy with tamoxifen in postmenopausal women with early-stage breast cancer,VALUE IN HEALTH,2007,10.1111/j.1524-4733.2007.00190.x,25
A blessing or a burden? Assessing the impact of Climate Change Mitigation efforts in Europe using Quantile Regression Models,ENERGY POLICY,2023,10.1016/j.enpol.2023.113589,39
Characterization of between-group inequality of longevity in European Union countries,INSURANCE MATHEMATICS & ECONOMICS,2017,10.1016/j.insmatheco.2017.05.005,18
Disability-Adjusted Life-Years for Drug Overdose Crisis and COVID-19 Are Comparable During the Two Years of Pandemic in the United States,VALUE IN HEALTH,2023,10.1016/j.jval.2022.11.010,2
Human Development and Economic Growth Nexus: A Comparative Study between Bangladesh and Pakistan,PACIFIC BUSINESS REVIEW INTERNATIONAL,2018,,6
DISTRIBUTION MODELS OF MARKET ECONOMY,TERRA ECONOMICUS,2016,10.18522/2073-6606-2016-14-2-48-69,2
"Evaluating the Role of GDP <i>Per Capita</i>, Air Pollution and Non-Economic Factors in Determining Health Expenditure: Evidence from Asian Region Using Instrumental Variables Techniques",ECONOMIC PAPERS,2024,10.1111/1759-3441.12404,0
Educational gender gaps and economic growth: A systematic review and meta-regression analysis,WORLD DEVELOPMENT,2019,10.1016/j.worlddev.2019.05.006,33
THE IMPERATIVE OF GENDER EQUALITY IN THE REPRODUCTION OF HUMAN CAPITAL AT THE REGIONAL LEVEL,TERRA ECONOMICUS,2017,10.23683/2073-6606-2017-15-4-64-78,1
Establishing an evidence base for adapting social housing for an ageing population,JOURNAL OF FINANCIAL MANAGEMENT OF PROPERTY AND CONSTRUCTION,2016,10.1108/JFMPC-06-2015-0021,8
Cost-Effectiveness Analysis of Early versus Late Total Hip Replacement in Italy,VALUE IN HEALTH,2013,10.1016/j.jval.2012.10.020,37
On the link between HIV prevalence and health expenditure: an asymmetric analysis,JOURNAL OF ECONOMIC STUDIES,2020,10.1108/JES-12-2018-0420,0
The Relationship Between Workplace Stressors and Mortality and Health Costs in the United States,MANAGEMENT SCIENCE,2016,10.1287/mnsc.2014.2115,198
ENVIROMENTAL KUZNETS CURVE - A TIE BETWEEN ENVIROMENTAL QUALITY AND ECONOMIC PROSPERITY,E & M EKONOMIE A MANAGEMENT,2011,,2
New Zealand's old-age pension scheme and household saving,INTERNATIONAL JOURNAL OF SOCIAL ECONOMICS,2011,10.1108/03068291111157230,4
Cost-effectiveness analysis of two strategies for mass screening for colorectal cancer in France,HEALTH ECONOMICS,2004,10.1002/hec.819,43
Economic evaluation of an educational campaign for early diagnosis of cutaneous melanoma,PHARMACOECONOMICS,1996,10.2165/00019053-199609020-00006,7
"For better or for worse, till the human development index do us part?",ECOLOGICAL ECONOMICS,2003,10.1016/S0921-8009(03)00085-5,34
"Patent, Education, Human Capital, and Economic Growth in Scandinavian Countries: a Dynamic Panel CS-ARDL Analysis",JOURNAL OF THE KNOWLEDGE ECONOMY,2023,10.1007/s13132-022-01001-1,16
Impact of Treatment Subsidies and Cash Payouts on Treatment Choices at the End of Life,VALUE IN HEALTH,2016,10.1016/j.jval.2016.02.015,14
Economic evaluation in schistosomiasis: Valuation of health states preferences - A research note,HEALTH ECONOMICS,1998,10.1002/(SICI)1099-1050(199809)7:6<551::AID-HEC367>3.0.CO;2-7,15
VOLY: The Monetary Value of a Life-Year at the End of Patients' Lives,APPLIED HEALTH ECONOMICS AND HEALTH POLICY,2024,10.1007/s40258-023-00829-1,0
Public Health Impact and Cost-Effectiveness Analysis of 4-Component Meningococcal Serotype B Vaccination for Infants in France,PHARMACOECONOMICS-OPEN,2024,10.1007/s41669-024-00488-5,1
Cost-effectiveness and potential value of pharmaceutical treatment of nonalcoholic fatty liver disease,JOURNAL OF MEDICAL ECONOMICS,2022,10.1080/13696998.2022.2026702,14
The evolution of labor force participation and the expected length of retirement in Brazil,JOURNAL OF THE ECONOMICS OF AGEING,2021,10.1016/j.jeoa.2020.100304,10
Impact of DRG billing system on health budget consumption in percutaneous treatment of mitral valve regurgitation in heart failure,JOURNAL OF MEDICAL ECONOMICS,2015,10.3111/13696998.2014.980502,7
Cost-effectiveness of rosuvastatin in the prevention of ischemic heart disease in Portugal,VALUE IN HEALTH,2008,10.1111/j.1524-4733.2007.00224.x,10
Think of the Children: A Discussion of the Rationale for and Implications of the Perspective Used for EQ-5D-Y Health State Valuation,VALUE IN HEALTH,2021,10.1016/j.jval.2021.01.011,29
Assessing the Impact of the COVID-19 Shock on a Stochastic Multi-Population Mortality Model,RISKS,2022,10.3390/risks10020026,4
Healthy eating as a trend: consumers' perceptions towards products with nutrition and health claims,RBGN-REVISTA BRASILEIRA DE GESTAO DE NEGOCIOS,2021,10.7819/rbgn.v23i3.4113,16
Valuing mortality risk in the time of COVID-19,JOURNAL OF RISK AND UNCERTAINTY,2020,10.1007/s11166-020-09338-1,48
Cost-Effectiveness Analysis of Antiviral Treatments for HBeAg-Positive Chronic Hepatitis B in Canada,VALUE IN HEALTH,2012,10.1016/j.jval.2012.06.005,16
Mental well-being and government support in Europe. The mediating role of trust in people and institutions,INTERNATIONAL JOURNAL OF SOCIAL ECONOMICS,2023,10.1108/IJSE-08-2022-0549,4
Excess Mortality in the Siberian Regions in the Context of the COVID-19 Pandemic: Dynamics and Affecting Factors,REGIONOLOGIYA-REGIONOLOGY RUSSIAN JOURNAL OF REGIONAL STUDIES,2022,10.15507/2413-1407.120.030.202203.602-623,0
Cost-effectiveness of roflumilast as an add-on treatment to long-acting bronchodilators in the treatment of COPD associated with chronic bronchitis in the United Kingdom,EUROPEAN JOURNAL OF HEALTH ECONOMICS,2014,10.1007/s10198-013-0456-5,19
"Demographic developments, full funding and self-regulation: The foundations of the social health insurance of the future",GENEVA PAPERS ON RISK AND INSURANCE-ISSUES AND PRACTICE,2003,10.1111/1468-0440.00229,4
ANALYSIS OF THE CONTRIBUTION OF SMALL RESIDENTIAL CARE CENTERS FOR THE ELDERLY TO REDUCE THE SOCIO ENVIRONMENTAL IMPACT AND FOSTER ENTREPRENEURSHIP IN BRAZILIAN MEGACITIES (SAO PAULO),RISUS-JOURNAL ON INNOVATION AND SUSTAINABILITY,2016,,2
Projected costs of informal care for older people in England,EUROPEAN JOURNAL OF HEALTH ECONOMICS,2024,10.1007/s10198-023-01643-1,3
A public micro pension programme in Brazil: heterogeneity among states and setting up of a benefit age adjustment,EUROPEAN ACTUARIAL JOURNAL,2023,10.1007/s13385-022-00319-z,0
The evolution of longevity: Evidence from Canada,CANADIAN JOURNAL OF ECONOMICS-REVUE CANADIENNE D ECONOMIQUE,2021,10.1111/caje.12497,10
Coherent Modeling and Forecasting of Mortality Patterns for Subpopulations Using Multiway Analysis of Compositions: An Application to Canadian Provinces and Territories,NORTH AMERICAN ACTUARIAL JOURNAL,2018,10.1080/10920277.2017.1377620,15
Estimating Quality-Adjusted Life-Year Loss Due to Noncommunicable Diseases in Korean Adults through to the Year 2040,VALUE IN HEALTH,2015,10.1016/j.jval.2014.09.008,31
Legacies of inequality: the case of Brazil,JOURNAL OF ECONOMIC GROWTH,2020,10.1007/s10887-020-09184-5,0
Analysis of key barriers in retirement planning An approach based on interpretive structural modeling,JOURNAL OF MODELLING IN MANAGEMENT,2019,10.1108/JM2-09-2018-0134,12
"The impact of social externality information on fostering sustainable travel mode choice: A behavioral experiment in Zhengzhou, China",TRANSPORTATION RESEARCH PART A-POLICY AND PRACTICE,2021,10.1016/j.tra.2021.07.003,8
The economic burden of obesity in Italy: a cost-of-illness study,EUROPEAN JOURNAL OF HEALTH ECONOMICS,2022,10.1007/s10198-021-01358-1,40
Extensions on the Hatzopoulos-Sagianou Multiple-Components Stochastic Mortality Model,RISKS,2022,10.3390/risks10070131,0
Retirement or committed to work? Conceptualising prolonged labour market participation through organisational commitment,EMPLOYEE RELATIONS,2012,10.1108/01425451211183273,14
Assessing the impact of single or short-term administration on a therapy's cost-effectiveness: a hypothetical disease-agnostic model,JOURNAL OF MEDICAL ECONOMICS,2023,10.1080/13696998.2023.2200102,0
THE PROBLEMS OF ANTHROPOTECHNOGENIC EFFECTS ON THE HYDROSPHERE IN THE CONTEXT OF ENVIRONMENTAL-ECONOMIC SECURITY OF WATER USE: FINANCIAL AND ECONOMIC ASPECTS,FINANCIAL AND CREDIT ACTIVITY-PROBLEMS OF THEORY AND PRACTICE,2022,10.55643/fcaptp.6.47.2022.3939,0
Post-exposure influenza prophylaxis with oseltamivir - Cost effectiveness and cost utility in families in the UK,PHARMACOECONOMICS,2006,10.2165/00019053-200624040-00007,17
Cost-Utility Analysis of Long-Acting Beta Agonists versus Leukotriene Receptor Antagonists in Older Adults with Persistent Asthma Receiving Concomitant Inhaled Corticosteroid Therapy,VALUE IN HEALTH,2016,10.1016/j.jval.2016.02.004,3
Examining the Effect of Depicting a Patient Affected by a Negative Reimbursement Decision in Healthcare on Public Disagreement with the Decision,PHARMACOECONOMICS,2024,10.1007/s40273-024-01386-8,0
The illness trap: The impact of disability benefits on willingness to receive HCV treatment,ECONOMICS & HUMAN BIOLOGY,2024,10.1016/j.ehb.2024.101352,0
Ageing and age structural transition in major states of India from 1961 to 2011,REVIEW OF REGIONAL RESEARCH-JAHRBUCH FUR REGIONALWISSENSCHAFT,2023,10.1007/s10037-023-00191-8,1
The long-term cost-effectiveness of once-weekly semaglutide 1 mg vs. dulaglutide 3 mg and 4.5 mg in the UK,EUROPEAN JOURNAL OF HEALTH ECONOMICS,2023,10.1007/s10198-022-01514-1,5
Cost-utility analysis of risk-reducing strategies to prevent breast and ovarian cancer in BRCA-mutation carriers in Switzerland,EUROPEAN JOURNAL OF HEALTH ECONOMICS,2022,10.1007/s10198-021-01396-9,14
Broadening the Perspective of Cost-Effectiveness Modeling in Chronic Obstructive Pulmonary Disease: A New Patient-Level Simulation Model Suitable to Evaluate Stratified Medicine,VALUE IN HEALTH,2019,10.1016/j.jval.2018.10.008,13
Economic and public health consequences of delayed access to medical care for migrants living with HIV in France,EUROPEAN JOURNAL OF HEALTH ECONOMICS,2018,10.1007/s10198-017-0886-6,13
"Modelling the costs of care of hypertension in patients with metabolic syndrome and its consequences, in Germany, Spain and Italy",EUROPEAN JOURNAL OF HEALTH ECONOMICS,2011,10.1007/s10198-010-0223-9,9
Cost-effectiveness of atezolizumab versus docetaxel and nivolumab in the treatment of non-small cell lung cancer as a second line in France,JOURNAL OF MEDICAL ECONOMICS,2020,10.1080/13696998.2020.1718156,12
HEALTH AND ECOLOGY INDICATORS IN THE QUALITY OF LIFE RATINGS IN RUSSIA,QUALITY-ACCESS TO SUCCESS,2017,,1
Long-Term Cost-Effectiveness of Insulin Glargine Versus Neutral Protamine Hagedorn Insulin for Type 2 Diabetes in Thailand,APPLIED HEALTH ECONOMICS AND HEALTH POLICY,2016,10.1007/s40258-016-0228-3,11
"Cost-utility of albiglutide versus insulin lispro, insulin glargine, and sitagliptin for the treatment of type 2 diabetes in the US",JOURNAL OF MEDICAL ECONOMICS,2016,10.3111/13696998.2016.1154567,9
"EVALUATION OF THE SOCIAL WELL-BEING OF RUSSIAN REGIONS, THE LEVEL AND DYNAMICS OF INTER-REGIONAL DISPARITIES BASED ON A WELFARE FUNCTIONS",TERRA ECONOMICUS,2016,10.18522/2073-6606-2016-14-3-29-49,6
Green and grey: Nutritional lifestyle and healthful ageing in rural and urban areas of three sub-Saharan African countries,BUSINESS STRATEGY AND DEVELOPMENT,2021,10.1002/bsd2.153,5
Cost-Effectiveness Analysis of Treatments for Vertebral Compression Fractures,APPLIED HEALTH ECONOMICS AND HEALTH POLICY,2012,10.2165/11633220-000000000-00000,33
"Comparative Analysis of Regional Differences in Healthcare, Environment, and Public Health",ECONOMIC AND SOCIAL CHANGES-FACTS TRENDS FORECAST,2015,,1
Regional pattern of the impact of migration on the aging of the Russian population,ZHURNAL NOVAYA EKONOMICHESKAYA ASSOTSIATSIYA-JOURNAL OF THE NEW ECONOMIC,2023,10.31737/22212264_2023_2_176-182,0
"The Evolution of Demographic and Social Construction of the Age of ""Old Age""",ECONOMIC AND SOCIAL CHANGES-FACTS TRENDS FORECAST,2020,10.15838/esc.2020.1.67.2,6
Incorporating Future Medical Costs: Impact on Cost-Effectiveness Analysis in Cancer Patients,PHARMACOECONOMICS,2019,10.1007/s40273-019-00790-9,7
The economics of TRACE - A cost-effectiveness analysis of trandolapril in postinfarction patients with left ventricular dysfunction,PHARMACOECONOMICS,1998,10.2165/00019053-199814010-00005,15
Value of a QALY for France: A New Approach to Propose Acceptable Reference Values,VALUE IN HEALTH,2020,10.1016/j.jval.2020.04.001,16
A (Latent) Class of Their Own: Response Patterns in Trading Off Quantity and Quality of Life in Time Trade-Off Exercises,VALUE IN HEALTH,2017,10.1016/j.jval.2017.06.008,1
Cost Effectiveness of Intensive Lipid-Lowering Treatment for Patients with Congestive Heart Failure and Coronary Heart Disease in the US,PHARMACOECONOMICS,2010,10.2165/11531440-000000000-00000,13
The burden of age-related macular degeneration,PHARMACOECONOMICS,2006,10.2165/00019053-200624040-00003,27
Bank Led Financial Inclusion and Socio Economic Development: The Case of Indian States,PACIFIC BUSINESS REVIEW INTERNATIONAL,2017,,5
The impact of losartan on the lifetime incidence of end-stage renal disease and costs in patients with type 2 diabetes and nephropathy,PHARMACOECONOMICS,2006,10.2165/00019053-200624060-00003,10
Cost-effectiveness of a novel hybrid closed-loop system compared with continuous subcutaneous insulin infusion in people with type 1 diabetes in the UK,JOURNAL OF MEDICAL ECONOMICS,2021,10.1080/13696998.2021.1939706,18
Cost-Effectiveness Analysis of Patiromer and Spironolactone Therapy in Heart Failure Patients with Hyperkalemia,PHARMACOECONOMICS,2018,10.1007/s40273-018-0709-3,15
Cost-effectiveness of bivalirudin versus heparin plus glycoprotein IIb/IIIa inhibitor in the treatment of non-ST-segment elevation acute coronary syndromes,VALUE IN HEALTH,2011,10.1016/j.jval.2010.10.025,17
The cost of treatment of Alzheimer's disease in the Netherlands - A regression-based simulation model,PHARMACOECONOMICS,2001,10.2165/00019053-200119040-00005,19
A Policy Proposal to Strengthen the Income Redistribution Function of the National Pension Scheme in South Korea: An Analysis of South Korea's 5th National Pension Comprehensive Plan (Draft),ECONOMIES,2024,10.3390/economies12100275,0
Early cost-utility analysis of tissue-engineered heart valves compared to bioprostheses in the aortic position in elderly patients,EUROPEAN JOURNAL OF HEALTH ECONOMICS,2020,10.1007/s10198-020-01159-y,17
How Consistent is the Relationship between Improved Glucose Control and Modelled Health Outcomes for People with Type 2 Diabetes Mellitus? a Systematic Review,PHARMACOECONOMICS,2017,10.1007/s40273-016-0466-0,10
"Analyzing an elder's desire for a reverse mortgage using an economic model that considers house bequest motivation, random death time and stochastic house price",INTERNATIONAL REVIEW OF ECONOMICS & FINANCE,2016,10.1016/j.iref.2015.10.040,17
"Cost-Effectiveness Analysis of Vaccines for COVID-19 According to Sex, Comorbidity and Socioeconomic Status: A Population Study",PHARMACOECONOMICS,2024,10.1007/s40273-023-01326-y,3
Health Technology Assessment With Diminishing Returns to Health: The Generalized Risk-Adjusted Cost-Effectiveness (GRACE) Approach,VALUE IN HEALTH,2021,10.1016/j.jval.2020.10.003,57
Companion cocreation: improving health service encounters of the elderly,JOURNAL OF SERVICES MARKETING,2021,10.1108/JSM-09-2019-0367,12
The Impact of ICT Goods Imports on Economic Growth: Evidence from Asia-Pacific Countries,JOURNAL OF KOREA TRADE,2019,10.35611/jkt.2019.23.7.1,1
Encouraging smokers to quit - The cost effectiveness of reimbursing the costs of smoking cessation treatment,PHARMACOECONOMICS,2006,10.2165/00019053-200624050-00004,27
Cost-effectiveness analysis of top-down versus step-up strategies in patients with newly diagnosed active luminal Crohn's disease,EUROPEAN JOURNAL OF HEALTH ECONOMICS,2013,10.1007/s10198-012-0430-7,34
Estimating long term cost savings from treatment of Alzheimer's disease - A modelling approach,PHARMACOECONOMICS,1999,10.2165/00019053-199916020-00005,57
"Cost-utility analysis of intensive blood glucose control with metformin versus usual care in overweight type 2 diabetes mellitus patients in Beijing, P.R. China",VALUE IN HEALTH,2008,10.1111/j.1524-4733.2008.00363.x,22
Nilotinib versus dasatinib as second-line therapy in patients with Philadelphia chromosome-positive chronic myeloid leukemia in chronic phase who are resistant or intolerant to imatinib: a cost-effectiveness analysis based on real-world data,JOURNAL OF MEDICAL ECONOMICS,2017,10.1080/13696998.2016.1261032,8
Value of Information Analyses of Economic Randomized Controlled Trials: The Treatment of Intermittent Claudication,VALUE IN HEALTH,2010,10.1111/j.1524-4733.2009.00656.x,19
Economic burden and risk of cardiovascular disease and diabetes in patients with different cardiometabolic risk profiles,VALUE IN HEALTH,2007,10.1111/j.1524-4733.2006.00150.x,16
Comparison of Parametric Survival Extrapolation Approaches Incorporating General Population Mortality for Adequate Health Technology Assessment of New Oncology Drugs,VALUE IN HEALTH,2021,10.1016/j.jval.2021.03.008,23
Explaining international footballer selection through Poisson modelling,JOURNAL OF ECONOMIC STUDIES,2018,10.1108/JES-10-2016-0194,1
Simulation application for resource allocation in facility management processes in hospitals,FACILITIES,2007,10.1108/02632770710822599,21
The legal identification of the over-aged's industrial injury,JOURNAL OF CHINESE HUMAN RESOURCES MANAGEMENT,2022,10.47297/wspchrmWSP2040-800503.20221301,0
Model-Based Cost-Effectiveness Analyses for Prostate Cancer Chemoprevention A Review and Summary of Challenges,PHARMACOECONOMICS,2013,10.1007/s40273-013-0037-6,3
Determinants of demand on family Takaful in Malaysia,JOURNAL OF ISLAMIC ACCOUNTING AND BUSINESS RESEARCH,2013,10.1108/17590811311314276,46
The long-term cost effectiveness of treatments for benign prostatic hyperplasia,PHARMACOECONOMICS,2006,10.2165/00019053-200624020-00006,25
Economic validity analysis of housing reverse mortgages in China The perspective of the financial decisions of the elderly,CHINA FINANCE REVIEW INTERNATIONAL,2019,10.1108/CFRI-07-2018-0111,6
Cost-effectiveness of angiotensin-converting enzyme inhibitors versus angiotensin II receptor blockers as first-line treatment in autosomal dominant polycystic kidney disease,JOURNAL OF MEDICAL ECONOMICS,2017,10.1080/13696998.2017.1311266,6
Cost Effectiveness of Letermovir for Cytomegalovirus Prophylaxis Compared with Pre-Emptive Therapy in Allogeneic Hematopoietic Stem Cell Transplant Recipients in the United States,PHARMACOECONOMICS-OPEN,2023,10.1007/s41669-023-00398-y,11
Does population health influence FDI inflows into Ghana?,INTERNATIONAL JOURNAL OF SOCIAL ECONOMICS,2021,10.1108/IJSE-05-2020-0288,13
The All-You-Can-Eat Economy: How Never-Ending Economic Growth Affects Our Happiness and Our Chances for a Sustainable Future,WORLD,2020,10.3390/world1030016,1
Impact of foreign direct investment on socio-economic development in belt and road countries,COGENT ECONOMICS & FINANCE,2022,10.1080/23322039.2022.2143772,4
Updated estimates of survival and cost effectiveness for imatinib versus interferon-α plus low-dose cytarabine for newly diagnosed chronic-phase chronic myeloid leukaemia,PHARMACOECONOMICS,2008,10.2165/00019053-200826050-00007,30
Senior entrepreneurs: the impact of temporal perception on the entrepreneurial process,JOURNAL OF ORGANIZATIONAL CHANGE MANAGEMENT,2023,10.1108/JOCM-09-2022-0269,3
A brief instrument to measure health-related quality-of-life in patients with bone metastasis: validation of the German version of Bone Metastases Quality-of-Life-10 (BOMET-QoL-10),JOURNAL OF MEDICAL ECONOMICS,2018,10.1080/13696998.2018.1484750,0
The cost-effectiveness of influenza vaccination for people aged 50 to 64 years: An international model,VALUE IN HEALTH,2007,10.1111/j.1524-4733.2006.00157.x,58
A review of the cost-effectiveness of genetic testing for germline variants in familial cancer,JOURNAL OF MEDICAL ECONOMICS,2023,10.1080/13696998.2022.2152233,11
"THE ROCKY ROAD FROM A COMMAND ECONOMY TO A MARKET-ECONOMY - COMPARISONS, ANALYSES, ADDENDA, AND OUTLOOK",TECHNOLOGICAL FORECASTING AND SOCIAL CHANGE,1992,10.1016/0040-1625(92)90029-S,1
Cost-effectiveness of Lutetium [<SUP>177</SUP>Lu] oxodotreotide versus best supportive care with octreotide in patients with midgut neuroendocrine tumors in France,JOURNAL OF MEDICAL ECONOMICS,2020,10.1080/13696998.2020.1830286,7
Data-Driven Management of Post-transplant Medications: An Ambiguous Partially Observable Markov Decision Process Approach,M&SOM-MANUFACTURING & SERVICE OPERATIONS MANAGEMENT,2020,10.1287/msom.2019.0797,11
Adjuvant Trastuzumab Therapy for Early HER2-Positive Breast Cancer in Iran: A Cost-Effectiveness and Scenario Analysis for an Optimal Treatment Strategy,PHARMACOECONOMICS,2018,10.1007/s40273-017-0557-6,21
Cost effectiveness of adding folinic acid to fluorouracil plus levamisole as adjuvant chemotherapy in patients with colon cancer in Germany,PHARMACOECONOMICS,2003,10.2165/00019053-200321100-00003,7
Heart moves or action moves? The high temperature arousing the perception for climate warming facilitate to energy savings,TECHNOLOGICAL FORECASTING AND SOCIAL CHANGE,2024,10.1016/j.techfore.2024.123595,0
Assessment of Macroeconomic Performances and Human Development Levels of BRICS and MINT Countries Using CRITIC and COPRAS Methods,PACIFIC BUSINESS REVIEW INTERNATIONAL,2022,,1
Potential for Asia-Pacific Countries Innovative Development,ECONOMIC AND SOCIAL CHANGES-FACTS TRENDS FORECAST,2017,10.15838/esc/2017.3.51.8,0
Applications of Artificial Intelligence in Social Science Issues: a Case Study on Predicting Population Change,JOURNAL OF THE KNOWLEDGE ECONOMY,2024,10.1007/s13132-023-01270-4,1
Complete Cytogenetic Response and Major Molecular Response as Surrogate Outcomes for Overall Survival in First-Line Treatment of Chronic Myelogenous Leukemia: A Case Study for Technology Appraisal on the Basis of Surrogate Outcomes Evidence,VALUE IN HEALTH,2013,10.1016/j.jval.2013.07.004,20
Interdependence between human capital determinants and economic development: K-means regional clustering approach for Czechia and Poland,ENTREPRENEURIAL BUSINESS AND ECONOMICS REVIEW,2021,10.15678/EBER.2021.090411,7
Memantine - A pharmacoeconomic review of its use in moderate-to-severe Alzheimer's disease,PHARMACOECONOMICS,2005,10.2165/00019053-200523020-00010,32
Cost effectiveness of human immunodeficiency virus postexposure prophylaxis for healthcare workers,PHARMACOECONOMICS,2000,10.2165/00019053-200018040-00004,8
"The PRIME Type 2 Diabetes Model: a novel, patient-level model for estimating long-term clinical and cost outcomes in patients with type 2 diabetes mellitus",JOURNAL OF MEDICAL ECONOMICS,2022,10.1080/13696998.2022.2035132,13
Technical efficiency of health-care systems in selected middle-income countries: an empirical investigation,REVIEW OF ECONOMICS AND POLITICAL SCIENCE,2020,10.1108/REPS-03-2020-0038,4
Real-world cost-effectiveness of insulin degludec in type 1 and type 2 diabetes mellitus from a Swedish 1-year and long-term perspective,JOURNAL OF MEDICAL ECONOMICS,2020,10.1080/13696998.2020.1805454,12
OrganJet: Overcoming Geographical Disparities in Access to Deceased Donor Kidneys in the United States,MANAGEMENT SCIENCE,2017,10.1287/mnsc.2016.2487,40
A basic theory of inheritance: How bad practice prevails,STRATEGIC MANAGEMENT JOURNAL,2018,10.1002/smj.2713,17
The Load Model: an alternative to QALY,JOURNAL OF MEDICAL ECONOMICS,2017,10.1080/13696998.2016.1229198,3
'I send the wife to the doctor' - Men's behaviour as health consumers,INTERNATIONAL JOURNAL OF CONSUMER STUDIES,2010,10.1111/j.1470-6431.2010.00908.x,14
Bayesian Poisson log-bilinear models for mortality projections with multiple populations,EUROPEAN ACTUARIAL JOURNAL,2015,10.1007/s13385-015-0115-6,33
Establishing the relationship between population aging and health care expenditure in India,JOURNAL OF ECONOMIC AND ADMINISTRATIVE SCIENCES,2024,10.1108/JEAS-08-2021-0144,6
Assessing the cost-effectiveness of a once-weekly GLP-1 analogue versus an SGLT-2 inhibitor in the Spanish setting: Once-weekly semaglutide versus empagliflozin,JOURNAL OF MEDICAL ECONOMICS,2020,10.1080/13696998.2019.1681436,19
"Updated Cost-Effectiveness Analysis of Trastuzumab for Early Breast Cancer A UK Perspective Considering Duration of Benefit, Long-Term Toxicity and Pattern of Recurrence",PHARMACOECONOMICS,2011,10.2165/11588340-000000000-00000,47
Economic implications of entecavir treatment in suppressing viral replication in chronic hepatitis B (CHB) patients in china from a perspective of the Chinese social security program,VALUE IN HEALTH,2008,10.1111/j.1524-4733.2008.00362.x,25
PROMETHEUS: Long-Term Exacerbation and Mortality Benefits of Implementing Single-Inhaler Triple Therapy in the US COPD Population,JOURNAL OF HEALTH ECONOMICS AND OUTCOMES RESEARCH,2023,10.36469/jheor.2023.55635,1
"Economic Analysis of Thrombo inCode, a Clinical-Genetic Function for Assessing the Risk of Venous Thromboembolism",APPLIED HEALTH ECONOMICS AND HEALTH POLICY,2015,10.1007/s40258-015-0153-x,9
"Cost-effectiveness of a novel, non-active implantable device as a treatment for refractory gastro-esophageal reflux disease",JOURNAL OF MEDICAL ECONOMICS,2023,10.1080/13696998.2023.2201063,7
Assessment of face validity of a disease model of nonsense mutation Duchenne muscular dystrophy: a multi-national Delphi panel study,JOURNAL OF MEDICAL ECONOMICS,2022,10.1080/13696998.2022.2085444,1
Cost-effectiveness of stent-retriever thrombectomy in combination with IV t-PA compared with IV t-PA alone for acute ischemic stroke in the UK,JOURNAL OF MEDICAL ECONOMICS,2016,10.1080/13696998.2016.1174868,52
The Health Inequality Impact of Liquid Biopsy to Inform First-Line Treatment of Advanced Non-Small Cell Lung Cancer: A Distributional Cost-Effectiveness Analysis,VALUE IN HEALTH,2023,10.1016/j.jval.2023.08.010,6
DIRECTIONS OF DEVELOPMENT OF UKRAINE'S COMPETITIVENESS IN THE CONDITIONS OF GLOBALIZATION,FINANCIAL AND CREDIT ACTIVITY-PROBLEMS OF THEORY AND PRACTICE,2022,10.55643/fcaptp.4.45.2022.3784,0
Cost-effectiveness analysis of rivaroxaban for treatment and secondary prevention of venous thromboembolism in the Netherlands,JOURNAL OF MEDICAL ECONOMICS,2017,10.1080/13696998.2017.1331912,15
Program-Specific Cost-Effectiveness Analysis: Breast Cancer Screening Policies for a Safety-Net Program,VALUE IN HEALTH,2013,10.1016/j.jval.2013.06.013,12
Cost Effectiveness of Preventive Screening Programmes for Type 2 Diabetes Mellitus in Germany,APPLIED HEALTH ECONOMICS AND HEALTH POLICY,2010,10.2165/11532880-000000000-00000,28
Limits to forecasting in personalized medicine: An overview,INTERNATIONAL JOURNAL OF FORECASTING,2009,10.1016/j.ijforecast.2009.05.003,19
INTELLECTUAL INPUT OF DEVELOPMENT BY KNOWLEDGE-BASED ECONOMY: PROBLEMS OF MEASURING IN COUNTRIES WITH DEVELOPING MARKETS,ENTREPRENEURSHIP AND SUSTAINABILITY ISSUES,2018,10.9770/jesi.2018.6.2(17),24
Assessing the Factors That Determine People's Financial Behavior: an Experience of Using Regression Analysis Based on Panel Data,ECONOMIC AND SOCIAL CHANGES-FACTS TRENDS FORECAST,2018,10.15838/esc.2018.5.59.13,3
An assessment of economy- and transport-oriented health performance,HEALTH ECONOMICS REVIEW,2024,10.1186/s13561-024-00544-0,0
Mortality and Morbidity in the 21st Century,BROOKINGS PAPERS ON ECONOMIC ACTIVITY,2017,,747
A short-term cost-utility analysis of insulin degludec versus insulin glargine U100 in patients with type 1 or type 2 diabetes in Denmark,JOURNAL OF MEDICAL ECONOMICS,2017,10.1080/13696998.2016.1245663,15
Cost-effectiveness analysis of ramipril in heart failure after myocardial infarction -: Economic evaluation of the Acute Infarction Ramipril Efficacy (AIRE) Study for Germany from the Perspective of Statutory Health Insurance,PHARMACOECONOMICS,1998,10.2165/00019053-199814060-00006,27
Competitiveness and convergence in G7 and emerging markets,COMPETITIVENESS REVIEW,2011,10.1108/10595421111117425,19
Using Patient-Specific Quality Information to Unlock Hidden Healthcare Capabilities,M&SOM-MANUFACTURING & SERVICE OPERATIONS MANAGEMENT,2019,10.1287/msom.2018.0709,19
Desperately seeking the civil society: the new challenge of the multinational companies,SOCIETY AND BUSINESS REVIEW,2018,10.1108/SBR-06-2017-0039,0
Study of the Quality of Life of the Older Generation: a Regional Experience,Economic and Social Changes-Facts Trends Forecast,2016,10.15838/esc/2016.4.46.5,6
Simvastatin after orthotopic heart transplantation - Costs and consequences,PHARMACOECONOMICS,1999,10.2165/00019053-199915030-00007,4
The impact of government spending on well-being: a case of upper middle-income countries and high-income countries,COGENT ECONOMICS & FINANCE,2024,10.1080/23322039.2024.2413657,0
Benefits of shift from car to active transport,TRANSPORT POLICY,2012,10.1016/j.tranpol.2011.09.008,262
"Aging and entrepreneurs' emotional exhaustion: The role of entrepreneurial strategy, psychological capital, and felt age gap",JOURNAL OF BUSINESS VENTURING,2024,10.1016/j.jbusvent.2024.106418,3
Societal implications of medical insurance coverage for imatinib as first-line treatment of chronic myeloid leukemia in China: a cost-effectiveness analysis,JOURNAL OF MEDICAL ECONOMICS,2017,10.1080/13696998.2016.1271336,6
It takes two: Why mortality trend modeling is more than modeling one mortality trend,INSURANCE MATHEMATICS & ECONOMICS,2021,10.1016/j.insmatheco.2021.03.021,2
A Systematic Review of the Health Economics of Pompe Disease,PHARMACOECONOMICS-OPEN,2019,10.1007/s41669-019-0142-3,10
The cost-effectiveness of alternative therapeutic strategies for the management of chronic hepatitis B in Poland,VALUE IN HEALTH,2002,,16
Development of a health economic model to evaluate the potential benefits of optimal serum potassium management in patients with heart failure,JOURNAL OF MEDICAL ECONOMICS,2018,10.1080/13696998.2018.1518239,6
Urban resilience and sustainable development policies An analysis of smart cities in the state of Sao Paulo,REGE-REVISTA DE GESTAO,2020,10.1108/REGE-12-2018-0117,18
Cystic fibrosis - Cost of illness and considerations for the economic evaluation of potential therapies,PHARMACOECONOMICS,2003,10.2165/00019053-200321140-00002,46
BRAZILIAN GENERAL MORTALITY EFFECTS ON ACTUARIAL CALCULATION: A COMPARISON BETWEEN PREDICTIVE MODELS,REVISTA EVIDENCIACAO CONTABIL & FINANCAS,2019,10.22478/ufpb.2318-1001.%Yv%vn%i.42335,0
Health state utility values (QALY weights) for Huntington's disease: an analysis of data from the European Huntington's Disease Network (EHDN),EUROPEAN JOURNAL OF HEALTH ECONOMICS,2019,10.1007/s10198-019-01092-9,10
The employment situation of people living with HIV: a closer look at the effects of the 2008 economic crisis,EUROPEAN JOURNAL OF HEALTH ECONOMICS,2022,10.1007/s10198-021-01372-3,1
Analysing the Efficiency of Health Systems: A Systematic Review of the Literature,APPLIED HEALTH ECONOMICS AND HEALTH POLICY,2023,10.1007/s40258-022-00785-2,32
SUSTAINABLE DEVELOPMENT AND ECOLOGICAL RESPONSIBILITY OF BUSINESS,BALTIC JOURNAL OF ECONOMIC STUDIES,2016,10.30525/2256-0742/2016-2-1-65-71,2
Cost-Effectiveness of Lovotibeglogene Autotemcel (Lovo-Cel) Gene Therapy for Patients with Sickle Cell Disease and Recurrent Vaso-Occlusive Events in the United States,PHARMACOECONOMICS,2024,10.1007/s40273-024-01385-9,2
"Effects of a Nursing Intervention Based on a Solution-Focused Approach on Renal Transplant Recipients' Anxiety, Depression, and Quality of Life",JOURNAL OF NURSING MANAGEMENT,2023,10.1155/2023/4920799,0
Gendered variations in the experience of ageing at work in Switzerland,EQUALITY DIVERSITY AND INCLUSION,2015,10.1108/EDI-03-2014-0017,8
SOCIAL RESPONSIBILITY IN THE CONTEXT OF COMMUNITY ENGAGEMENT OF THE ELDERLY,FINANCIAL AND CREDIT ACTIVITY-PROBLEMS OF THEORY AND PRACTICE,2020,,0
Eplerenone - A pharmacoeconomic review of its use in patients with post-myocardial infarction heart failure,PHARMACOECONOMICS,2005,10.2165/00019053-200523100-00008,8
Eptifibatide - A pharmacoeconomic review of its use in percutaneous coronary intervention and acute coronary syndromes,PHARMACOECONOMICS,2003,10.2165/00019053-200321120-00005,15
Clopidogrel - A pharmacoeconomic review of its use in patients with non-ST elevation acute coronary syndromes,PHARMACOECONOMICS,2006,10.2165/00019053-200624070-00009,14
The Cost Effectiveness of Dry Powder Antibiotics for the Treatment of <i>Pseudomonas</i> <i>aeruginosa</i> in Patients with Cystic Fibrosis,PHARMACOECONOMICS,2014,10.1007/s40273-013-0122-x,18
Sustainable Development Goal Halftime Project: Benefit-Cost Analysis Using Methods from the Decade of Vaccine Economics Model,JOURNAL OF BENEFIT-COST ANALYSIS,2023,10.1017/bca.2023.11,2
The optimal delayed retirement age in aging China: Determination and impact analysis,CHINA ECONOMIC REVIEW,2023,10.1016/j.chieco.2023.101972,3
THE PECULIARITIES OF POVERTY RESEARCH IN THE COUNTRIES OF THE WORLD,ACADEMY REVIEW,2022,10.32342/2074-5354-2022-2-57-2,0
Modelling cost effectiveness of insulin glargine for the treatment of type 1 and 2 diabetes in Canada,PHARMACOECONOMICS,2007,10.2165/00019053-200725030-00007,32
Cost of illness of Crohn's disease,PHARMACOECONOMICS,2002,10.2165/00019053-200220100-00001,74
Continuous subcutaneous insulin infusion versus multiple daily injections of insulin - Economic comparison in adult and adolescent type 1 diabetes Mellitus in Australia,PHARMACOECONOMICS,2007,10.2165/00019053-200725100-00006,28
Elderly care service in an aging society,JOURNAL OF ECONOMIC STUDIES,2019,10.1108/JES-04-2017-0102,4
The cost effectiveness of anticoagulation management services for patients with atrial fibrillation and at high risk of stroke in the US,PHARMACOECONOMICS,2006,10.2165/00019053-200624100-00009,114
A lifetime modelled economic evaluation comparing pioglitazone and rosiglitazone for the treatment of type 2 diabetes mellitus in the UK,PHARMACOECONOMICS,2007,10.2165/00019053-200725010-00005,24
Cost-Effectiveness Analysis of Boceprevir for the Treatment of Chronic Hepatitis C Virus Genotype 1 Infection in Portugal,APPLIED HEALTH ECONOMICS AND HEALTH POLICY,2013,10.1007/s40258-012-0007-8,29
"Economic Evaluation of Cardio inCode®, a Clinical-Genetic Function for Coronary Heart Disease Risk Assessment",APPLIED HEALTH ECONOMICS AND HEALTH POLICY,2013,10.1007/s40258-013-0053-x,9
Cost Effectiveness of the First-in-Class ARNI (Sacubitril/Valsartan) for the Treatment of Essential Hypertension in a Chinese Setting,PHARMACOECONOMICS,2022,10.1007/s40273-022-01182-2,3
Development of an economic model to assess the cost effectiveness of treatment interventions for chronic obstructive pulmonary disease,PHARMACOECONOMICS,2005,10.2165/00019053-200523060-00008,96
Cost Effectiveness of Insulin Glargine plus Oral Antidiabetes Drugs Compared with Premixed Insulin Alone in Patients with Type 2 Diabetes Mellitus in Canada,APPLIED HEALTH ECONOMICS AND HEALTH POLICY,2010,10.2165/11535380-000000000-00000,16
IMPLEMENTATION OF MODERN FOREIGN APPROACHES TO UKRAINIAN PENSION SYSTEM REFORMING,BALTIC JOURNAL OF ECONOMIC STUDIES,2017,10.30525/2256-0742/2017-3-1-93-98,0
Cost of Illness of Cystic Fibrosis in Germany Results from a Large Cystic Fibrosis Centre,PHARMACOECONOMICS,2012,10.2165/11588870-000000000-00000,31
COMMUNICATIVE COMPETENCES IN ENHANCING OF REGIONAL COMPETITIVENESS IN THE LABOUR MARKET,BALTIC JOURNAL OF ECONOMIC STUDIES,2018,10.30525/2256-0742/2018-4-5-105-113,42
Is religiosity an important consideration in Muslim consumer behavior Exploratory study in the context of western imported food in Pakistan,JOURNAL OF ISLAMIC MARKETING,2019,10.1108/JIMA-01-2018-0006,30
"THE IMPACT OF GLOBAL CHALLENGES ON ""GREEN"" TRANSFORMATIONS OF THE AGRARIAN SECTOR OF THE EASTERN PARTNERSHIP COUNTRIES",BALTIC JOURNAL OF ECONOMIC STUDIES,2019,10.30525/2256-0742/2019-5-1-87-95,5
Big Data Analytics and IoT in logistics: a case study,INTERNATIONAL JOURNAL OF LOGISTICS MANAGEMENT,2018,10.1108/IJLM-05-2017-0109,115
Effect of military service on fertility: evidence from the 2001 draft suspension in Spain,JOURNAL OF ECONOMIC STUDIES,2024,10.1108/JES-02-2023-0096,1
A predictive model of the health benefits and cost effectiveness of celiprolol and atenolol in primary prevention of cardiovascular disease in hypertensive patients,PHARMACOECONOMICS,1997,10.2165/00019053-199712030-00010,3
Cost-utility analysis of ferric derisomaltose versus ferric carboxymaltose in patients with inflammatory bowel disease and iron deficiency anemia in England,JOURNAL OF MEDICAL ECONOMICS,2024,10.1080/13696998.2024.2313932,2
FOOD INDUSTRY DEVELOPMENT IN THE CONTEXT OF THE FOOD SECURITY OF REGIONS OF UKRAINE,BALTIC JOURNAL OF ECONOMIC STUDIES,2017,10.30525/2256-0742/2017-3-5-304-310,2
Streptokinase - A pharmacoeconomic appraisal of its use in the management of acute myocardial infarction,PHARMACOECONOMICS,1996,10.2165/00019053-199610030-00009,9
FEATURES OF EVALUATION OF THE COMPETITIVE STATUS OF TOURIST ENTERPRISES,BALTIC JOURNAL OF ECONOMIC STUDIES,2017,10.30525/2256-0742/2017-3-4-179-184,1
analysis of net FDI drivers in BRIC countries,COMPETITIVENESS REVIEW,2015,10.1108/CR-05-2013-0053,15
The double-gap life expectancy forecasting model,INSURANCE MATHEMATICS & ECONOMICS,2018,10.1016/j.insmatheco.2017.09.011,32
Getting life expectancy estimates right for pension policy: period versus cohort approach,JOURNAL OF PENSION ECONOMICS & FINANCE,2021,10.1017/S1474747220000050,32
The Declining Effect of Insurance on Life Expectancy,JOURNAL OF RISK AND FINANCIAL MANAGEMENT,2023,10.3390/jrfm16010006,0
Inequalities in life expectancy and the global welfare convergence,ECONOMICS LETTERS,2018,10.1016/j.econlet.2018.03.035,4
The Linear Link: Deriving Age-Specific Death Rates from Life Expectancy,RISKS,2020,10.3390/risks8040109,7
Life Expectancy of Couples in Canada,CANADIAN PUBLIC POLICY-ANALYSE DE POLITIQUES,2023,10.3138/cpp.2022-028,2
Firm life expectancy and the heterogeneity of the book-to-market effect,JOURNAL OF FINANCIAL ECONOMICS,2011,10.1016/j.jfineco.2010.12.007,5
Life expectancy and endogenous growth,ECONOMICS LETTERS,1999,10.1016/S0165-1765(99)00139-1,150
A note on life expectancy in a nonhomogeneous population,JOURNAL OF THE OPERATIONAL RESEARCH SOCIETY,2001,10.1057/palgrave.jors.2601128,1
Socioeconomic indicators and impacts on Brazilians' life expectancy: a reality for Brazil and its regions,REVISTA DE GESTAO E SECRETARIADO-GESEC,2023,10.7769/gesec.v14i4.2071,0
The Impact of Economic Indicators on Life Expectancy: A Panel Data Analysis,ISTANBUL IKTISAT DERGISI-ISTANBUL JOURNAL OF ECONOMICS,2020,10.26650/ISTJECON2019-0028,4
Trade and life expectancy in China: a cointegration analysis,CHINA ECONOMIC JOURNAL,2020,10.1080/17538963.2020.1783745,12
"Life expectancy, schooling time, retirement, and growth",ECONOMIC INQUIRY,2004,10.1093/ei/cbh084,14
Life expectancy and economic welfare: The example of Africa in the 1990s,REVIEW OF INCOME AND WEALTH,2005,,7
"Effects of Environmental Degradation, Economic, and Demographic Variables on Life Expectancy: Panel Data Analysis for High-Income Countries",JOURNAL OF ECONOMIC POLICY RESEARCHES-IKTISAT POLITIKASI ARASTIRMALARI,2023,10.26650/JEPR1255062,0
Wealth and the effect of subjective survival probability,JOURNAL OF POPULATION ECONOMICS,2020,10.1007/s00148-019-00749-2,6
"Longevity, Fertility, and the Real Exchange Rate",CHINA & WORLD ECONOMY,2023,10.1111/cwe.12467,0
"Life expectancy, fertility, and retirement in an endogenous-growth model with human capital accumulation",ECONOMIC MODELLING,2024,10.1016/j.econmod.2023.106572,0
The long-term impact of the COVID-19 unemployment shock on life expectancy and mortality rates,JOURNAL OF ECONOMIC DYNAMICS & CONTROL,2023,10.1016/j.jedc.2022.104581,14
The role of expected years of schooling among life expectancy determinants,INTERNATIONAL JOURNAL OF INNOVATION AND LEARNING,2016,10.1504/IJIL.2016.076673,11
Does age or life expectancy better predict health care expenditures?,HEALTH ECONOMICS,2008,10.1002/hec.1295,47
Health Expenditures and Global Inequalities in Longevity,WORLD DEVELOPMENT,2018,10.1016/j.worlddev.2017.08.003,30
DISCOUNTING FUTURE HEALTH GAINS: AN EMPIRICAL ENQUIRY INTO THE INFLUENCE OF GROWING LIFE EXPECTANCY,HEALTH ECONOMICS,2011,10.1002/hec.1578,5
Minimum Death Rates and Maximum Life Expectancy: The Role of Concordant Ages,NORTH AMERICAN ACTUARIAL JOURNAL,2019,10.1080/10920277.2018.1519448,6
COUNTRY ESTIMATES OF SOCIAL DISCOUNT RATES BASED ON CHANGES IN LIFE EXPECTANCIES,KYKLOS,1993,10.1111/j.1467-6435.1993.tb00515.x,5
PREFERENCE REVERSALS IN MONETARY AND LIFE EXPECTANCY EVALUATIONS,ORGANIZATIONAL BEHAVIOR AND HUMAN DECISION PROCESSES,1995,10.1006/obhd.1995.1052,27
"Longevity, age-structure, and optimal schooling",JOURNAL OF ECONOMIC BEHAVIOR & ORGANIZATION,2017,10.1016/j.jebo.2017.01.022,1
Life Expectancy in Russia's Regions,ECONOMIC AND SOCIAL CHANGES-FACTS TRENDS FORECAST,2022,10.15838/esc.2022.2.80.10,1
Disease and development: The effect of life expectancy on economic growth,JOURNAL OF POLITICAL ECONOMY,2007,10.1086/529000,604
Income-Based Economic Determinants of Life Expectancy in Four Groups of Countries Classified by their Levels of Income,SCIENTIFIC ANNALS OF ECONOMICS AND BUSINESS,2024,10.47743/saeb-2024-0028,0
"Relationship between Life Expectancy, Foreign Direct Investment and Trade Openness: Evidence from Turkey",MONTENEGRIN JOURNAL OF ECONOMICS,2021,10.14254/1800-5845/2021.17-1.2,1
Disease and development: The role of life expectancy reconsidered,ECONOMICS LETTERS,2011,10.1016/j.econlet.2011.08.008,20
A generalised life-expectancy model for a population,JOURNAL OF THE OPERATIONAL RESEARCH SOCIETY,2002,10.1057/palgrave.jors.2601394,0
"Estimating the US Baseline Distribution of Health Inequalities Across Race, Ethnicity, and Geography for Equity-Informative Cost-Effectiveness Analysis",VALUE IN HEALTH,2023,10.1016/j.jval.2023.06.015,6
Testing the Ben-Porath effect through the educational patterns of young cohorts,JOURNAL OF MACROECONOMICS,2016,10.1016/j.jmacro.2016.04.001,2
The interaction effects of rising life expectancy and the public pension burden on aggregate savings and economic growth,PORTUGUESE ECONOMIC JOURNAL,2023,10.1007/s10258-022-00208-z,2
Population health status and economic growth in Chinese provinces: some policy implications,APPLIED ECONOMICS LETTERS,2014,10.1080/13504851.2013.859369,4
Optimal Retirement with Increasing Longevity,SCANDINAVIAN JOURNAL OF ECONOMICS,2014,10.1111/sjoe.12060,40
Forecasting life expectancy: Evidence from a new survival function,INSURANCE MATHEMATICS & ECONOMICS,2015,10.1016/j.insmatheco.2015.08.006,6
Life expectancy and human capital: Evidence from the international epidemiological transition,JOURNAL OF HEALTH ECONOMICS,2013,10.1016/j.jhealeco.2013.09.011,25
Air pollution trajectories and life expectancy in Nigeria,INTERNATIONAL JOURNAL OF SOCIAL ECONOMICS,2022,10.1108/IJSE-06-2021-0351,11
Life expectancy and the environment,JOURNAL OF ECONOMIC DYNAMICS & CONTROL,2010,10.1016/j.jedc.2009.11.007,104
LIFE EXPECTANCY FROM THE PERSPECTIVE OF GLOBAL AND INDIVIDUAL WEALTH AND EXPENDITURES: A GRANGER CAUSALITY STUDY OF SOME EU COUNTRIES,ROMANIAN JOURNAL OF ECONOMIC FORECASTING,2020,,1
International capital flows in the process of longevity catch-up,MACROECONOMIC DYNAMICS,2024,10.1017/S1365100524000609,0
Rapid rise of life expectancy in Bangladesh: Does financial development matter?,INTERNATIONAL JOURNAL OF FINANCE & ECONOMICS,2021,10.1002/ijfe.2046,16
A simple estimation of the longevity gap and redistribution in the pension system,ACTA OECONOMICA,2023,10.1556/032.2023.00016,2
Direct and Indirect Effects of Covid-19 On Life Expectancy and Poverty in Indonesia,BULLETIN OF INDONESIAN ECONOMIC STUDIES,2020,10.1080/00074918.2020.1847244,15
Macrorelationship between average life expectancy and prevalence of obesity: Theory and evidence from global data,AGRICULTURAL ECONOMICS,2020,10.1111/agec.12562,2
ECONOMIC GROWTH AND LIFE EXPECTANCY: THE CASE OF IRAN,STUDIES IN BUSINESS AND ECONOMICS,2016,10.1515/sbe-2016-0007,18
Impact of CO<sub>2</sub> emission on life expectancy in India: an autoregressive distributive lag (ARDL) bound test approach,FUTURE BUSINESS JOURNAL,2023,10.1186/s43093-022-00179-9,13
Does Life Expectancy Affect Private Educational Investment in China?,CHINA & WORLD ECONOMY,2012,10.1111/j.1749-124X.2012.01294.x,3
Valuing gains in life expectancy: Clarifying some ambiguities,JOURNAL OF RISK AND UNCERTAINTY,2015,10.1007/s11166-015-9221-8,15
Life Expectancy in Ireland since the 1870s,ECONOMIC AND SOCIAL REVIEW,2017,,5
Global inequality in life expectancies: what role does income inequality play?,ECONOMICS BULLETIN,2021,,0
Impact of Income on Life Expectancy: A Challenge for the Pension Policy,RISKS,2021,10.3390/risks9040065,8
The linkages between life expectancy and economic growth: some new evidence,EMPIRICAL ECONOMICS,2020,10.1007/s00181-018-1612-7,41
Age effect on entry to entrepreneurship: embedded in life expectancy,SMALL BUSINESS ECONOMICS,2022,10.1007/s11187-020-00398-w,9
Life expectancy at retirement and income in Chile,APPLIED ECONOMICS LETTERS,2023,10.1080/13504851.2021.1979187,3
Mortality Inequality: The Good News from a County-Level Approach,JOURNAL OF ECONOMIC PERSPECTIVES,2016,10.1257/jep.30.2.29,73
"Health, income, and the preston curve: A long view",ECONOMICS & HUMAN BIOLOGY,2023,10.1016/j.ehb.2022.101212,15
Longevity Adjustment of Retirement Age and Intragenerational Inequality,ECONOMICA,2021,10.1111/ecca.12357,2
Forecasting life expectancy in an international context,INTERNATIONAL JOURNAL OF FORECASTING,2012,10.1016/j.ijforecast.2011.01.009,42
Health-adjusted life expectancy of the British population,APPLIED ECONOMICS,2008,10.1080/00036840600820671,1
Automatic Indexation of the Pension Age to Life Expectancy: When Policy Design Matters,RISKS,2021,10.3390/risks9050096,20
Societal discounting of health effects in cost-effectiveness analyses - The influence of life expectancy,PHARMACOECONOMICS,2005,10.2165/00019053-200523080-00005,13
Life expectancy and education: evidence from the cardiovascular revolution,JOURNAL OF ECONOMIC GROWTH,2017,10.1007/s10887-017-9147-x,24
Fuzzy clustering of the healthy life expectancy decomposition: A multi-population analysis,SOCIO-ECONOMIC PLANNING SCIENCES,2024,10.1016/j.seps.2024.101805,2
"Life expectancy across countries: Convergence, divergence and fluctuations",WORLD DEVELOPMENT,2023,10.1016/j.worlddev.2023.106263,3
The relationship between pharmaceutical expenditure and life expectancy: evidence from 21 OECD countries,APPLIED ECONOMICS LETTERS,2009,10.1080/13504850701604136,9
VALUATION-ACTUARIAL-OF-INJURY-ECONOMIC-FUTURE-OF-ACCIDENT-OF-TRAFFIC,ANALES DEL INSTITUTO DE ACTUARIOS ESPANOLES,2010,,1
Forecasting German mortality using panel data procedures,JOURNAL OF POPULATION ECONOMICS,2008,10.1007/s00148-006-0097-4,5
The Rise in Life Expectancy and Economic Growth in the 20th Century,ECONOMIC JOURNAL,2015,10.1111/ecoj.12261,48
Health performance and economic growth in sub-Saharan Africa: new evidence based on quantile regressions,INTERNATIONAL JOURNAL OF SOCIAL ECONOMICS,2023,10.1108/IJSE-02-2023-0091,1
Disease and development-The predicted mortality instrument revisited,JOURNAL OF APPLIED ECONOMETRICS,2024,10.1002/jae.3023,0
"Life expectancy, retirement and endogenous growth",ECONOMIC MODELLING,2004,10.1016/S0264-9993(02)00088-3,10
Inequality in life expectancies across Europe and the US,HEALTH ECONOMICS,2021,10.1002/hec.4284,4
Socioeconomic Determinants of Gender-Specific Life Expectancy in Turkey: A Time Series Analysis,SOSYOEKONOMI,2021,10.17233/sosyoekonomi.2021.03.05,3
Addressing the life expectancy gap in pension policy,INSURANCE MATHEMATICS & ECONOMICS,2021,10.1016/j.insmatheco.2021.03.025,28
Are older workers capable of working longer?,JOURNAL OF PENSION ECONOMICS & FINANCE,2024,10.1017/S1474747223000033,0
Evaluating natural resource amenities in a human life expectancy production function,FOREST POLICY AND ECONOMICS,2009,10.1016/j.forpol.2009.04.007,25
Inequality and growth: the roles of life expectancy and relative consumption,JOURNAL OF ECONOMICS,2009,10.1007/s00712-008-0034-y,4
Determinants of Life Expectancy in Heterogeneous Constituent Entities of the Russian Federation,ECONOMIC AND SOCIAL CHANGES-FACTS TRENDS FORECAST,2023,10.15838/esc.2023.1.85.8,1
Re-estimating the Demographic Impact on Health Care Expenditure: Evidence from Taiwan,GENEVA PAPERS ON RISK AND INSURANCE-ISSUES AND PRACTICE,2008,10.1057/gpp.2008.26,6
A closer look at the relationship between life expectancy and economic growth,INTERNATIONAL JOURNAL OF ECONOMIC THEORY,2009,10.1111/j.1742-7363.2009.00105.x,18
Increasing inequalities in longevity among Italian workers,OXFORD ECONOMIC PAPERS-NEW SERIES,2024,10.1093/oep/gpae007,0
The Jewish-Arab divide in life expectancy in Israel,ECONOMICS & HUMAN BIOLOGY,2005,10.1016/j.ehb.2005.01.002,25
"Human capital inequality, life expectancy and economic growth",ECONOMIC JOURNAL,2008,10.1111/j.1468-0297.2008.02136.x,62
"Public capital, health persistence and poverty traps",JOURNAL OF ECONOMICS,2015,10.1007/s00712-014-0418-0,17
An economic analysis of life expectancy by gender with application to the United States,JOURNAL OF HEALTH ECONOMICS,2004,10.1016/j.jhealeco.2003.11.001,8
Does Higher Longevity Harm Economic Growth?,PANOECONOMICUS,2020,10.2298/PAN150816015S,8
The effects of food affordability on life expectancy in emerging countries,AGRICULTURAL ECONOMICS,2024,10.1111/agec.12850,1
Sanctioned to Death? The Impact of Economic Sanctions on Life Expectancy and its Gender Gap,JOURNAL OF DEVELOPMENT STUDIES,2021,10.1080/00220388.2020.1746277,64
The threshold effect of longevity: life expectancy and economic growth,APPLIED ECONOMICS LETTERS,2019,10.1080/13504851.2018.1543932,5
Alcohol consumption as a predictor of mortality and life expectancy: Evidence from older Chinese males,JOURNAL OF THE ECONOMICS OF AGEING,2022,10.1016/j.jeoa.2022.100368,0
The cost of life expectancy and the implicit social valuation of life,SCANDINAVIAN JOURNAL OF ECONOMICS,1998,10.1111/1467-9442.00130,3
INTERNATIONAL VARIATIONS IN LIFE EXPECTANCY: A SPATIO-TEMPORAL ANALYSIS,TIJDSCHRIFT VOOR ECONOMISCHE EN SOCIALE GEOGRAFIE,2010,10.1111/j.1467-9663.2009.00518.x,6
Life expectancy and politics of public education and pension with endogenous fertility,JOURNAL OF ECONOMIC DYNAMICS & CONTROL,2024,10.1016/j.jedc.2024.104995,0
Can public spending reduce mortality disparities? Findings from East Germany after reunification,JOURNAL OF THE ECONOMICS OF AGEING,2015,10.1016/j.jeoa.2014.09.001,21
Mortality rate and life expectancy in Africa: the role of flood occurrence,INTERNATIONAL JOURNAL OF SOCIAL ECONOMICS,2023,10.1108/IJSE-07-2022-0508,4
The dynamic relationship between economic growth and life expectancy: Contradictory role of energy consumption and financial development in Pakistan,STRUCTURAL CHANGE AND ECONOMIC DYNAMICS,2020,10.1016/j.strueco.2020.03.004,74
How long might the younger-old live: A predictive model,FUTURES,2010,10.1016/j.futures.2009.11.006,2
Urban penalty in Spain: the case of Alcoy (1857-1930),REVISTA DE HISTORIA INDUSTRIAL,2016,,3
"Longevity, Human Capital and Domestic Investment",ECONOMICS BULLETIN,2018,,0
"Human capital, life expectancy, and the environment",JOURNAL OF INTERNATIONAL TRADE & ECONOMIC DEVELOPMENT,2017,10.1080/09638199.2017.1314543,16
Elderly labor supply and fertility decisions in aging-population economies,ECONOMICS LETTERS,2013,10.1016/j.econlet.2013.09.022,18
Measurement of Work-Life Expectancy,MONTHLY LABOR REVIEW,1950,,0
"Pollution, knowledge and coping strategy and life expectancy in oil producing communities",INTERNATIONAL JOURNAL OF SOCIAL ECONOMICS,2024,10.1108/IJSE-11-2022-0734,0
The rising longevity gap by lifetime earnings - Distributional implications for the pension system,JOURNAL OF THE ECONOMICS OF AGEING,2020,10.1016/j.jeoa.2019.100199,22
How the Growing Gap in Life Expectancy May Affect Retirement Benefits and Reforms,GENEVA PAPERS ON RISK AND INSURANCE-ISSUES AND PRACTICE,2017,10.1057/s41288-017-0057-0,35
Modeling Best Practice Life Expectancy Using Gumbel Autoregressive Models,RISKS,2021,10.3390/risks9030051,1
Revisiting the Modernization Hypothesis: Longevity and Democracy,WORLD DEVELOPMENT,2015,10.1016/j.worlddev.2014.10.003,12
Do abnormal accruals affect the life expectancy of audit engagements?,REVIEW OF QUANTITATIVE FINANCE AND ACCOUNTING,2013,10.1007/s11156-012-0276-1,2
Health and Development: A Neoclassical Perspective,JOURNAL OF HUMAN CAPITAL,2013,10.1086/674076,8
Achieving Higher Levels of Life Expectancy in Russia,EKONOMICHESKAYA POLITIKA,2012,,4
Rising mortality and life expectancy differentials by lifetime earnings in the United States,JOURNAL OF HEALTH ECONOMICS,2009,10.1016/j.jhealeco.2009.06.003,49
The long-run and short-run effects of health aid on life expectancy,APPLIED ECONOMICS LETTERS,2015,10.1080/13504851.2015.1037431,7
Modeling life expectancy in Turkey,ECONOMIC MODELLING,2011,10.1016/j.econmod.2011.05.002,33
Towards the development of a three-state Markov Chain model of working life expectancy in South Africa,SOUTH AFRICAN ACTUARIAL JOURNAL,2023,10.4314/saaj.v23i1.4,0
Redistributive effects of pension reforms: who are the winners and losers?,JOURNAL OF PENSION ECONOMICS & FINANCE,2024,10.1017/S147474722300015X,1
"Associations of Smoking, Physical Inactivity, Heavy Drinking, and Obesity with Quality-Adjusted Life Expectancy among US Adults with Depression",VALUE IN HEALTH,2018,10.1016/j.jval.2017.08.002,23
"Labor supply of elderly people, fertility, and economic development",JOURNAL OF MACROECONOMICS,2017,10.1016/j.jmacro.2016.12.004,18
"A Note on Income Heterogeneity, Dietary Choice and Medical Services: Implications for Health Outcomes",ECONOMICS BULLETIN,2011,,0
"Inequality and Life Expectancy in Africa and Asia, 1820-2000",JOURNAL OF ECONOMIC BEHAVIOR & ORGANIZATION,2022,10.1016/j.jebo.2022.07.017,5
Life expectancy and economic development: Evidence from microdata,REVIEW OF DEVELOPMENT ECONOMICS,2020,10.1111/rode.12665,5
INTRAGENERATIONAL REDISTRIBUTION WITHIN THE PENSION SYSTEM,GOSPODARKA NARODOWA,2017,,0
The Life Expectancy of Fallen Angels,JOURNAL OF INVESTING,2017,10.3905/joi.2017.26.2.110,0
The viability of a voting system that allocates parliamentary seats according to life expectancy: An analysis using OLG models,JAPAN AND THE WORLD ECONOMY,2018,10.1016/j.japwor.2018.04.001,0
Good for Living? On the Relationship between Globalization and Life Expectancy,WORLD DEVELOPMENT,2010,10.1016/j.worlddev.2010.02.020,111
Long-run trends of human aging and longevity,JOURNAL OF POPULATION ECONOMICS,2013,10.1007/s00148-012-0459-z,46
COMONOTONIC APPROXIMATIONS TO QUANTILES OF LIFE ANNUITY CONDITIONAL EXPECTED PRESENT VALUES: EXTENSIONS TO GENERAL ARIMA MODELS AND COMPARISON WITH THE BOOTSTRAP,ASTIN BULLETIN,2010,10.2143/AST.40.1.2049232,9
Human Capital and Per Capita Income Linkage in South Asia: A Heterogeneous Dynamic Panel Analysis,JOURNAL OF THE KNOWLEDGE ECONOMY,2020,10.1007/s13132-020-00637-1,16
Estimating the joint survival probabilities of married individuals,INSURANCE MATHEMATICS & ECONOMICS,2016,10.1016/j.insmatheco.2015.12.006,5
Who gets a mammogram amongst European women aged 50-69 years?,HEALTH ECONOMICS REVIEW,2012,10.1186/2191-1991-2-6,19
Life expectancy improvement for multiple cure distributions,EUROPEAN ACTUARIAL JOURNAL,2020,10.1007/s13385-020-00229-y,0
The Growing Gap in Life Expectancy: Using the Future Elderly Model to Estimate Implications for Social Security and Medicare,AMERICAN ECONOMIC REVIEW,2014,10.1257/aer.104.5.230,22
Estimating the value of life expectancy gains in Tanzania using the life satisfaction and model based approaches,HEALTH ECONOMICS,2023,10.1002/hec.4654,2
Life expectancy effects of public and private health expenditures in OECD countries 1970-2012: Panel time series approach,ECONOMIC ANALYSIS AND POLICY,2017,10.1016/j.eap.2017.06.005,69
Regional Reserves for Raising Life Expectancy in the Conditions of Convergence of Its Level,ECONOMIC AND SOCIAL CHANGES-FACTS TRENDS FORECAST,2019,10.15838/esc.2019.6.66.13,3
AN IMPROVEMENT TO KAMERUD MORTALITY-RISK AND LIFE-EXPECTANCY MODEL,JOURNAL OF THE OPERATIONAL RESEARCH SOCIETY,1990,,2
THE MEDIATING ROLES OF GDP ON THE RELATIONSHIP BETWEEN INCOME INEQUALITY AND LIFE EXPECTANCY,ASIAN ACADEMY OF MANAGEMENT JOURNAL,2021,10.21315/aamj2021.26.2.5,1
Socio-economic determinants of life expectancy in Nigeria (1980 - 2011),HEALTH ECONOMICS REVIEW,2015,10.1186/s13561-014-0037-z,39
"Entropy, longevity and the cost of annuities",INSURANCE MATHEMATICS & ECONOMICS,2011,10.1016/j.insmatheco.2010.10.005,12
The changing health convergence for life expectancy and spatial interactions,APPLIED ECONOMICS,2024,10.1080/00036846.2023.2177591,0
The non-linear effects of life expectancy on economic growth,ECONOMICS LETTERS,2011,10.1016/j.econlet.2011.03.027,22
Life expectancy and schooling: new insights from cross-country data,JOURNAL OF POPULATION ECONOMICS,2012,10.1007/s00148-011-0392-6,18
Life-expectancy in a nonhomogeneous population,JOURNAL OF THE OPERATIONAL RESEARCH SOCIETY,1998,,4
Years of life lost to revolution and war in Iran,REVIEW OF DEVELOPMENT ECONOMICS,2023,10.1111/rode.13030,2
The Impact of AIDS Treatment on Savings and Human Capital Investment in Malawi,AMERICAN ECONOMIC JOURNAL-APPLIED ECONOMICS,2018,10.1257/app.20150369,32
"Carbon Emissions, Health Expenditure, and Economic Effects on Life Expectancy in Malaysia",WORLD,2024,10.3390/world5030030,0
Fertility and old-age labor supply in aging China,CHINA ECONOMIC REVIEW,2019,10.1016/j.chieco.2018.12.004,5
Aging and automation in economies with search frictions,JOURNAL OF POPULATION ECONOMICS,2022,10.1007/s00148-021-00860-3,8
Revisiting the relationship between longevity and lifetime education: global evidence from 919 surveys,JOURNAL OF POPULATION ECONOMICS,2019,10.1007/s00148-018-0717-9,7
Effects of Health and Longevity on Financial Risk Tolerance,GENEVA RISK AND INSURANCE REVIEW,2009,10.1057/grir.2009.6,10
The Effect on Annuities Preference of Prompts to Consider Life Expectancy: Evidence from a UK Quota Sample,ECONOMICA,2020,10.1111/ecca.12326,2
"Health expenditure, longevity, and child mortality: dynamic panel data approach with global data",INTERNATIONAL JOURNAL OF HEALTH ECONOMICS AND MANAGEMENT,2020,10.1007/s10754-019-09272-z,33
On the choice of public pensions when income and life expectancy are correlated,JOURNAL OF PUBLIC ECONOMIC THEORY,2007,10.1111/j.1467-9779.2007.00327.x,17
Long live the doge? Death as a term limit on Venetian chief executives,PUBLIC CHOICE,2021,10.1007/s11127-020-00829-y,4
"The Relationships between CO<sub>2</sub> Emissions, Economic Growth and Life Expectancy",JOURNAL OF ASIAN FINANCE ECONOMICS AND BUSINESS,2021,10.13106/jafeb.2021.vol8.no2.0801,41
Life expectancy and human capital: long-run evidence from a panel of countries,APPLIED ECONOMICS LETTERS,2017,10.1080/13504851.2016.1270405,3
Alternative Estimates of the Effect of the Increase of Life Expectancy on Economic Growth,ECONOMICS BULLETIN,2012,,9
Deprivation as a fundamental cause of morbidity and reduced life expectancy: an observational study using German statutory health insurance data,INTERNATIONAL JOURNAL OF HEALTH ECONOMICS AND MANAGEMENT,2024,10.1007/s10754-024-09374-3,1
The determinants of life expectancy: An analysis of the OECD health data,SOUTHERN ECONOMIC JOURNAL,2005,10.2307/20062079,77
Examining the Impact of Environmental Pollution and Life Expectancy on Economic Growth in the European Union,JOURNAL OF ECONOMIC INTEGRATION,2024,10.11130/jei.2024022,0
Social security and uncertain lifetime,JAHRBUCHER FUR NATIONALOKONOMIE UND STATISTIK,1998,,0
Existence and stability of overconsumption equilibria,ECONOMIC MODELLING,2011,10.1016/j.econmod.2010.09.022,9
Longevity and life expectancy,TECHNOLOGICAL FORECASTING AND SOCIAL CHANGE,1997,10.1016/S0040-1625(97)00024-3,11
How would you like your gain in life expectancy to be provided? An experimental approach,JOURNAL OF RISK AND UNCERTAINTY,2010,10.1007/s11166-010-9104-y,18
THE EPIDEMIOLOGIC TRANSITION AND CAUSES OF DEATH IN THE USSR,MATEKON,1993,,0
Evaluating Life Expectancy Evaluations,NORTH AMERICAN ACTUARIAL JOURNAL,2018,10.1080/10920277.2017.1381031,9
The effect of marital status on life expectancy: Is cohabitation as protective as marriage?,JOURNAL OF DEMOGRAPHIC ECONOMICS,2023,10.1017/dem.2023.10,0
The Causal Effects of Place on Health and Longevity,JOURNAL OF ECONOMIC PERSPECTIVES,2021,10.1257/jep.35.4.147,19
Determinants of life expectancy at birth: a longitudinal study on OECD countries,INTERNATIONAL JOURNAL OF HEALTH ECONOMICS AND MANAGEMENT,2023,10.1007/s10754-022-09338-5,29
Spatial and economic patterns in life expectancy among US States,APPLIED ECONOMICS,2019,10.1080/00036846.2019.1630706,5
"Subjective life expectancies, time preference heterogeneity, and wealth inequality",QUANTITATIVE ECONOMICS,2024,10.3982/QE2016,1
"ENDOGENOUS HEALTH CARE, LIFE EXPECTANCY AND ECONOMIC GROWTH",PACIFIC ECONOMIC REVIEW,2010,10.1111/j.1468-0106.2009.00486.x,24
Role of demographic factors in economic growth of South Asian countries,JOURNAL OF ECONOMIC STUDIES,2021,10.1108/JES-08-2019-0373,11
The role of renewable energy on life expectancy: evidence from method of moments quantile regression based on G-7 countries data,INTERNATIONAL JOURNAL OF ENERGY SECTOR MANAGEMENT,2024,10.1108/IJESM-11-2022-0001,13
Estimating the Impact of Alcohol Consumption on Mortality and Life Expectancy in Russian Regions,EKONOMICHESKAYA POLITIKA,2017,10.18288/1994-5124-2017-1-03,7
"The dynamics of financial development, globalisation, economic growth and life expectancy in sub-Saharan Africa",AUSTRALIAN ECONOMIC PAPERS,2019,10.1111/1467-8454.12163,57
Time series analysis and stochastic forecasting: An econometric study of mortality and life expectancy,JOURNAL OF POPULATION ECONOMICS,2005,10.1007/s00148-005-0229-2,18
LIFE EXPECTANCY AND WELFARE IN LATIN AMERICA AND THE CARIBBEAN,HEALTH ECONOMICS,2009,10.1002/hec.1460,9
"Tropics, income, and school life expectancy: an intercountry study",ECONOMICS OF EDUCATION REVIEW,1999,10.1016/S0272-7757(98)00042-9,1
Why countries become wealthy: The effects of adult longevity on saving,WORLD DEVELOPMENT,2007,10.1016/j.worlddev.2006.09.002,46
The cost of firearm deaths in the United States: Reduced life expectancies and increased insurance costs,JOURNAL OF RISK AND INSURANCE,2005,10.1111/j.1539-6975.2005.00128.x,23
THE DESIGN OF PENSION PAY OUT OPTIONS WHEN THE HEALTH STATUS DURING RETIREMENT IS UNCERTAIN,JOURNAL OF PUBLIC ECONOMIC THEORY,2010,10.1111/j.1467-9779.2009.01450.x,1
Economic impact of gain in life expectancy: a case study of India,INTERNATIONAL JOURNAL OF SOCIAL ECONOMICS,2024,10.1108/IJSE-06-2022-0422,0
Gender Convergence in Human Survival and the Postponement of Death,NORTH AMERICAN ACTUARIAL JOURNAL,2014,10.1080/10920277.2013.863140,13
MODELING A FLEXIBLE RETIREMENT AGE TO NARROW PENSION GAP: THE CASE OF CHINA,SINGAPORE ECONOMIC REVIEW,2021,10.1142/S0217590818420079,1
Life Expectancy in 2040: What Do Clinical Experts Expect?,NORTH AMERICAN ACTUARIAL JOURNAL,2016,10.1080/10920277.2016.1179123,12
Economic growth and female labour force participation in an ageing society: evidence from Southeast Asia,APPLIED ECONOMICS,2024,10.1080/00036846.2023.2212964,5
The effect of sanitation and safe drinking water on child mortality and life expectancy: Evidence from a global sample of 100 countries,AUSTRALIAN ECONOMIC PAPERS,2022,10.1111/1467-8454.12265,8
Cause-of-Death Contributions to Declining Mortality Improvements and Life Expectancies Using Cause-Specific Scenarios,NORTH AMERICAN ACTUARIAL JOURNAL,2024,10.1080/10920277.2023.2230275,0
THE LENGTH OF WORKING LIFE IN RUSSIA: TRENDS AND DIFFERENTIALS,ECONOMICS & SOCIOLOGY,2018,10.14254/2071-789X.2018/11-2/19,2
RELATION BETWEEN HDI INDICATORS AND ECONOMIC GROWTH: AN EVIDENCE FROM INDIA'S PERFORMANCE,JIMS8M-THE JOURNAL OF INDIAN MANAGEMENT & STRATEGY,2024,10.5958/0973-9343.2024.00019.4,0
Life Expectancy - The More We Know the Longer We Live?,FORESIGHT AND STI GOVERNANCE,2007,10.17323/1995-459X.2007.3.49.53,0
LIFE EXPECTANCY AND HUMAN CAPITAL INVESTMENTS: EVIDENCE FROM MATERNAL MORTALITY DECLINES,QUARTERLY JOURNAL OF ECONOMICS,2009,10.1162/qjec.2009.124.1.349,165
Increasing life expectancy and NDC pension systems,JOURNAL OF PENSION ECONOMICS & FINANCE,2018,10.1017/S1474747216000226,13
"LIFE EXPECTANCY, SCHOOLING, AND LIFETIME LABOR SUPPLY: THEORY AND EVIDENCE REVISITED",ECONOMETRICA,2013,10.3982/ECTA11169,74
The relation between wealth and health: Evidence from a world panel of countries,ECONOMICS LETTERS,2012,10.1016/j.econlet.2011.12.031,15
System life expectancy and the maintenance effort: Exploring their equilibration,MIS QUARTERLY,2000,10.2307/3250939,38
The role of income level and institutional quality in the non-renewable energy consumption and life expectancy nexus: evidence from selected oil-producing economies in Africa,OPEC ENERGY REVIEW,2021,10.1111/opec.12212,18
The Analysis of the Life Expectancy and the Selected Causes of Deaths in Poland with the Use of Spatial Statistics Methods,COMPARATIVE ECONOMIC RESEARCH-CENTRAL AND EASTERN EUROPE,2012,10.2478/v10103-012-0033-7,0
"Nineteenth-century White Physical Activity, Calories and Life Expectancy: Nutrition, Sanitation or Medical Intervention?",JOURNAL OF INTERDISCIPLINARY ECONOMICS,2016,10.1177/0260107916643470,2
From Cradle to Grave: How Childhood and Current Environments Impact Consumers' Subjective Life Expectancy and Decision-Making,JOURNAL OF CONSUMER RESEARCH,2020,10.1093/jcr/ucaa003,25
"Examining the drivers of inclusive growth: A study of economic performance, environmental sustainability, and life expectancy in BRICS economies",RESEARCH IN GLOBALIZATION,2024,10.1016/j.resglo.2024.100267,0
The effects of pharmaceutical consumption and obesity on the quality of life in the Organization of Economic Cooperation and Development (OECD) countries,PHARMACOECONOMICS,2004,10.2165/00019053-200422002-00004,13
"Life expectancy, money, and growth",JOURNAL OF POPULATION ECONOMICS,2006,10.1007/s00148-005-0017-z,12
Life expectancy in nursing homes,APPLIED ECONOMICS,2022,10.1080/00036846.2021.1983138,9
DETERMINANTS OF THE SAVING RATE - AN INTERNATIONAL COMPARISON,CONTEMPORARY ECONOMIC POLICY,1994,10.1111/j.1465-7287.1994.tb00410.x,20
PRIVATE ANNUITY VALUED USING ACTUAL LIFE EXPECTANCY,JOURNAL OF TAXATION,1994,,0
Rising Inequality in Life Expectancy by Socioeconomic Status,NORTH AMERICAN ACTUARIAL JOURNAL,2021,10.1080/10920277.2019.1676788,9
"Black-white disparities during an epidemic: Life expectancy and lifespan disparity in the US, 1980-2000",ECONOMICS & HUMAN BIOLOGY,2021,10.1016/j.ehb.2020.100937,11
Social Security and the increasing longevity gap,JOURNAL OF PUBLIC ECONOMIC THEORY,2021,10.1111/jpet.12477,7
Does internet use and adoption matter for better health outcomes in sub-Saharan African countries? New evidence from panel quantile regression,TECHNOLOGICAL FORECASTING AND SOCIAL CHANGE,2023,10.1016/j.techfore.2023.122445,18
ARE MALE-FEMALE EARNINGS DIFFERENTIALS RELATED TO LIFE-EXPECTANCY-CAUSED PENSION COST DIFFERENCES,ECONOMIC INQUIRY,1987,10.1111/j.1465-7295.1987.tb00748.x,8
"A politico-economic model of aging, technology adoption and growth",JOURNAL OF POPULATION ECONOMICS,2012,10.1007/s00148-011-0364-x,11
Income Inequality and Health: Evidence from Developed and Developing Countries,ECONOMICS-THE OPEN ACCESS OPEN-ASSESSMENT E-JOURNAL,2015,10.5018/economics-ejournal.ja.2015-4,8
Can higher life expectancy induce more schooling and earlier retirement?,JOURNAL OF POPULATION ECONOMICS,2012,10.1007/s00148-011-0397-1,23
Cause of death and development in the US,JOURNAL OF DEVELOPMENT ECONOMICS,2014,10.1016/j.jdeveco.2014.03.013,17
Life Expectancy Heterogeneity and the Political Support for Collective Annuities,SCANDINAVIAN JOURNAL OF ECONOMICS,2016,10.1111/sjoe.12153,2
The life expectancy of tech start-ups in India: what attributes impact tech start-ups' failures?,INTERNATIONAL JOURNAL OF ENTREPRENEURIAL BEHAVIOR & RESEARCH,2021,10.1108/IJEBR-01-2021-0025,10
LONG-RUN HEALTH IMPACTS OF INCOME SHOCKS: WINE AND PHYLLOXERA IN NINETEENTH-CENTURY FRANCE,REVIEW OF ECONOMICS AND STATISTICS,2010,10.1162/REST_a_00024,89
"Education, Life Expectancy and Pension Reform",HACIENDA PUBLICA ESPANOLA-REVIEW OF PUBLIC ECONOMICS,2012,,1
Increasing life expectancy and optimal retirement in general equilibrium,ECONOMIC THEORY,2014,10.1007/s00199-013-0776-9,26
"The effect of life expectancy on fertility, saving, schooling and economic growth: Theory and evidence",SCANDINAVIAN JOURNAL OF ECONOMICS,2005,10.1111/j.1467-9442.2005.00394.x,113
Life expectancy and economic growth: the role of the demographic transition,JOURNAL OF ECONOMIC GROWTH,2011,10.1007/s10887-011-9065-2,195
CONTRIBUTION OF INCREASED LIFE EXPECTANCY TO ECONOMIC GROWTH: EVIDENCE FROM CEE COUNTRIES,INTERNATIONAL JOURNAL OF ECONOMIC SCIENCES,2017,10.20472/ES.2017.6.2.005,2
Life Expectancy at Birth and Environmental Degradation Link in Countries with High Air Pollution,EKONOMI POLITIKA & FINANS ARASTIRMALARI DERGISI,2022,10.30784/epfad.1135846,0
American Health-Adjusted Life Expectancy at Midlife: An Analysis Based on the Health and Retirement Study,JOURNAL OF HUMAN CAPITAL,2022,10.1086/717545,0
"Growth, Pollution, and Life Expectancy: China from 1991-2012",AMERICAN ECONOMIC REVIEW,2015,10.1257/aer.p20151094,241
Monetary values of increasing life expectancy: Sensitivity to shifts of the survival curve,JOURNAL OF RISK AND UNCERTAINTY,2023,10.1007/s11166-023-09406-2,1
Would you prefer your retirement income to depend on your life expectancy?,JOURNAL OF ECONOMIC THEORY,2021,10.1016/j.jet.2020.105126,0
"PUBLIC CAPITAL, TAXATION AND ENDOGENOUS GROWTH IN A FINITE HORIZONS MODEL",METROECONOMICA,2009,10.1111/j.1467-999X.2008.00339.x,4
The effect of health improvements due to tobacco control on earnings in the United States,APPLIED ECONOMICS,2013,10.1080/00036846.2013.815310,0
The effect of life expectancy on education and population dynamics,EMPIRICAL ECONOMICS,2015,10.1007/s00181-014-0830-x,14
Medical technology and the production of health care,EMPIRICAL ECONOMICS,2012,10.1007/s00181-011-0472-1,23
Current Health State Affected Patient Preferences More Than Disease Status: A Discrete Choice Experiment in Multiple Myeloma,VALUE IN HEALTH,2023,10.1016/j.jval.2023.01.016,3
Could pension system make us happier?,COGENT ECONOMICS & FINANCE,2018,10.1080/23322039.2018.1452342,7
Predicting Longevity: <i>An Analysis of Potential Alternatives to Life Expectancy Reports</i>,JOURNAL OF INVESTING,2018,10.3905/joi.2018.27.supplement.065,3
Changes in the health status of the population of Central and Eastern European countries between 1990 and 2010,EUROPEAN JOURNAL OF HEALTH ECONOMICS,2014,10.1007/s10198-014-0602-8,32
Increasing socio-economic inequalities in life expectancy and QALYs Sweden 1980-1997,HEALTH ECONOMICS,2005,10.1002/hec.977,43
Long-Term Medical Costs and Life Expectancy of Acute Myeloid Leukemia: A Probabilistic Decision Model,VALUE IN HEALTH,2014,10.1016/j.jval.2013.12.007,16
IRA's designated beneficiary can name contingent beneficiary - Distributions use the former's life expectancy,JOURNAL OF TAXATION,2000,,0
Do actuaries believe in longevity deceleration?,INSURANCE MATHEMATICS & ECONOMICS,2018,10.1016/j.insmatheco.2017.09.008,7
"Discrimination, human capital, and life expectancy in a model of economic development",INTERNATIONAL JOURNAL OF ECONOMIC THEORY,2018,10.1111/ijet.12155,7
Redistributive effects of the US pension system among individuals with different life expectancy,JOURNAL OF THE ECONOMICS OF AGEING,2017,10.1016/j.jeoa.2017.10.002,8
A New Mortality Framework to Identify Trends and Structural Changes in Mortality Improvement and Its Application in Forecasting,RISKS,2022,10.3390/risks10080161,1
Place-Based Drivers of Mortality: Evidence from Migration,AMERICAN ECONOMIC REVIEW,2021,10.1257/aer.20190825,47
Potential gains in life expectancy by eliminating deaths from cardiovascular diseases and diabetes mellitus in the working life ages among Slovak population,HEALTH ECONOMICS REVIEW,2018,10.1186/s13561-018-0202-x,8
Health and the evolution of welfare across Brazilian municipalities,JOURNAL OF DEVELOPMENT ECONOMICS,2007,10.1016/j.jdeveco.2007.02.002,33
Life Expectancy and Economic Well-being: A Within-country Regional-level Analysis Using the Micro-data of Bangladesh,MARGIN-JOURNAL OF APPLIED ECONOMIC RESEARCH,2013,10.1177/0973801013500133,0
ESTIMATION THE EFFECTIVENESS OF PUBLIC GOVERNANCE OF THE HEALTH SYSTEM IN THE CONTEXT OF SUSTAINABLE DEVELOPMENT,ENTREPRENEURSHIP AND SUSTAINABILITY ISSUES,2020,10.9770/jesi.2020.7.4(48),2
ADULT LONGEVITY AND GROWTH TAKEOFF,MACROECONOMIC DYNAMICS,2016,10.1017/S1365100514000285,9
"Uncertain lifetime, life protection, and the value of life saving",JOURNAL OF HEALTH ECONOMICS,2000,10.1016/S0167-6296(99)00030-2,53
The greying church: the impact of life expectancy on religiosity,INTERNATIONAL JOURNAL OF SOCIAL ECONOMICS,2011,10.1108/03068291111123138,5
Nineteenth-century mortality trends: A reply to Szreter and Mooney,ECONOMIC HISTORY REVIEW,2021,10.1111/ehr.13109,4
"The Analysis of Human Capital Development, Economic Growth and Longevity in West African Countries",SCIENTIFIC ANNALS OF ECONOMICS AND BUSINESS,2024,10.47743/saeb-2024-0008,0
Life expectancy and economic growth,JOURNAL OF MACROECONOMICS,2014,10.1016/j.jmacro.2013.12.004,54
"Sewers' diffusion and the decline of mortality: The case of Paris, 1880-1914",JOURNAL OF URBAN ECONOMICS,2017,10.1016/j.jue.2016.03.001,49
Trends in Life Expectancy by Income and the Role of Specific Causes of Death,ECONOMICA,2018,10.1111/ecca.12224,19
LSTM-Based Coherent Mortality Forecasting for Developing Countries,RISKS,2024,10.3390/risks12020027,0
Recent declines in life expectancy: Implication on longevity risk hedging,INSURANCE MATHEMATICS & ECONOMICS,2021,10.1016/j.insmatheco.2021.03.028,4
Testing the relationship between income inequality and life expectancy: a simple correction for the aggregation effect when using aggregated data,JOURNAL OF POPULATION ECONOMICS,2014,10.1007/s00148-013-0483-7,8
Heterogeneous Effects of Obesity on Life Expectancy: A Global Perspective,ANNUAL REVIEW OF RESOURCE ECONOMICS,2023,10.1146/annurev-resource-022823-033521,2
"Demographic change, human capital accumulation and R&D-based growth",CANADIAN JOURNAL OF ECONOMICS-REVUE CANADIENNE D ECONOMIQUE,2016,10.1111/caje.12211,18
"The Effects of Diabetes, Hypertension, Asthma, Heart Disease, and Stroke on Quality-Adjusted Life Expectancy",VALUE IN HEALTH,2013,10.1016/j.jval.2012.08.2208,48
The long-run effect of trade on life expectancy in the United States: an empirical note,APPLIED ECONOMICS LETTERS,2015,10.1080/13504851.2014.946180,11
WHY LABOR FORCE PARTICIPATION RATE RISES? NEW EMPIRICAL EVIDENCE FROM INDONESIA,ENTREPRENEURSHIP AND SUSTAINABILITY ISSUES,2019,10.9770/jesi.2019.7.1(13),7
Life Expectancy and Old Age Savings,AMERICAN ECONOMIC REVIEW,2009,10.1257/aer.99.2.110,56
Survival Function Estimates for Champions Tour Golfers,JOURNAL OF SPORTS ECONOMICS,2013,10.1177/1527002512451583,5
International medical technology diffusion,JOURNAL OF INTERNATIONAL ECONOMICS,2007,10.1016/j.jinteco.2006.09.008,42
Changes in the morbidity prevalence and morbidity-free life expectancy of the elderly population in China from 2000 to 2010,JOURNAL OF THE ECONOMICS OF AGEING,2019,10.1016/j.jeoa.2018.05.002,6
Explaining diversities in age-specific life expectancies and values of life saving: A numerical analysis,JOURNAL OF RISK AND UNCERTAINTY,2005,10.1007/s11166-005-3552-9,34
On the value of changes in life expectancy,JOURNAL OF HEALTH ECONOMICS,1996,10.1016/0167-6296(95)00034-8,12
What Does Society Value About Cancer Medicines? A Discrete Choice Experiment in the Belgian Population,APPLIED HEALTH ECONOMICS AND HEALTH POLICY,2019,10.1007/s40258-019-00504-4,3
Progressive Pension Formula and Life Expectancy Heterogeneity,RISKS,2021,10.3390/risks9070127,4
EXPECTED LIFE EXPECTANCY AND ITS DETERMINANTS IN SELECTED EUROPEAN COUNTRIES,TRANSFORMATIONS IN BUSINESS & ECONOMICS,2017,,17
Pension Incentives and Retirement Planning in Rural China: Evidence for the New Rural Pension Scheme,DEVELOPING ECONOMIES,2022,10.1111/deve.12297,7
Going beyond life expectancy in assessments of health systems' performance: life expectancy adjusted by perceived health status,INTERNATIONAL JOURNAL OF HEALTH ECONOMICS AND MANAGEMENT,2016,10.1007/s10754-015-9183-z,10
Live and let live: understanding the temporal drivers and spillovers of life expectancy in Europe for public planning,EUROPEAN JOURNAL OF HEALTH ECONOMICS,2023,10.1007/s10198-022-01469-3,5
Open Economy Neoclassical Growth Models and the Role of Life Expectancy,B E JOURNAL OF MACROECONOMICS,2023,10.1515/bejm-2022-0163,1
Testing methods to enhance longevity awareness,JOURNAL OF ECONOMIC BEHAVIOR & ORGANIZATION,2022,10.1016/j.jebo.2022.10.014,10
Exploring the linkage between human capital and economic growth: A look at 141 developing and developed countries,ECONOMIC SYSTEMS,2022,10.1016/j.ecosys.2022.101017,34
Demographic change in the former Soviet Union during the transition period,WORLD DEVELOPMENT,1998,10.1016/S0305-750X(98)00113-2,24
"HEALTH EXPENDITURE, LIFE EXPECTANCY, FERTILITY RATE, CO2 EMISSIONS AND ECONOMIC GROWTH DO PUBLIC, PRIVATE AND EXTERNAL HEALTH EXPENDITURE MATTER",INTERNATIONAL JOURNAL OF ECONOMIC SCIENCES,2022,10.52950/ES.2022.11.2.010,2
"Longer life, higher welfare",OXFORD ECONOMIC PAPERS-NEW SERIES,2008,10.1093/oep/gpm025,1
Life Expectancy Heterogeneity and Pension Fairness: An Italian North-South Divide,RISKS,2021,10.3390/risks9030057,3
A Study on Link Functions for Modelling and Forecasting Old-Age Survival Probabilities of Australia and New Zealand,RISKS,2021,10.3390/risks9010011,2
"Limited Life Expectancy, Human Capital and Health Investments",AMERICAN ECONOMIC REVIEW,2013,10.1257/aer.103.5.1977,67
Analysing the impact of fiscal decentralization on health outcomes: empirical evidence from Spain,APPLIED ECONOMICS LETTERS,2008,10.1080/13504850600770913,44
Life expectancy during the Covid-19 pandemic: A semi-parametric differencein-differences analysis,ECONOMICS BULLETIN,2022,,0
Playing dead pool against the contributions system,JOURNAL OF THE ECONOMICS OF AGEING,2021,10.1016/j.jeoa.2021.100342,0
LIFE EXPECTANCY COULD BE ACCRUED FOR ALL-EVENTS TEST,JOURNAL OF TAXATION,1989,,0
Estimating Disease-Free Life Expectancy Based on Clinical Data from the French Hospital Discharge Database,RISKS,2024,10.3390/risks12060092,0
"Transport infrastructure, CO2 emissions, mortality, and life expectancy in the Global South",TRANSPORT POLICY,2022,10.1016/j.tranpol.2022.09.025,18
The contribution of improved joint survival conditions to living standards: an equivalent consumption approach,SOCIAL CHOICE AND WELFARE,2016,10.1007/s00355-015-0919-y,3
Aging Population and Public Pensions: Theory and Macroeconometric Evidence,PANOECONOMICUS,2014,10.2298/PAN1403289V,13
"Life expectancy, human capital, social security and growth",JOURNAL OF PUBLIC ECONOMICS,2006,10.1016/j.jpubeco.2006.07.001,31
Socioeconomic determinants of health status in Nigeria (1980 - 2014),AFRICAN REVIEW OF ECONOMICS AND FINANCE-AREF,2019,,4
Exploring the Status of Life Expectancy at Birth in Indian States and the Evolving Health Perspectives for well-being,PACIFIC BUSINESS REVIEW INTERNATIONAL,2022,,0
HEALTH STATUS OF THE RURAL POPULATION IN POLAND,MANAGEMENT THEORY AND STUDIES FOR RURAL BUSINESS AND INFRASTRUCTURE,2014,10.15544/mts.2014.020,7
Two-Population Mortality Forecasting: An Approach Based on Model Averaging,RISKS,2024,10.3390/risks12040060,1
Life expectancy and human capital: New empirical evidence,HEALTH ECONOMICS,2023,10.1002/hec.4626,5
Healthy life expectancy as a component of human capital development,ZHURNAL NOVAYA EKONOMICHESKAYA ASSOTSIATSIYA-JOURNAL OF THE NEW ECONOMIC,2024,10.31737/22212264_2024_3_129-153,0
Understanding the Rise in Life Expectancy Inequality,REVIEW OF ECONOMICS AND STATISTICS,2024,10.1162/rest_a_01148,5
Demographic Change and R&D-based Economic Growth,ECONOMICA,2017,10.1111/ecca.12195,16
Falls and impact on disability and healthy life expectancy in China: Evidence from the China Health and Retirement Longitudinal Survey (CHARLS),CHINA ECONOMIC REVIEW,2020,10.1016/j.chieco.2020.101426,4
The economics of aging with infectious and chronic diseases,ECONOMICS & HUMAN BIOLOGY,2024,10.1016/j.ehb.2023.101319,1
Determinants of Kuwait Economic Growth,MONTENEGRIN JOURNAL OF ECONOMICS,2023,10.14254/1800-5845/2023.19-4.4,1
Pensioners with reduced life expectancy and personal income tax incentives: Coverage of longevity risk,CUADERNOS DE ECONOMIA-SPAIN,2021,10.32826/cude.v44i125.1006,0
Life Expectancy Changes and Their Consequences for Pension System in Finland and the Czech Republic,STATISTIKA-STATISTICS AND ECONOMY JOURNAL,2023,10.54694/stat.2023.20,0
"Human capital formation, life expectancy, and the process of development",AMERICAN ECONOMIC REVIEW,2005,10.1257/000282805775014380,220
"Demographic change, technological advance, and growth: A cross-country analysis",ECONOMIC MODELLING,2022,10.1016/j.econmod.2021.105742,15
"EXPECTATIONS, LIFE EXPECTANCY, AND ECONOMIC-BEHAVIOR",QUARTERLY JOURNAL OF ECONOMICS,1985,10.2307/1885388,152
The Fundamentals of Longevity Risk,JOURNAL OF ALTERNATIVE INVESTMENTS,2014,10.3905/jai.2014.17.1.055,2
"Air pollution, mortality, at-risk population, new entry and life expectancy of the frail elderly in three US cities",STUDIES IN NONLINEAR DYNAMICS AND ECONOMETRICS,2021,10.1515/snde-2019-0098,3
"Life expectancy, schooling and lifetime labor supply: the Ben-Porath mechanism revisited",ECONOMICS BULLETIN,2015,,0
Cost-Effectiveness of Switching to Biphasic Insulin Aspart 30 from Human Insulin in Patients with Poorly Controlled Type 2 Diabetes in South Korea,VALUE IN HEALTH,2009,10.1111/j.1524-4733.2009.00628.x,10
Rising Geographic Disparities in US Mortality,JOURNAL OF ECONOMIC PERSPECTIVES,2021,10.1257/jep.35.4.123,36
Calculation of changes in life expectancy based on proportional hazards model of an intervention,INSURANCE MATHEMATICS & ECONOMICS,2020,10.1016/j.insmatheco.2020.04.006,5
Do drugs reduce utilisation of other healthcare resources?,PHARMACOECONOMICS,2007,10.2165/00019053-200725030-00004,15
DEVELOPMENT OF LIFE EXPECTANCY IN THE CZECH REPUBLIC IN YEARS 1920-2010 WITH AN OUTLOOK TO 2050,PRAGUE ECONOMIC PAPERS,2013,10.18267/j.pep.444,26
"CLIFE EXPECTANCY'S PROBABILISTIC FORECASTS FOR ROSARIO CITY, ARGENTINA",SABERES,2017,,0
"The environment, life expectancy, and growth in overlapping generations models: A survey",JOURNAL OF ECONOMIC SURVEYS,2024,10.1111/joes.12602,1
Guns and violence: The enduring impact of crack cocaine markets on young black males,JOURNAL OF PUBLIC ECONOMICS,2022,10.1016/j.jpubeco.2021.104581,4
Convergence of life expectancy in the European Union: a Markov approach,APPLIED ECONOMICS LETTERS,2007,10.1080/13504850500425261,6
Cohort and target age effects on subjective survival probabilities: Implications for models of the retirement phase,JOURNAL OF ECONOMIC DYNAMICS & CONTROL,2015,10.1016/j.jedc.2015.03.003,26
I AM IMMORTAL,ECONOMIC INQUIRY,2017,10.1111/ecin.12419,0
Mortality and socio-economic differences in Denmark: a competing risks proportional hazard model,ECONOMICS & HUMAN BIOLOGY,2005,10.1016/j.ehb.2004.10.001,17
Progress in Health around the World,JOURNAL OF DEVELOPMENT STUDIES,2012,10.1080/00220388.2012.663907,20
Assessment of the Effectiveness of Public Investment in the Increase in Life Expectancy,ECONOMIC AND SOCIAL CHANGES-FACTS TRENDS FORECAST,2015,,0
"DEATH RATES, LIFE EXPECTANCY AND CHINA ECONOMIC-REFORMS - A CRITIQUE OF SEN,A.K.",WORLD DEVELOPMENT,1992,10.1016/0305-750X(92)90078-A,15
HIV and sexual behavior change: Why not Africa?,JOURNAL OF HEALTH ECONOMICS,2012,10.1016/j.jhealeco.2011.12.006,78
"Age, longevity, and preferences",JOURNAL OF THE ECONOMICS OF AGEING,2023,10.1016/j.jeoa.2022.100427,2
The gender gap in life expectancy and lifespan disparity as social risk indicators for international countries: A fuzzy clustering approach,SOCIO-ECONOMIC PLANNING SCIENCES,2024,10.1016/j.seps.2023.101712,0
Should life potential be a better alternative to life expectancy at birth? an Indian illustration,ECONOMICS BULLETIN,2013,,0
The Wealth-Health Nexus: New Global Evidence,ATLANTIC ECONOMIC JOURNAL,2013,10.1007/s11293-012-9347-x,1
Health expenditure and socio-economic determinants of life expectancy in the OECD Asia/Pacific area countries,APPLIED ECONOMICS LETTERS,2017,10.1080/13504851.2016.1173174,15
The New Demographic Transition: Most Gains in Life Expectancy Now Realized Late in Life,JOURNAL OF ECONOMIC PERSPECTIVES,2012,10.1257/jep.26.3.137,75
Which Institutions are Good for Your Health? The Deep Determinants of Comparative Cross-country Health Status,JOURNAL OF DEVELOPMENT STUDIES,2010,10.1080/00220380903428399,17
"The Lost Ones: The Opportunities and Outcomes of White, Non-College-Educated Americans Born in the 1960s",NBER MACROECONOMICS ANNUAL,2020,10.1086/707173,2
ESTIMATES OF AVERAGE SERVICE LIFE AND LIFE EXPECTANCIES AND THE STANDARD DEVIATION OF SUCH ESTIMATES,ECONOMETRICA,1943,10.2307/1909264,3
Distributionally sensitive measurement and valuation of population health,JOURNAL OF HEALTH ECONOMICS,2024,10.1016/j.jhealeco.2023.102847,3
Mind the Gap: A Study of Cause-Specific Mortality by Socioeconomic Circumstances,NORTH AMERICAN ACTUARIAL JOURNAL,2018,10.1080/10920277.2017.1377621,9
Non-monotonicity in the longevity-income relationship,JOURNAL OF POPULATION ECONOMICS,2011,10.1007/s00148-009-0284-1,4
When Innovation Goes Wrong: Technological Regress and the Opioid Epidemic,JOURNAL OF ECONOMIC PERSPECTIVES,2021,10.1257/jep.35.4.171,12
Population aging and house prices: Who are we calling old?,JOURNAL OF THE ECONOMICS OF AGEING,2022,10.1016/j.jeoa.2022.100417,4
Estimating effect of healthcare expenditures and alcohol overconsumption on the health of the Russian population,ZHURNAL NOVAYA EKONOMICHESKAYA ASSOTSIATSIYA-JOURNAL OF THE NEW ECONOMIC,2023,10.31737/22212264_2023_3_66-78,0
Estimation of Quality-Adjusted Life Expectancy in Patients Under Prolonged Mechanical Ventilation,VALUE IN HEALTH,2011,10.1016/j.jval.2010.09.006,11
"Terminal costs, improved life expectancy and future public health expenditure",INTERNATIONAL JOURNAL OF HEALTH CARE FINANCE & ECONOMICS,2012,10.1007/s10754-012-9106-1,23
THE MACROECONOMIC DETERMINANTS OF LIFE EXPECTANCY IN POLAND,GOSPODARKA NARODOWA,2009,,0
The international epidemiological transition and the education gender gap,JOURNAL OF ECONOMIC GROWTH,2020,10.1007/s10887-020-09175-6,15
New Findings on Older People's Life Expectancies Confirm Gompertz Law: <i>The Impact on the Value of Securitized Life Settlements</i>,JOURNAL OF STRUCTURED FINANCE,2014,10.3905/jsf.2014.20.2.066,0
The welfare cost of violence across countries,JOURNAL OF HEALTH ECONOMICS,2006,10.1016/j.jhealeco.2005.10.007,33
Life expectancy and Social Security: why longevity indexing the payroll tax rate makes good economic sense,JOURNAL OF POST KEYNESIAN ECONOMICS,2000,10.1080/01603477.2000.11490255,1
Health and growth: causality through education,CHINA AGRICULTURAL ECONOMIC REVIEW,2010,10.1108/17561371011078444,3
"Smoking, life expectancy, and chronic disease in South Korea, Singapore, and the United States: A microsimulation model",HEALTH ECONOMICS,2021,10.1002/hec.3978,9
Years of life lost due to metastatic melanoma in 12 countries,JOURNAL OF MEDICAL ECONOMICS,2016,10.3111/13696998.2015.1115764,9
Mortality models incorporating long memory for life table estimation: a comprehensive analysis,ANNALS OF ACTUARIAL SCIENCE,2021,10.1017/S1748499521000014,13
"Death, Dollars and Degrees: Socio-economic Status and Longevity in Australia",ECONOMIC PAPERS,2011,10.1111/j.1759-3441.2011.00127.x,23
Inequality in the golden years: Wealth gradients in disability-free and work-free longevity in the United States,JOURNAL OF HEALTH ECONOMICS,2023,10.1016/j.jhealeco.2023.102820,0
Demography and low-frequency capital flows,JOURNAL OF INTERNATIONAL ECONOMICS,2014,10.1016/j.jinteco.2014.01.006,30
Retirement Security in an Aging Population,AMERICAN ECONOMIC REVIEW,2014,10.1257/aer.104.5.1,109
THE RELATIONSHIP BETWEEN HEALTH-DEMOGRAPHICS AND SOCIO-ECONOMIC SITUATION IN THE REPUBLIC OF NORTH OSSETIA-ALANIA,TERRA ECONOMICUS,2013,,0
Actual life expectancy or actuarial tables for cancer victim? CA-5 reverses Tax Court and applies tables,JOURNAL OF TAXATION,1998,,0
Endogenous longevity and the joint dynamics of pollution and capital accumulation,ENVIRONMENT AND DEVELOPMENT ECONOMICS,2014,10.1017/S1355770X13000466,9
Addressing Longevity Inequality: How Retirement Age Differentiation Can Be Implemented,CESIFO ECONOMIC STUDIES,2024,10.1093/cesifo/ifad012,0
Health and economic development since 1900,ECONOMICS & HUMAN BIOLOGY,2018,10.1016/j.ehb.2018.08.009,18
Subnational Mortality Modelling: A Bayesian Hierarchical Model with Common Factors,RISKS,2021,10.3390/risks9110203,4
A STUDY ON LONGEVITY FACTOR: THE CASE OF GOVERNMENT PENSIONER IN MALAYSIA,INTERNATIONAL JOURNAL OF BUSINESS AND SOCIETY,2015,,1
Population and Conflict,REVIEW OF ECONOMIC STUDIES,2020,10.1093/restud/rdz042,32
"On Economic Sanctions, Okun's Misery Index, Male Premature Mortality, and Possible Directions of Small Enterprise Development in Russia",JOURNAL OF EAST-WEST BUSINESS,2014,10.1080/10669868.2014.968751,3
Longevity and life-cycle savings,SCANDINAVIAN JOURNAL OF ECONOMICS,2003,10.1111/1467-9442.t01-1-00001,171
Health Inequalities Across The European Union Regions: A Beta-Convergence Approach,COMPARATIVE ECONOMIC RESEARCH-CENTRAL AND EASTERN EUROPE,2014,10.2478/cer-2014-0033,12
Insight into stagnating adult life expectancy: Analyzing cause of death patterns across socioeconomic groups,HEALTH ECONOMICS,2020,10.1002/hec.4166,11
The impact of decentralisation on the performance of health care systems: a non-linear relationship,EUROPEAN JOURNAL OF HEALTH ECONOMICS,2022,10.1007/s10198-021-01390-1,15
Life expectancy as a constructed belief: Evidence of a live-to or die-by framing effect,JOURNAL OF RISK AND UNCERTAINTY,2013,10.1007/s11166-012-9158-0,44
"Mortality reductions, educational attainment, and fertility choice",AMERICAN ECONOMIC REVIEW,2005,10.1257/0002828054201486,199
A mixed blessing of lifespan heterogeneity,JOURNAL OF THE JAPANESE AND INTERNATIONAL ECONOMIES,2013,10.1016/j.jjie.2013.07.001,1
"Parental altruism, life expectancy and dynamically inefficient equilibria",JOURNAL OF ECONOMIC DYNAMICS & CONTROL,2009,10.1016/j.jedc.2009.05.002,4
Can Wealth Buy Health? A Model of Pecuniary and Non-Pecuniary Investments in Health,JOURNAL OF THE EUROPEAN ECONOMIC ASSOCIATION,2023,10.1093/jeea/jvad044,2
HEALTH-LED GROWTH SINCE 1800,MACROECONOMIC DYNAMICS,2018,10.1017/S1365100516000468,11
Explaining educational attainment across countries and over time,REVIEW OF ECONOMIC DYNAMICS,2014,10.1016/j.red.2014.03.002,19
"HOUSEHOLD SAVING IN CHINA: THE KEYNESIAN HYPOTHESIS, LIFE-CYCLE HYPOTHESIS, AND PRECAUTIONARY SAVING THEORY",DEVELOPING ECONOMIES,2013,10.1111/deve.12026,2
Disentangling the effects of morbidity and life expectancy on labor market outcomes,HEALTH ECONOMICS,2002,10.1002/hec.753,17
A life insurance deterrent to risky behavior in Africa,JOURNAL OF POLICY MODELING,2015,10.1016/j.jpolmod.2015.03.018,0
The reform of the Spanish public pension system: The sustainability factor,REVISTA FINANZAS Y POLITICA ECONOMICA,2018,10.14718/revfinanzpolitecon.2018.10.1.2,2
The effect of health on economic growth: A production function approach,WORLD DEVELOPMENT,2004,10.1016/j.worlddev.2003.07.002,614
RELATION BETWEEN HDI INDICATORS AND ECONOMIC GROWTH: AN EVIDENCE FROM INDIA'S PERFORMANCE,JIMS8M-THE JOURNAL OF INDIAN MANAGEMENT & STRATEGY,2024,10.5958/0973-9343.2024.00019.4,0
Why the Increase in the Retirement Age Will Lead to more Inequality and Poverty? An Ignored Fairness Problem,PANOECONOMICUS,2023,10.2298/PAN190531004S,1
The Impact of Reducing the Pension Generosity on Inequality and Schooling,ECONOMIST-NETHERLANDS,2020,10.1007/s10645-020-09359-w,4
Assessing the Effect of Trade Openness on Health in the MENA Region: a Panel Data Analysis,OPEN ECONOMIES REVIEW,2018,10.1007/s11079-017-9450-3,9
A short note on measuring subjective life expectancy: survival probabilities versus point estimates,EUROPEAN JOURNAL OF HEALTH ECONOMICS,2017,10.1007/s10198-015-0754-1,5
"Pharmaceutical consumption, economic growth and life expectancy in the OECD: the application of a new causal direction from dependency algorithm and a DeepNet process",JOURNAL OF ECONOMIC STUDIES,2024,10.1108/JES-02-2024-0066,0
"Aging, growth and the allocation of public expenditures on health and education",CANADIAN JOURNAL OF ECONOMICS-REVUE CANADIENNE D ECONOMIQUE,2014,10.1111/caje.12113,8
50 is the new 30-long-run trends of schooling and retirement explained by human aging,JOURNAL OF ECONOMIC GROWTH,2016,10.1007/s10887-015-9124-1,22
Building blocks for a mortality index: an international context,EUROPEAN ACTUARIAL JOURNAL,2011,10.1007/s13385-011-0014-4,3
The relationship between FDI and population health in Sub-Saharan Africa: The role of per-capita income,ECONOMICS BULLETIN,2024,,0
An Intersectional Approach to Quantifying the Impact of Geographic Remoteness and Health Disparities on Quality-Adjusted Life Expectancy: Application to Australia,VALUE IN HEALTH,2023,10.1016/j.jval.2023.08.013,0
"The quality of medical care, behavioral risk factors, and longevity growth",INTERNATIONAL JOURNAL OF HEALTH CARE FINANCE & ECONOMICS,2011,10.1007/s10754-010-9086-y,29
How do subjective life expectancies compare with mortality tables? Similarities and differences in three national samples,JOURNAL OF THE ECONOMICS OF AGEING,2020,10.1016/j.jeoa.2020.100241,11
"Longevity, pollution and growth",MATHEMATICAL SOCIAL SCIENCES,2014,10.1016/j.mathsocsci.2014.01.005,19
Disparate ageing: The role of education and socioeconomic gradients in future health and disability in an international context,HEALTH ECONOMICS,2021,10.1002/hec.4374,4
"Official development assistance, income per capita and health outcomes in developing countries: Is Africa different?",COGENT ECONOMICS & FINANCE,2020,10.1080/23322039.2020.1774970,5
The costs and benefits of community thrombolysis for acute myocardial infarction - A decision-analytic model,PHARMACOECONOMICS,2004,10.2165/00019053-200422140-00004,3
FAIR RETIREMENT UNDER RISKY LIFETIME,INTERNATIONAL ECONOMIC REVIEW,2016,10.1111/iere.12152,20
"Age of Pension Eligibility, Gains in Life Expectancy, and Social Policy",CANADIAN PUBLIC POLICY-ANALYSE DE POLITIQUES,2011,10.3138/cpp.37.2.183,10
Long-term cross-effects between health and income: Mexico 1950-1995,TRIMESTRE ECONOMICO,2002,,2
"Basic Needs, Government Debt and Economic Growth",WORLD ECONOMY,2009,10.1111/j.1467-9701.2009.01181.x,14
On the Modeling and Forecasting of Socioeconomic Mortality Differentials: An Application to Deprivation and Mortality in England,NORTH AMERICAN ACTUARIAL JOURNAL,2014,10.1080/10920277.2013.866034,79
Asymmetric information in secondary insurance markets: Evidence from the life settlements market,QUANTITATIVE ECONOMICS,2020,10.3982/QE1333,8
Interchangeability of the median operator with the present value operator,APPLIED ECONOMICS LETTERS,2012,10.1080/13504851.2011.583213,0
Optimal demand for medical and long-term care,JOURNAL OF THE ECONOMICS OF AGEING,2022,10.1016/j.jeoa.2022.100400,4
Implications of Climate-Related Factors on Living Standards: Evidence from Sub-Saharan Africa,ECONOMICS BULLETIN,2019,,2
Is there a link between pharmaceutical consumption and improved health in OECD countries?,PHARMACOECONOMICS,2000,10.2165/00019053-200018001-00006,31
Demographic consequences of HIV,JOURNAL OF POPULATION ECONOMICS,2015,10.1007/s00148-015-0547-y,10
Estimating the welfare gains from anti-retroviral therapy in Sub-Saharan Africa,JOURNAL OF HEALTH ECONOMICS,2023,10.1016/j.jhealeco.2023.102777,2
Effect of Income Inequality on Health Status in a Selection of Middle and Low Income Countries,EQUILIBRIUM-QUARTERLY JOURNAL OF ECONOMICS AND ECONOMIC POLICY,2014,10.12775/EQUIL.2014.029,3
On the management of retirement age indexed to life expectancy: a scenario analysis of the Italian longevity experience,JOURNAL OF RISK FINANCE,2020,10.1108/JRF-01-2020-0012,3
Does Trade Openness and Environmental Quality Matter for Health Status? Evidence from African Countries,JOURNAL OF THE KNOWLEDGE ECONOMY,2024,10.1007/s13132-023-01197-w,6
Estimating the Effect of School Quality on Mortality in the Presence of Migration: Evidence from the Jim Crow South,JOURNAL OF LABOR ECONOMICS,2021,10.1086/709783,9
The Impact of Life Expectancies on the Life Settlement Industry,JOURNAL OF STRUCTURED FINANCE,2012,10.3905/jsf.2012.18.1.131,0
"ECONOMICALLY ACTIVE LIFE EXPECTANCY, REVIVAL OF FEMALE ACTIVITY - A MODEL",REVUE ECONOMIQUE,1980,,5
Modelling multi-state health transitions in China: a generalised linear model with time trends,ANNALS OF ACTUARIAL SCIENCE,2019,10.1017/S1748499518000167,11
The Public Economics of Increasing Longevity,HACIENDA PUBLICA ESPANOLA-REVIEW OF PUBLIC ECONOMICS,2012,,3
The contribution of increased life expectancy to economic development in twentieth century Japan,JOURNAL OF ASIAN ECONOMICS,2009,10.1016/j.asieco.2009.04.006,7
Beer Annuities: <i>Hold the Interest and Principal</i>,JOURNAL OF DERIVATIVES,2017,10.3905/jod.2017.24.4.108,1
The impact of early-life economic conditionson cause-specific mortality during adulthood,JOURNAL OF POPULATION ECONOMICS,2014,10.1007/s00148-013-0497-1,17
MEASURING HEALTH INEQUALITY WITH REALIZATION OF POTENTIAL LIFE YEARS (RePLY),HEALTH ECONOMICS,2009,10.1002/hec.1461,6
A discrete choice experiment to assess patients' preferences for HIV treatment in the urban population in Colombia,JOURNAL OF MEDICAL ECONOMICS,2020,10.1080/13696998.2020.1735399,8
Modelling cause-of-death mortality and the impact of cause-elimination,ANNALS OF ACTUARIAL SCIENCE,2015,10.1017/S174849951400027X,25
Forecasting mortality inequalities in the US based on trends in midlife health,JOURNAL OF HEALTH ECONOMICS,2021,10.1016/j.jhealeco.2021.102540,4
The evolution of human life expectancy and intelligence in hunter-gatherer economies,AMERICAN ECONOMIC REVIEW,2003,10.1257/000282803321455205,84
SPORTS AND CLEAN ENVIRONMENT: KEY DRIVERS OF HEALTH AND LONGEVITY IN THE EUROPEAN UNION,AMFITEATRU ECONOMIC,2024,10.24818/EA/2024/67/975,1
Empirical study about the effect of parental and child longevity on child education under COVID-19,INTERNATIONAL JOURNAL OF ECONOMIC POLICY STUDIES,2024,10.1007/s42495-024-00131-5,1
Policy Implications of Changing Longevity*,CESIFO ECONOMIC STUDIES,2014,10.1093/cesifo/ifs042,2
Human capital and economic development,JOURNAL OF DEVELOPMENT ECONOMICS,2006,10.1016/j.jdeveco.2004.12.003,141
The Impact of Public Health Expenditure on Health Component of Human Capital,INZINERINE EKONOMIKA-ENGINEERING ECONOMICS,2020,10.5755/j01.ee.31.3.25158,10
A long life in good health: subjective expectations regarding length and future health-related quality of life,EUROPEAN JOURNAL OF HEALTH ECONOMICS,2016,10.1007/s10198-015-0701-1,30
Population Aging and Growth: The Effect of Pay-as-You-Go Pension Reform,FINANZARCHIV,2015,10.1628/001522115X14385891669698,5
Population Aging and Work Life Duration in Canada,CANADIAN PUBLIC POLICY-ANALYSE DE POLITIQUES,2023,10.3138/cpp.2022-048,1
"YEARS OF LIFE LOST FROM CANCER: TRENDS AND DIFFERENTIALS BY SEX IN CORDOBA, ARGENTINA, 2000-2009 PERIOD",SABERES,2017,,0
From physical to human capital accumulation: Effects of mortality changes,REVIEW OF ECONOMIC DYNAMICS,2019,10.1016/j.red.2019.03.005,6
Risk Aversion and the Value of Life,REVIEW OF ECONOMIC STUDIES,2017,10.1093/restud/rdw053,23
Technological changes and population growth: The role of land in England,ECONOMIC MODELLING,2019,10.1016/j.econmod.2018.10.014,2
Human development in Africa: A long-run perspective,EXPLORATIONS IN ECONOMIC HISTORY,2013,10.1016/j.eeh.2013.01.001,19
Healthy life expectancy in China: Modelling and implications for public and private insurance,ANNALS OF ACTUARIAL SCIENCE,2021,10.1017/S1748499520000135,6
"R&D-driven medical progress, health care costs, and the future of human longevity",JOURNAL OF THE ECONOMICS OF AGEING,2021,10.1016/j.jeoa.2020.100286,7
THE RELATIONSHIP BETWEEN HEALTH AND GDP IN OECD COUNTRIES IN THE VERY LONG RUN,HEALTH ECONOMICS,2011,10.1002/hec.1590,95
"Is Ageing a Drag on Productivity Growth? A Review Article on <i>Ageing</i>, <i>Health and Productivity</i>: <i>The Economics of Increased Life Expectancy</i>",INTERNATIONAL PRODUCTIVITY MONITOR,2011,,21
The great health challenge: levelling up the UK,GENEVA PAPERS ON RISK AND INSURANCE-ISSUES AND PRACTICE,2024,10.1057/s41288-024-00317-0,0
"<i>Un</i>bitten, yet <i>un</i>deterred: the Salem witch trials as a demand-pull phenomenon",HUMANOMICS,2008,10.1108/08288660810917169,1
The Social Distribution of Health: Estimating Quality-Adjusted Life Expectancy in England,VALUE IN HEALTH,2015,10.1016/j.jval.2015.03.1784,56
Self-Preservation Behavior: Generational Aspect,ECONOMIC AND SOCIAL CHANGES-FACTS TRENDS FORECAST,2021,10.15838/esc.2021.5.77.15,2
Troubling tradeoffs in the Human Development Index,JOURNAL OF DEVELOPMENT ECONOMICS,2012,10.1016/j.jdeveco.2012.01.003,121
Approximations for quantiles of life expectancy and annuity values using the parametric improvement rate approach to modelling and projecting mortality,EUROPEAN ACTUARIAL JOURNAL,2013,10.1007/s13385-013-0065-9,1
Life settlements: descriptive analysis and quantitative aspects,CUADERNOS DE GESTION,2021,10.5295/cdg.191209lg,4
Identification of a Triangular Two Equation System Without Instruments,JOURNAL OF BUSINESS & ECONOMIC STATISTICS,2024,10.1080/07350015.2023.2166052,4
EFFECT OF PUBLIC HEALTH INVESTMENT ON ECONOMIC DEVELOPMENT VIA SAVINGS AND FERTILITY,MACROECONOMIC DYNAMICS,2016,10.1017/S1365100514000911,2
The demographic deficit,JOURNAL OF MONETARY ECONOMICS,2018,10.1016/j.jmoneco.2017.11.005,26
"Demographic change, human capital accumulation, and sectoral employment",JOURNAL OF ECONOMICS,2021,10.1007/s00712-020-00716-6,9
Demographically based global income forecasts up to the year 2050,INTERNATIONAL JOURNAL OF FORECASTING,2007,10.1016/j.ijforecast.2007.07.005,17
Evaluation of efficiency of the public demographic initiatives,ECONOMIC AND SOCIAL CHANGES-FACTS TRENDS FORECAST,2014,,0
Using a Survey to Estimate Health Expectancy and Quality-Adjusted Life Expectancy to Assess Inequalities in Health and Quality of Life,VALUE IN HEALTH,2013,10.1016/j.jval.2013.01.004,17
On determinants of national suicide rates: evidence from Bayesian model averaging,APPLIED ECONOMICS,2024,10.1080/00036846.2023.2294272,0
Effects of life expectancy on economic growth: new results using the flexible Box-Cox power transformation model,APPLIED ECONOMICS LETTERS,2020,10.1080/13504851.2020.1713976,3
The gender gap in mortality: How much is explained by behavior?,JOURNAL OF HEALTH ECONOMICS,2017,10.1016/j.jhealeco.2017.04.002,62
A psychological approach to individual differences in intertemporal consumption patterns,JOURNAL OF ECONOMIC PSYCHOLOGY,2000,10.1016/S0167-4870(00)00014-3,11
"Ageing, chronic conditions and the evolution of future drugs expenditure: a five-year micro-simulation from 2004 to 2029",APPLIED ECONOMICS,2013,10.1080/00036846.2011.633895,14
Longevity and Lifetime Labor Supply: Evidence and Implications,ECONOMETRICA,2009,10.3982/ECTA8107,88
"EQ-5D-5L Population Norms and Quality-Adjusted Life Expectancy by Sociodemographic Characteristics and Modifiable Risk Factors for Adults in Queensland, Australia",VALUE IN HEALTH,2024,10.1016/j.jval.2024.02.007,1
Linking retirement age to life expectancy does not lessen the demographic implications of unequal lifespans,INSURANCE MATHEMATICS & ECONOMICS,2021,10.1016/j.insmatheco.2021.04.010,18
TUSKEGEE AND THE HEALTH OF BLACK MEN,QUARTERLY JOURNAL OF ECONOMICS,2018,10.1093/qje/qjx029,258
The standard of living in Latin America during the twentieth century,ECONOMIC HISTORY REVIEW,2005,10.1111/j.1468-0289.2005.00321.x,69
Skilled migration and health outcomes in developing countries,INTERNATIONAL JOURNAL OF HEALTH ECONOMICS AND MANAGEMENT,2019,10.1007/s10754-018-9242-3,18
Did the health of the Dutch population improve between 2001 and 2008? Investigating age- and gender-specific trends in quality of life,EUROPEAN JOURNAL OF HEALTH ECONOMICS,2015,10.1007/s10198-014-0630-4,8
Prospective ageing and economic growth in Europe,JOURNAL OF THE ECONOMICS OF AGEING,2014,10.1016/j.jeoa.2014.05.003,25
"Technology Adoption, Mortality and Population Dynamics",ECONOMIC JOURNAL,2024,10.1093/ej/ueae079,0
China's War on Pollution: Evidence from the First 5 Years,REVIEW OF ENVIRONMENTAL ECONOMICS AND POLICY,2021,10.1086/715550,119
Sustainable and equitable pensions with means testing in aging economies,EUROPEAN ECONOMIC REVIEW,2022,10.1016/j.euroecorev.2021.103947,11
"Rising Longevity, Increasing the Retirement Age, and the Consequences for Knowledge-based Long-run Growth",ECONOMICA,2023,10.1111/ecca.12445,3
"LONGEVITY, RETIREMENT, AND CAPITAL ACCUMULATION IN A RECURSIVE MODEL WITH AN APPLICATION TO MANDATORY RETIREMENT",MACROECONOMIC DYNAMICS,2009,10.1017/S1365100508080073,25
POPULATION AGING AND PUBLIC PENSION: THE CASE OF BEIJING ANALYZED BY AN OLG MODEL,SINGAPORE ECONOMIC REVIEW,2016,10.1142/S0217590815500459,2
Social indicators and comparisons of living standards,JOURNAL OF DEVELOPMENT ECONOMICS,2003,10.1016/S0304-3878(02)00107-4,35
Results from a Well-Being Survey in the North West of England: Inequalities in EQ-5D-Derived Quality-Adjusted Life Expectancy Are Mainly Driven by Pain and Mental Health,VALUE IN HEALTH,2017,10.1016/j.jval.2016.08.004,15
Living up to expectations: Experimental tests of subjective life expectancy as reference point in time trade-off and standard gamble,JOURNAL OF HEALTH ECONOMICS,2020,10.1016/j.jhealeco.2020.102318,14
"Demography, Human Capital Investment, and Lifetime Earnings for Women and Men",EASTERN ECONOMIC JOURNAL,2024,10.1057/s41302-024-00273-6,0
Linking Retirement Age to Life Expectancy in a Bismarckian System - The Case of Germany,NATIONAL INSTITUTE ECONOMIC REVIEW,2016,10.1177/002795011623700113,0
Polarization of life expectancy across countries: Does biological and cultural distance to the health technological frontier matter?,SCOTTISH JOURNAL OF POLITICAL ECONOMY,2018,10.1111/sjpe.12167,1
"HIV pandemic, medical brain drain, and economic development in Sub-Saharan Africa",WORLD BANK ECONOMIC REVIEW,2008,10.1093/wber/lhn005,54
Autopsy on an empire: Understanding mortality in Russia and the former soviet union,JOURNAL OF ECONOMIC PERSPECTIVES,2005,10.1257/0895330053147921,137
A CENTURY OF HUMAN CAPITAL AND HOURS,ECONOMIC INQUIRY,2013,10.1111/j.1465-7295.2012.00497.x,25
"Longevity, life-cycle behavior and pension reform",JOURNAL OF ECONOMETRICS,2014,10.1016/j.jeconom.2013.08.038,36
Optimal design of pension rule with flexible retirement: The two-type case,JOURNAL OF ECONOMICS,2006,10.1007/s00712-006-0196-4,15
How to Predict Drug Expenditure: A Markov Model Approach with Risk Classes,PHARMACOECONOMICS,2023,10.1007/s40273-023-01240-3,0
The discount rate and the value of remaining years of life,ECONOMICS LETTERS,2012,10.1016/j.econlet.2011.08.003,2
Comparing Preferences for Disease Profiles: A Discrete Choice Experiment from a US Societal Perspective,APPLIED HEALTH ECONOMICS AND HEALTH POLICY,2024,10.1007/s40258-023-00869-7,0
Health as a fundamental basis of population life quality,ECONOMIC ANNALS-XXI,2019,10.21003/ea.V180-21,1
DYNAMICS AND STRATEGIC DIRECTIONS OF PUBLIC HEALTH PRESERVATION IN RUSSIAN FEDERATION,ENTREPRENEURSHIP AND SUSTAINABILITY ISSUES,2019,10.9770/jesi.2019.6.3(23),3
Counting the cost of inequality,JOURNAL OF DEMOGRAPHIC ECONOMICS,2023,10.1017/dem.2023.12,0
